split,model,source_file,true_label,mean_probability_prediction,majority_vote_prediction,window_count,condition_type,rpm_nominal,load_nm,mean_probability_bearing_ball,mean_probability_bearing_inner,mean_probability_bearing_outer,mean_probability_healthy
source_file,xgboost,data/raw/mcc5_thu_motor/MCC5-THU Motor/MCC5-THU Motor_speed_circulation/bearing_ball_H_speed_circulation_20Nm_3000rpm_250707144104.csv,bearing_ball,bearing_ball,bearing_ball,179,speed_circulation,3000.0,20.0,0.9972292184829712,0.0015888072084635496,0.001041362527757883,0.00014059513341635466
source_file,xgboost,data/raw/mcc5_thu_motor/MCC5-THU Motor/MCC5-THU Motor_speed_circulation/bearing_ball_L_speed_circulation_40Nm_2000rpm_250707160240.csv,bearing_ball,bearing_ball,bearing_ball,179,speed_circulation,2000.0,40.0,0.9869093894958496,0.005922960117459297,0.0015634058509021997,0.005604181904345751
source_file,xgboost,data/raw/mcc5_thu_motor/MCC5-THU Motor/MCC5-THU Motor_speed_circulation/bearing_inner_H_speed_circulation_20Nm_1000rpm_250704090137.csv,bearing_inner,bearing_inner,bearing_inner,179,speed_circulation,1000.0,20.0,0.004614978097379208,0.9791393876075745,0.015781419351696968,0.0004642984422389418
source_file,xgboost,data/raw/mcc5_thu_motor/MCC5-THU Motor/MCC5-THU Motor_speed_circulation/bearing_outer_H_speed_circulation_40Nm_3000rpm_250707105959.csv,bearing_outer,bearing_outer,bearing_outer,179,speed_circulation,3000.0,40.0,0.0007901657954789698,0.012011442333459854,0.9871072769165039,9.116526052821428e-05
source_file,xgboost,data/raw/mcc5_thu_motor/MCC5-THU Motor/MCC5-THU Motor_speed_circulation/health_speed_circulation_40Nm_3000rpm_250702162804.csv,healthy,healthy,healthy,179,speed_circulation,3000.0,40.0,0.004296023864299059,0.001813315786421299,0.001586200320161879,0.9923044443130493
source_file,xgboost,data/raw/mcc5_thu_motor/MCC5-THU Motor/MCC5-THU Motor_torque_circulation/bearing_ball_H_torque_circulation_20Nm_1000rpm_250707135802d.csv,bearing_ball,bearing_ball,bearing_ball,179,torque_circulation,1000.0,20.0,0.9980230331420898,0.0002498400572221726,0.0015684477984905243,0.00015872137737460434
source_file,xgboost,data/raw/mcc5_thu_motor/MCC5-THU Motor/MCC5-THU Motor_torque_circulation/bearing_inner_H_torque_circulation_20Nm_1000rpm_250704084736d.csv,bearing_inner,bearing_inner,bearing_inner,179,torque_circulation,1000.0,20.0,0.00027099860017187893,0.9991641640663147,0.0005011949688196182,6.359462713589892e-05
source_file,xgboost,data/raw/mcc5_thu_motor/MCC5-THU Motor/MCC5-THU Motor_torque_circulation/bearing_inner_H_torque_circulation_20Nm_2000rpm_250704084956d.csv,bearing_inner,bearing_inner,bearing_inner,179,torque_circulation,2000.0,20.0,9.91419074125588e-05,0.9996584057807922,0.00019938024342991412,4.303788227844052e-05
source_file,xgboost,data/raw/mcc5_thu_motor/MCC5-THU Motor/MCC5-THU Motor_torque_circulation/bearing_inner_L_torque_circulation_20Nm_3000rpm_250707112823d.csv,bearing_inner,bearing_inner,bearing_inner,179,torque_circulation,3000.0,20.0,0.00020576499809976667,0.9988330006599426,0.0003705380077008158,0.0005907561280764639
source_file,xgboost,data/raw/mcc5_thu_motor/MCC5-THU Motor/MCC5-THU Motor_torque_circulation/bearing_outer_H_torque_circulation_20Nm_1000rpm_250707103949d.csv,bearing_outer,bearing_outer,bearing_outer,179,torque_circulation,1000.0,20.0,0.0003212452866137028,0.00010471574933035299,0.9995228052139282,5.126315954839811e-05
source_file,xgboost,data/raw/mcc5_thu_motor/MCC5-THU Motor/MCC5-THU Motor_torque_circulation/bearing_outer_L_torque_circulation_40Nm_1000rpm_250708094205d.csv,bearing_outer,bearing_outer,bearing_outer,179,torque_circulation,1000.0,40.0,0.0004958809586241841,0.00067197933094576,0.9987832903862,4.883941073785536e-05
source_file,xgboost,data/raw/mcc5_thu_motor/MCC5-THU Motor/MCC5-THU Motor_torque_circulation/health_torque_circulation_40Nm_3000rpm_250702160849d.csv,healthy,healthy,healthy,179,torque_circulation,3000.0,40.0,0.0002384567924309522,0.00025085260858759284,0.0005655957502312958,0.9989451766014099
cross_condition,random_forest,data/raw/mcc5_thu_motor/MCC5-THU Motor/MCC5-THU Motor_torque_circulation/bearing_ball_H_torque_circulation_20Nm_1000rpm_250707135802d.csv,bearing_ball,bearing_ball,bearing_ball,179,torque_circulation,1000.0,20.0,0.8848603351955308,0.006145251396648045,0.10717877094972068,0.0018156424581005591
cross_condition,random_forest,data/raw/mcc5_thu_motor/MCC5-THU Motor/MCC5-THU Motor_torque_circulation/bearing_ball_H_torque_circulation_20Nm_2000rpm_250707140027d.csv,bearing_ball,bearing_ball,bearing_ball,179,torque_circulation,2000.0,20.0,0.8920670391061453,0.0025418994413407823,0.10220670391061454,0.0031843575418994416
cross_condition,random_forest,data/raw/mcc5_thu_motor/MCC5-THU Motor/MCC5-THU Motor_torque_circulation/bearing_ball_H_torque_circulation_20Nm_3000rpm_250707140229d.csv,bearing_ball,bearing_ball,bearing_ball,179,torque_circulation,3000.0,20.0,0.8284636871508381,0.007178770949720671,0.1624581005586592,0.0018994413407821228
cross_condition,random_forest,data/raw/mcc5_thu_motor/MCC5-THU Motor/MCC5-THU Motor_torque_circulation/bearing_ball_H_torque_circulation_40Nm_1000rpm_250707140440d.csv,bearing_ball,bearing_ball,bearing_ball,179,torque_circulation,1000.0,40.0,0.9472067039106146,0.006368715083798883,0.04284916201117319,0.0035754189944134083
cross_condition,random_forest,data/raw/mcc5_thu_motor/MCC5-THU Motor/MCC5-THU Motor_torque_circulation/bearing_ball_H_torque_circulation_40Nm_2000rpm_250707142821d.csv,bearing_ball,bearing_ball,bearing_ball,179,torque_circulation,2000.0,40.0,0.9279329608938549,0.012178770949720669,0.05606145251396648,0.003826815642458101
cross_condition,random_forest,data/raw/mcc5_thu_motor/MCC5-THU Motor/MCC5-THU Motor_torque_circulation/bearing_ball_H_torque_circulation_40Nm_3000rpm_250707143025d.csv,bearing_ball,bearing_ball,bearing_ball,179,torque_circulation,3000.0,40.0,0.9444972067039106,0.007122905027932962,0.047681564245810056,0.0006983240223463687
cross_condition,random_forest,data/raw/mcc5_thu_motor/MCC5-THU Motor/MCC5-THU Motor_torque_circulation/bearing_ball_L_torque_circulation_20Nm_1000rpm_250707153516d.csv,bearing_ball,bearing_ball,bearing_ball,179,torque_circulation,1000.0,20.0,0.9764804469273741,0.000977653631284916,0.010949720670391062,0.011592178770949722
cross_condition,random_forest,data/raw/mcc5_thu_motor/MCC5-THU Motor/MCC5-THU Motor_torque_circulation/bearing_ball_L_torque_circulation_20Nm_2000rpm_250707153733d.csv,bearing_ball,bearing_ball,bearing_ball,179,torque_circulation,2000.0,20.0,0.975558659217877,0.006983240223463687,0.006033519553072626,0.011424581005586595
cross_condition,random_forest,data/raw/mcc5_thu_motor/MCC5-THU Motor/MCC5-THU Motor_torque_circulation/bearing_ball_L_torque_circulation_20Nm_3000rpm_250707153938d.csv,bearing_ball,bearing_ball,bearing_ball,179,torque_circulation,3000.0,20.0,0.7640502793296089,0.08175977653631285,0.02916201117318436,0.12502793296089387
cross_condition,random_forest,data/raw/mcc5_thu_motor/MCC5-THU Motor/MCC5-THU Motor_torque_circulation/bearing_ball_L_torque_circulation_40Nm_1000rpm_250707154144d.csv,bearing_ball,bearing_ball,bearing_ball,179,torque_circulation,1000.0,40.0,0.9816480446927373,0.0014245810055865922,0.0069273743016759785,0.01
cross_condition,random_forest,data/raw/mcc5_thu_motor/MCC5-THU Motor/MCC5-THU Motor_torque_circulation/bearing_ball_L_torque_circulation_40Nm_2000rpm_250707154410d.csv,bearing_ball,bearing_ball,bearing_ball,179,torque_circulation,2000.0,40.0,0.9867039106145251,0.0024581005586592182,0.004273743016759777,0.006564245810055866
cross_condition,random_forest,data/raw/mcc5_thu_motor/MCC5-THU Motor/MCC5-THU Motor_torque_circulation/bearing_ball_L_torque_circulation_40Nm_3000rpm_250707154630d.csv,bearing_ball,bearing_ball,bearing_ball,179,torque_circulation,3000.0,40.0,0.9768715083798883,0.003044692737430168,0.008435754189944135,0.01164804469273743
cross_condition,random_forest,data/raw/mcc5_thu_motor/MCC5-THU Motor/MCC5-THU Motor_torque_circulation/bearing_inner_H_torque_circulation_20Nm_1000rpm_250704084736d.csv,bearing_inner,bearing_inner,bearing_inner,179,torque_circulation,1000.0,20.0,0.006368715083798883,0.9169553072625698,0.07664804469273744,2.793296089385475e-05
cross_condition,random_forest,data/raw/mcc5_thu_motor/MCC5-THU Motor/MCC5-THU Motor_torque_circulation/bearing_inner_H_torque_circulation_20Nm_2000rpm_250704084956d.csv,bearing_inner,bearing_inner,bearing_inner,179,torque_circulation,2000.0,20.0,0.004245810055865922,0.9295251396648044,0.0640223463687151,0.002206703910614525
cross_condition,random_forest,data/raw/mcc5_thu_motor/MCC5-THU Motor/MCC5-THU Motor_torque_circulation/bearing_inner_H_torque_circulation_20Nm_3000rpm_250704085209d.csv,bearing_inner,bearing_inner,bearing_inner,179,torque_circulation,3000.0,20.0,0.014134078212290504,0.8839385474860336,0.10053072625698327,0.0013966480446927375
cross_condition,random_forest,data/raw/mcc5_thu_motor/MCC5-THU Motor/MCC5-THU Motor_torque_circulation/bearing_inner_H_torque_circulation_40Nm_1000rpm_250704085422d.csv,bearing_inner,bearing_inner,bearing_inner,179,torque_circulation,1000.0,40.0,0.004329608938547487,0.9405307262569833,0.055027932960893866,0.000111731843575419
cross_condition,random_forest,data/raw/mcc5_thu_motor/MCC5-THU Motor/MCC5-THU Motor_torque_circulation/bearing_inner_H_torque_circulation_40Nm_2000rpm_250704085637d.csv,bearing_inner,bearing_inner,bearing_inner,179,torque_circulation,2000.0,40.0,0.0024860335195530728,0.9628770949720672,0.03365921787709497,0.0009776536312849163
cross_condition,random_forest,data/raw/mcc5_thu_motor/MCC5-THU Motor/MCC5-THU Motor_torque_circulation/bearing_inner_H_torque_circulation_40Nm_3000rpm_250704085907d.csv,bearing_inner,bearing_inner,bearing_inner,179,torque_circulation,3000.0,40.0,0.005698324022346369,0.936731843575419,0.05466480446927374,0.002905027932960894
cross_condition,random_forest,data/raw/mcc5_thu_motor/MCC5-THU Motor/MCC5-THU Motor_torque_circulation/bearing_inner_L_torque_circulation_20Nm_1000rpm_250707112415d.csv,bearing_inner,bearing_inner,bearing_inner,179,torque_circulation,1000.0,20.0,0.011229050279329607,0.8844692737430168,0.10402234636871507,0.0002793296089385475
cross_condition,random_forest,data/raw/mcc5_thu_motor/MCC5-THU Motor/MCC5-THU Motor_torque_circulation/bearing_inner_L_torque_circulation_20Nm_2000rpm_250707112622d.csv,bearing_inner,bearing_inner,bearing_inner,179,torque_circulation,2000.0,20.0,0.000670391061452514,0.9737150837988827,0.025055865921787705,0.000558659217877095
cross_condition,random_forest,data/raw/mcc5_thu_motor/MCC5-THU Motor/MCC5-THU Motor_torque_circulation/bearing_inner_L_torque_circulation_20Nm_3000rpm_250707112823d.csv,bearing_inner,bearing_inner,bearing_inner,179,torque_circulation,3000.0,20.0,0.004050279329608939,0.9543575418994416,0.028715083798882685,0.01287709497206704
cross_condition,random_forest,data/raw/mcc5_thu_motor/MCC5-THU Motor/MCC5-THU Motor_torque_circulation/bearing_inner_L_torque_circulation_40Nm_1000rpm_250707113035d.csv,bearing_inner,bearing_inner,bearing_inner,179,torque_circulation,1000.0,40.0,0.003128491620111732,0.9661173184357542,0.030251396648044698,0.0005027932960893855
cross_condition,random_forest,data/raw/mcc5_thu_motor/MCC5-THU Motor/MCC5-THU Motor_torque_circulation/bearing_inner_L_torque_circulation_40Nm_2000rpm_250707113243d.csv,bearing_inner,bearing_inner,bearing_inner,179,torque_circulation,2000.0,40.0,0.0004748603351955307,0.9867597765363129,0.0123463687150838,0.0004189944134078213
cross_condition,random_forest,data/raw/mcc5_thu_motor/MCC5-THU Motor/MCC5-THU Motor_torque_circulation/bearing_inner_L_torque_circulation_40Nm_3000rpm_250707113444d.csv,bearing_inner,bearing_inner,bearing_inner,179,torque_circulation,3000.0,40.0,0.001005586592178771,0.9800000000000001,0.016256983240223465,0.0027374301675977654
cross_condition,random_forest,data/raw/mcc5_thu_motor/MCC5-THU Motor/MCC5-THU Motor_torque_circulation/bearing_outer_H_torque_circulation_20Nm_1000rpm_250707103949d.csv,bearing_outer,bearing_outer,bearing_outer,179,torque_circulation,1000.0,20.0,0.006229050279329609,0.0007262569832402235,0.9926256983240224,0.0004189944134078213
cross_condition,random_forest,data/raw/mcc5_thu_motor/MCC5-THU Motor/MCC5-THU Motor_torque_circulation/bearing_outer_H_torque_circulation_20Nm_2000rpm_250707103802d.csv,bearing_outer,bearing_outer,bearing_outer,179,torque_circulation,2000.0,20.0,0.0023743016759776537,0.0047486033519553075,0.9916480446927374,0.001229050279329609
cross_condition,random_forest,data/raw/mcc5_thu_motor/MCC5-THU Motor/MCC5-THU Motor_torque_circulation/bearing_outer_H_torque_circulation_20Nm_3000rpm_250821175544.csv,bearing_outer,bearing_inner,bearing_inner,179,torque_circulation,3000.0,20.0,0.014134078212290504,0.7758659217877095,0.1949720670391061,0.015027932960893851
cross_condition,random_forest,data/raw/mcc5_thu_motor/MCC5-THU Motor/MCC5-THU Motor_torque_circulation/bearing_outer_H_torque_circulation_40Nm_1000rpm_250707104154d.csv,bearing_outer,bearing_outer,bearing_outer,179,torque_circulation,1000.0,40.0,0.008687150837988827,0.0077374301675977655,0.9797206703910614,0.0038547486033519555
cross_condition,random_forest,data/raw/mcc5_thu_motor/MCC5-THU Motor/MCC5-THU Motor_torque_circulation/bearing_outer_H_torque_circulation_40Nm_2000rpm_250707104408d.csv,bearing_outer,bearing_outer,bearing_outer,179,torque_circulation,2000.0,40.0,0.002122905027932961,0.005530726256983241,0.9915083798882682,0.0008379888268156426
cross_condition,random_forest,data/raw/mcc5_thu_motor/MCC5-THU Motor/MCC5-THU Motor_torque_circulation/bearing_outer_H_torque_circulation_40Nm_3000rpm_250707104611d.csv,bearing_outer,bearing_outer,bearing_outer,179,torque_circulation,3000.0,40.0,0.004469273743016759,0.026955307262569828,0.9667877094972067,0.001787709497206704
cross_condition,random_forest,data/raw/mcc5_thu_motor/MCC5-THU Motor/MCC5-THU Motor_torque_circulation/bearing_outer_L_torque_circulation_20Nm_1000rpm_250708093600d.csv,bearing_outer,bearing_outer,bearing_outer,179,torque_circulation,1000.0,20.0,0.004273743016759777,0.007793296089385475,0.9877932960893855,0.00013966480446927376
cross_condition,random_forest,data/raw/mcc5_thu_motor/MCC5-THU Motor/MCC5-THU Motor_torque_circulation/bearing_outer_L_torque_circulation_20Nm_2000rpm_250708093806d.csv,bearing_outer,bearing_outer,bearing_outer,179,torque_circulation,2000.0,20.0,0.022094972067039104,0.010363128491620112,0.9661452513966481,0.0013966480446927375
cross_condition,random_forest,data/raw/mcc5_thu_motor/MCC5-THU Motor/MCC5-THU Motor_torque_circulation/bearing_outer_L_torque_circulation_20Nm_3000rpm_250708094011d.csv,bearing_outer,bearing_outer,bearing_outer,179,torque_circulation,3000.0,20.0,0.003016759776536313,0.004441340782122905,0.992150837988827,0.0003910614525139665
cross_condition,random_forest,data/raw/mcc5_thu_motor/MCC5-THU Motor/MCC5-THU Motor_torque_circulation/bearing_outer_L_torque_circulation_40Nm_1000rpm_250708094205d.csv,bearing_outer,bearing_outer,bearing_outer,179,torque_circulation,1000.0,40.0,0.003826815642458101,0.014888268156424581,0.9810614525139666,0.000223463687150838
cross_condition,random_forest,data/raw/mcc5_thu_motor/MCC5-THU Motor/MCC5-THU Motor_torque_circulation/bearing_outer_L_torque_circulation_40Nm_2000rpm_250708094403d.csv,bearing_outer,bearing_outer,bearing_outer,179,torque_circulation,2000.0,40.0,0.010279329608938547,0.008463687150837989,0.9800837988826816,0.0011731843575418996
cross_condition,random_forest,data/raw/mcc5_thu_motor/MCC5-THU Motor/MCC5-THU Motor_torque_circulation/bearing_outer_L_torque_circulation_40Nm_3000rpm_250708094556d.csv,bearing_outer,bearing_outer,bearing_outer,179,torque_circulation,3000.0,40.0,0.005614525139664805,0.007737430167597766,0.985,0.0016480446927374301
cross_condition,random_forest,data/raw/mcc5_thu_motor/MCC5-THU Motor/MCC5-THU Motor_torque_circulation/health_torque_circulation_20Nm_1000rpm_250702154813d.csv,healthy,healthy,healthy,179,torque_circulation,1000.0,20.0,0.020921787709497208,0.002625698324022347,0.0062290502793296105,0.970223463687151
cross_condition,random_forest,data/raw/mcc5_thu_motor/MCC5-THU Motor/MCC5-THU Motor_torque_circulation/health_torque_circulation_20Nm_2000rpm_250702155521d.csv,healthy,healthy,healthy,179,torque_circulation,2000.0,20.0,0.029357541899441345,0.0049162011173184365,0.012402234636871507,0.9533240223463686
cross_condition,random_forest,data/raw/mcc5_thu_motor/MCC5-THU Motor/MCC5-THU Motor_torque_circulation/health_torque_circulation_20Nm_3000rpm_250702155743d.csv,healthy,healthy,healthy,179,torque_circulation,3000.0,20.0,0.04555865921787709,0.005642458100558659,0.016508379888268157,0.9322905027932961
cross_condition,random_forest,data/raw/mcc5_thu_motor/MCC5-THU Motor/MCC5-THU Motor_torque_circulation/health_torque_circulation_40Nm_1000rpm_250702161315d.csv,healthy,healthy,healthy,179,torque_circulation,1000.0,40.0,0.014357541899441342,0.0023743016759776537,0.005391061452513967,0.9778770949720672
cross_condition,random_forest,data/raw/mcc5_thu_motor/MCC5-THU Motor/MCC5-THU Motor_torque_circulation/health_torque_circulation_40Nm_2000rpm_250702161114d.csv,healthy,healthy,healthy,179,torque_circulation,2000.0,40.0,0.025027932960893857,0.00553072625698324,0.012486033519553075,0.9569553072625699
cross_condition,random_forest,data/raw/mcc5_thu_motor/MCC5-THU Motor/MCC5-THU Motor_torque_circulation/health_torque_circulation_40Nm_3000rpm_250702160849d.csv,healthy,healthy,healthy,179,torque_circulation,3000.0,40.0,0.027374301675977656,0.004692737430167598,0.01377094972067039,0.9541620111731844
cross_load,random_forest,data/raw/mcc5_thu_motor/MCC5-THU Motor/MCC5-THU Motor_speed_circulation/bearing_ball_H_speed_circulation_40Nm_1000rpm_250707143453.csv,bearing_ball,bearing_ball,bearing_ball,179,speed_circulation,1000.0,40.0,0.8466759776536313,0.013826815642458102,0.11287709497206704,0.026620111731843574
cross_load,random_forest,data/raw/mcc5_thu_motor/MCC5-THU Motor/MCC5-THU Motor_speed_circulation/bearing_ball_H_speed_circulation_40Nm_2000rpm_250707143905.csv,bearing_ball,bearing_ball,bearing_ball,179,speed_circulation,2000.0,40.0,0.8246648044692738,0.018882681564245808,0.1141340782122905,0.04231843575418995
cross_load,random_forest,data/raw/mcc5_thu_motor/MCC5-THU Motor/MCC5-THU Motor_speed_circulation/bearing_ball_H_speed_circulation_40Nm_3000rpm_250707144708.csv,bearing_ball,bearing_ball,bearing_ball,179,speed_circulation,3000.0,40.0,0.6109776536312848,0.049357541899441346,0.3125418994413408,0.027122905027932964
cross_load,random_forest,data/raw/mcc5_thu_motor/MCC5-THU Motor/MCC5-THU Motor_speed_circulation/bearing_ball_L_speed_circulation_40Nm_1000rpm_250707155133.csv,bearing_ball,bearing_ball,bearing_ball,179,speed_circulation,1000.0,40.0,0.8178212290502792,0.006871508379888268,0.09083798882681565,0.08446927374301677
cross_load,random_forest,data/raw/mcc5_thu_motor/MCC5-THU Motor/MCC5-THU Motor_speed_circulation/bearing_ball_L_speed_circulation_40Nm_2000rpm_250707160240.csv,bearing_ball,bearing_ball,bearing_ball,179,speed_circulation,2000.0,40.0,0.831508379888268,0.003435754189944134,0.10097765363128489,0.06407821229050278
cross_load,random_forest,data/raw/mcc5_thu_motor/MCC5-THU Motor/MCC5-THU Motor_speed_circulation/bearing_ball_L_speed_circulation_40Nm_3000rpm_250707160826.csv,bearing_ball,bearing_ball,bearing_ball,179,speed_circulation,3000.0,40.0,0.8508100558659217,0.004608938547486033,0.07480446927374303,0.06977653631284918
cross_load,random_forest,data/raw/mcc5_thu_motor/MCC5-THU Motor/MCC5-THU Motor_speed_circulation/bearing_inner_H_speed_circulation_40Nm_1000rpm_250704090347.csv,bearing_inner,bearing_inner,bearing_inner,179,speed_circulation,1000.0,40.0,0.024860335195530728,0.8884357541899441,0.08329608938547486,0.0034078212290502793
cross_load,random_forest,data/raw/mcc5_thu_motor/MCC5-THU Motor/MCC5-THU Motor_speed_circulation/bearing_inner_H_speed_circulation_40Nm_2000rpm_250704090841.csv,bearing_inner,bearing_inner,bearing_inner,179,speed_circulation,2000.0,40.0,0.013519553072625697,0.8387430167597767,0.13594972067039107,0.011787709497206705
cross_load,random_forest,data/raw/mcc5_thu_motor/MCC5-THU Motor/MCC5-THU Motor_speed_circulation/bearing_inner_H_speed_circulation_40Nm_3000rpm_250704091435.csv,bearing_inner,bearing_inner,bearing_inner,179,speed_circulation,3000.0,40.0,0.0135195530726257,0.6980446927374301,0.27318435754189946,0.015251396648044693
cross_load,random_forest,data/raw/mcc5_thu_motor/MCC5-THU Motor/MCC5-THU Motor_speed_circulation/bearing_inner_L_speed_circulation_40Nm_1000rpm_250707114105.csv,bearing_inner,bearing_inner,bearing_inner,179,speed_circulation,1000.0,40.0,0.015251396648044695,0.7906424581005587,0.18064245810055865,0.013463687150837992
cross_load,random_forest,data/raw/mcc5_thu_motor/MCC5-THU Motor/MCC5-THU Motor_speed_circulation/bearing_inner_L_speed_circulation_40Nm_2000rpm_250707114548.csv,bearing_inner,bearing_inner,bearing_inner,179,speed_circulation,2000.0,40.0,0.0074581005586592175,0.7891340782122904,0.18379888268156425,0.019608938547486035
cross_load,random_forest,data/raw/mcc5_thu_motor/MCC5-THU Motor/MCC5-THU Motor_speed_circulation/bearing_inner_L_speed_circulation_40Nm_3000rpm_250707114941.csv,bearing_inner,bearing_inner,bearing_inner,179,speed_circulation,3000.0,40.0,0.004497206703910614,0.7754189944134078,0.19930167597765366,0.02078212290502793
cross_load,random_forest,data/raw/mcc5_thu_motor/MCC5-THU Motor/MCC5-THU Motor_speed_circulation/bearing_outer_H_speed_circulation_40Nm_1000rpm_250707105055.csv,bearing_outer,bearing_outer,bearing_outer,179,speed_circulation,1000.0,40.0,0.07776536312849162,0.0453072625698324,0.8589664804469274,0.017960893854748604
cross_load,random_forest,data/raw/mcc5_thu_motor/MCC5-THU Motor/MCC5-THU Motor_speed_circulation/bearing_outer_H_speed_circulation_40Nm_2000rpm_250707105500.csv,bearing_outer,bearing_outer,bearing_outer,179,speed_circulation,2000.0,40.0,0.043743016759776536,0.02801675977653631,0.8978491620111734,0.030391061452513968
cross_load,random_forest,data/raw/mcc5_thu_motor/MCC5-THU Motor/MCC5-THU Motor_speed_circulation/bearing_outer_H_speed_circulation_40Nm_3000rpm_250707105959.csv,bearing_outer,bearing_outer,bearing_outer,179,speed_circulation,3000.0,40.0,0.03413407821229051,0.08843575418994412,0.8553072625698326,0.02212290502793296
cross_load,random_forest,data/raw/mcc5_thu_motor/MCC5-THU Motor/MCC5-THU Motor_speed_circulation/bearing_outer_L_speed_circulation_40Nm_1000rpm_250708094556.csv,bearing_outer,bearing_outer,bearing_outer,179,speed_circulation,1000.0,40.0,0.04053072625698324,0.03910614525139665,0.9049720670391062,0.015391061452513967
cross_load,random_forest,data/raw/mcc5_thu_motor/MCC5-THU Motor/MCC5-THU Motor_speed_circulation/bearing_outer_L_speed_circulation_40Nm_2000rpm_250708100011.csv,bearing_outer,bearing_outer,bearing_outer,179,speed_circulation,2000.0,40.0,0.047765363128491625,0.031592178770949726,0.9002513966480445,0.020391061452513962
cross_load,random_forest,data/raw/mcc5_thu_motor/MCC5-THU Motor/MCC5-THU Motor_speed_circulation/bearing_outer_L_speed_circulation_40Nm_3000rpm_250708100602.csv,bearing_outer,bearing_outer,bearing_outer,179,speed_circulation,3000.0,40.0,0.03206703910614525,0.05385474860335196,0.8914245810055865,0.0226536312849162
cross_load,random_forest,data/raw/mcc5_thu_motor/MCC5-THU Motor/MCC5-THU Motor_speed_circulation/health_speed_circulation_40Nm_1000rpm_250702161900.csv,healthy,healthy,healthy,179,speed_circulation,1000.0,40.0,0.03918994413407822,0.007346368715083798,0.01835195530726257,0.9351117318435753
cross_load,random_forest,data/raw/mcc5_thu_motor/MCC5-THU Motor/MCC5-THU Motor_speed_circulation/health_speed_circulation_40Nm_2000rpm_250702162327.csv,healthy,healthy,healthy,179,speed_circulation,2000.0,40.0,0.027513966480446933,0.01195530726256983,0.018547486033519554,0.9419832402234636
cross_load,random_forest,data/raw/mcc5_thu_motor/MCC5-THU Motor/MCC5-THU Motor_speed_circulation/health_speed_circulation_40Nm_3000rpm_250702162804.csv,healthy,healthy,healthy,179,speed_circulation,3000.0,40.0,0.03167597765363128,0.0111731843575419,0.02994413407821229,0.9272067039106145
cross_load,random_forest,data/raw/mcc5_thu_motor/MCC5-THU Motor/MCC5-THU Motor_torque_circulation/bearing_ball_H_torque_circulation_40Nm_1000rpm_250707140440d.csv,bearing_ball,bearing_ball,bearing_ball,179,torque_circulation,1000.0,40.0,0.863882681564246,0.008491620111731844,0.10519553072625698,0.022430167597765362
cross_load,random_forest,data/raw/mcc5_thu_motor/MCC5-THU Motor/MCC5-THU Motor_torque_circulation/bearing_ball_H_torque_circulation_40Nm_2000rpm_250707142821d.csv,bearing_ball,bearing_ball,bearing_ball,179,torque_circulation,2000.0,40.0,0.825586592178771,0.02237430167597766,0.11008379888268155,0.04195530726256983
cross_load,random_forest,data/raw/mcc5_thu_motor/MCC5-THU Motor/MCC5-THU Motor_torque_circulation/bearing_ball_H_torque_circulation_40Nm_3000rpm_250707143025d.csv,bearing_ball,bearing_ball,bearing_ball,179,torque_circulation,3000.0,40.0,0.633826815642458,0.041731843575418995,0.2991061452513966,0.02533519553072626
cross_load,random_forest,data/raw/mcc5_thu_motor/MCC5-THU Motor/MCC5-THU Motor_torque_circulation/bearing_ball_L_torque_circulation_40Nm_1000rpm_250707154144d.csv,bearing_ball,bearing_ball,bearing_ball,179,torque_circulation,1000.0,40.0,0.8897486033519553,0.000558659217877095,0.06268156424581005,0.04701117318435754
cross_load,random_forest,data/raw/mcc5_thu_motor/MCC5-THU Motor/MCC5-THU Motor_torque_circulation/bearing_ball_L_torque_circulation_40Nm_2000rpm_250707154410d.csv,bearing_ball,bearing_ball,bearing_ball,179,torque_circulation,2000.0,40.0,0.8851396648044693,0.000782122905027933,0.07153631284916201,0.042541899441340784
cross_load,random_forest,data/raw/mcc5_thu_motor/MCC5-THU Motor/MCC5-THU Motor_torque_circulation/bearing_ball_L_torque_circulation_40Nm_3000rpm_250707154630d.csv,bearing_ball,bearing_ball,bearing_ball,179,torque_circulation,3000.0,40.0,0.9133519553072624,0.0003910614525139665,0.04047486033519554,0.045782122905027936
cross_load,random_forest,data/raw/mcc5_thu_motor/MCC5-THU Motor/MCC5-THU Motor_torque_circulation/bearing_inner_H_torque_circulation_40Nm_1000rpm_250704085422d.csv,bearing_inner,bearing_inner,bearing_inner,179,torque_circulation,1000.0,40.0,0.013435754189944133,0.9328491620111733,0.05340782122905027,0.0003072625698324022
cross_load,random_forest,data/raw/mcc5_thu_motor/MCC5-THU Motor/MCC5-THU Motor_torque_circulation/bearing_inner_H_torque_circulation_40Nm_2000rpm_250704085637d.csv,bearing_inner,bearing_inner,bearing_inner,179,torque_circulation,2000.0,40.0,0.00276536312849162,0.8479050279329607,0.13435754189944135,0.014972067039106144
cross_load,random_forest,data/raw/mcc5_thu_motor/MCC5-THU Motor/MCC5-THU Motor_torque_circulation/bearing_inner_H_torque_circulation_40Nm_3000rpm_250704085907d.csv,bearing_inner,bearing_inner,bearing_inner,179,torque_circulation,3000.0,40.0,0.006480446927374302,0.735195530726257,0.24159217877094974,0.016731843575418993
cross_load,random_forest,data/raw/mcc5_thu_motor/MCC5-THU Motor/MCC5-THU Motor_torque_circulation/bearing_inner_L_torque_circulation_40Nm_1000rpm_250707113035d.csv,bearing_inner,bearing_inner,bearing_inner,179,torque_circulation,1000.0,40.0,0.010418994413407821,0.8260335195530727,0.15310055865921787,0.010446927374301675
cross_load,random_forest,data/raw/mcc5_thu_motor/MCC5-THU Motor/MCC5-THU Motor_torque_circulation/bearing_inner_L_torque_circulation_40Nm_2000rpm_250707113243d.csv,bearing_inner,bearing_inner,bearing_inner,179,torque_circulation,2000.0,40.0,0.006340782122905028,0.8428212290502793,0.1355586592178771,0.01527932960893855
cross_load,random_forest,data/raw/mcc5_thu_motor/MCC5-THU Motor/MCC5-THU Motor_torque_circulation/bearing_inner_L_torque_circulation_40Nm_3000rpm_250707113444d.csv,bearing_inner,bearing_inner,bearing_inner,179,torque_circulation,3000.0,40.0,0.0033798882681564243,0.7978212290502793,0.183072625698324,0.015726256983240223
cross_load,random_forest,data/raw/mcc5_thu_motor/MCC5-THU Motor/MCC5-THU Motor_torque_circulation/bearing_outer_H_torque_circulation_40Nm_1000rpm_250707104154d.csv,bearing_outer,bearing_outer,bearing_outer,179,torque_circulation,1000.0,40.0,0.07893854748603353,0.04427374301675978,0.8640223463687151,0.01276536312849162
cross_load,random_forest,data/raw/mcc5_thu_motor/MCC5-THU Motor/MCC5-THU Motor_torque_circulation/bearing_outer_H_torque_circulation_40Nm_2000rpm_250707104408d.csv,bearing_outer,bearing_outer,bearing_outer,179,torque_circulation,2000.0,40.0,0.03332402234636871,0.017206703910614525,0.924608938547486,0.02486033519553073
cross_load,random_forest,data/raw/mcc5_thu_motor/MCC5-THU Motor/MCC5-THU Motor_torque_circulation/bearing_outer_H_torque_circulation_40Nm_3000rpm_250707104611d.csv,bearing_outer,bearing_outer,bearing_outer,179,torque_circulation,3000.0,40.0,0.03432960893854748,0.11170391061452513,0.8305586592178769,0.02340782122905028
cross_load,random_forest,data/raw/mcc5_thu_motor/MCC5-THU Motor/MCC5-THU Motor_torque_circulation/bearing_outer_L_torque_circulation_40Nm_1000rpm_250708094205d.csv,bearing_outer,bearing_outer,bearing_outer,179,torque_circulation,1000.0,40.0,0.03592178770949721,0.015949720670391063,0.938659217877095,0.00946927374301676
cross_load,random_forest,data/raw/mcc5_thu_motor/MCC5-THU Motor/MCC5-THU Motor_torque_circulation/bearing_outer_L_torque_circulation_40Nm_2000rpm_250708094403d.csv,bearing_outer,bearing_outer,bearing_outer,179,torque_circulation,2000.0,40.0,0.04298882681564246,0.02511173184357542,0.9124301675977653,0.01946927374301676
cross_load,random_forest,data/raw/mcc5_thu_motor/MCC5-THU Motor/MCC5-THU Motor_torque_circulation/bearing_outer_L_torque_circulation_40Nm_3000rpm_250708094556d.csv,bearing_outer,bearing_outer,bearing_outer,179,torque_circulation,3000.0,40.0,0.03243016759776537,0.03801675977653631,0.9127653631284919,0.016787709497206704
cross_load,random_forest,data/raw/mcc5_thu_motor/MCC5-THU Motor/MCC5-THU Motor_torque_circulation/health_torque_circulation_40Nm_1000rpm_250702161315d.csv,healthy,healthy,healthy,179,torque_circulation,1000.0,40.0,0.020335195530726255,0.001005586592178771,0.012178770949720672,0.9664804469273743
cross_load,random_forest,data/raw/mcc5_thu_motor/MCC5-THU Motor/MCC5-THU Motor_torque_circulation/health_torque_circulation_40Nm_2000rpm_250702161114d.csv,healthy,healthy,healthy,179,torque_circulation,2000.0,40.0,0.02041899441340782,0.016564245810055864,0.023743016759776536,0.9392737430167597
cross_load,random_forest,data/raw/mcc5_thu_motor/MCC5-THU Motor/MCC5-THU Motor_torque_circulation/health_torque_circulation_40Nm_3000rpm_250702160849d.csv,healthy,healthy,healthy,179,torque_circulation,3000.0,40.0,0.014804469273743017,0.0010893854748603353,0.012597765363128491,0.971508379888268
cross_rpm,random_forest,data/raw/mcc5_thu_motor/MCC5-THU Motor/MCC5-THU Motor_speed_circulation/bearing_ball_H_speed_circulation_20Nm_3000rpm_250707144104.csv,bearing_ball,bearing_ball,bearing_ball,179,speed_circulation,3000.0,20.0,0.6586033519553072,0.11134078212290503,0.17522346368715086,0.05483240223463688
cross_rpm,random_forest,data/raw/mcc5_thu_motor/MCC5-THU Motor/MCC5-THU Motor_speed_circulation/bearing_ball_H_speed_circulation_40Nm_3000rpm_250707144708.csv,bearing_ball,bearing_ball,bearing_ball,179,speed_circulation,3000.0,40.0,0.5093016759776536,0.22533519553072626,0.20078212290502792,0.06458100558659217
cross_rpm,random_forest,data/raw/mcc5_thu_motor/MCC5-THU Motor/MCC5-THU Motor_speed_circulation/bearing_ball_L_speed_circulation_20Nm_3000rpm_250707160626.csv,bearing_ball,bearing_ball,bearing_ball,179,speed_circulation,3000.0,20.0,0.6997486033519553,0.06371508379888269,0.07810055865921788,0.15843575418994416
cross_rpm,random_forest,data/raw/mcc5_thu_motor/MCC5-THU Motor/MCC5-THU Motor_speed_circulation/bearing_ball_L_speed_circulation_40Nm_3000rpm_250707160826.csv,bearing_ball,bearing_ball,bearing_ball,179,speed_circulation,3000.0,40.0,0.5689106145251396,0.14044692737430167,0.05614525139664805,0.2344972067039106
cross_rpm,random_forest,data/raw/mcc5_thu_motor/MCC5-THU Motor/MCC5-THU Motor_speed_circulation/bearing_inner_H_speed_circulation_40Nm_3000rpm_250704091435.csv,bearing_inner,bearing_inner,bearing_inner,179,speed_circulation,3000.0,40.0,0.016843575418994415,0.8656983240223466,0.06709497206703911,0.05036312849162011
cross_rpm,random_forest,data/raw/mcc5_thu_motor/MCC5-THU Motor/MCC5-THU Motor_speed_circulation/bearing_inner_L_speed_circulation_20Nm_3000rpm_250707114743.csv,bearing_inner,bearing_inner,bearing_inner,179,speed_circulation,3000.0,20.0,0.013547486033519553,0.8515642458100557,0.0691340782122905,0.06575418994413408
cross_rpm,random_forest,data/raw/mcc5_thu_motor/MCC5-THU Motor/MCC5-THU Motor_speed_circulation/bearing_inner_L_speed_circulation_40Nm_3000rpm_250707114941.csv,bearing_inner,bearing_inner,bearing_inner,179,speed_circulation,3000.0,40.0,0.011703910614525139,0.858268156424581,0.08061452513966479,0.049413407821229056
cross_rpm,random_forest,data/raw/mcc5_thu_motor/MCC5-THU Motor/MCC5-THU Motor_speed_circulation/bearing_outer_H_speed_circulation_20Nm_3000rpm_250707105700.csv,bearing_outer,bearing_outer,bearing_inner,179,speed_circulation,3000.0,20.0,0.015391061452513967,0.46558659217877096,0.48041899441340785,0.038603351955307265
cross_rpm,random_forest,data/raw/mcc5_thu_motor/MCC5-THU Motor/MCC5-THU Motor_speed_circulation/bearing_outer_H_speed_circulation_20Nm_3000rpm_250821110519.csv,bearing_outer,bearing_ball,bearing_ball,179,speed_circulation,3000.0,20.0,0.45944134078212295,0.27472067039106146,0.2337150837988827,0.03212290502793296
cross_rpm,random_forest,data/raw/mcc5_thu_motor/MCC5-THU Motor/MCC5-THU Motor_speed_circulation/bearing_outer_H_speed_circulation_40Nm_3000rpm_250707105959.csv,bearing_outer,bearing_inner,bearing_inner,179,speed_circulation,3000.0,40.0,0.017960893854748604,0.5236033519553073,0.40695530726256984,0.0514804469273743
cross_rpm,random_forest,data/raw/mcc5_thu_motor/MCC5-THU Motor/MCC5-THU Motor_speed_circulation/bearing_outer_L_speed_circulation_20Nm_3000rpm_250708100411.csv,bearing_outer,bearing_inner,bearing_inner,179,speed_circulation,3000.0,20.0,0.02407821229050279,0.5131005586592179,0.41346368715083803,0.049357541899441346
cross_rpm,random_forest,data/raw/mcc5_thu_motor/MCC5-THU Motor/MCC5-THU Motor_speed_circulation/bearing_outer_L_speed_circulation_40Nm_3000rpm_250708100602.csv,bearing_outer,bearing_inner,bearing_inner,179,speed_circulation,3000.0,40.0,0.020810055865921787,0.5412011173184358,0.3754748603351955,0.06251396648044694
cross_rpm,random_forest,data/raw/mcc5_thu_motor/MCC5-THU Motor/MCC5-THU Motor_speed_circulation/health_speed_circulation_20Nm_3000rpm_250702162533.csv,healthy,healthy,healthy,179,speed_circulation,3000.0,20.0,0.057960893854748605,0.17902234636871509,0.052458100558659224,0.7105586592178772
cross_rpm,random_forest,data/raw/mcc5_thu_motor/MCC5-THU Motor/MCC5-THU Motor_speed_circulation/health_speed_circulation_40Nm_3000rpm_250702162804.csv,healthy,healthy,healthy,179,speed_circulation,3000.0,40.0,0.0691340782122905,0.18745810055865922,0.04346368715083799,0.6999441340782122
cross_rpm,random_forest,data/raw/mcc5_thu_motor/MCC5-THU Motor/MCC5-THU Motor_torque_circulation/bearing_ball_H_torque_circulation_20Nm_3000rpm_250707140229d.csv,bearing_ball,bearing_ball,bearing_ball,179,torque_circulation,3000.0,20.0,0.5406145251396648,0.17804469273743018,0.22175977653631285,0.05958100558659219
cross_rpm,random_forest,data/raw/mcc5_thu_motor/MCC5-THU Motor/MCC5-THU Motor_torque_circulation/bearing_ball_H_torque_circulation_40Nm_3000rpm_250707143025d.csv,bearing_ball,bearing_ball,bearing_ball,179,torque_circulation,3000.0,40.0,0.5547765363128492,0.14111731843575417,0.2511173184357542,0.052988826815642466
cross_rpm,random_forest,data/raw/mcc5_thu_motor/MCC5-THU Motor/MCC5-THU Motor_torque_circulation/bearing_ball_L_torque_circulation_20Nm_3000rpm_250707153938d.csv,bearing_ball,bearing_ball,bearing_ball,179,torque_circulation,3000.0,20.0,0.46994413407821234,0.20229050279329605,0.038966480446927375,0.2887988826815643
cross_rpm,random_forest,data/raw/mcc5_thu_motor/MCC5-THU Motor/MCC5-THU Motor_torque_circulation/bearing_ball_L_torque_circulation_40Nm_3000rpm_250707154630d.csv,bearing_ball,bearing_ball,bearing_ball,179,torque_circulation,3000.0,40.0,0.5314245810055865,0.15734636871508378,0.06466480446927375,0.24656424581005584
cross_rpm,random_forest,data/raw/mcc5_thu_motor/MCC5-THU Motor/MCC5-THU Motor_torque_circulation/bearing_inner_H_torque_circulation_20Nm_3000rpm_250704085209d.csv,bearing_inner,bearing_inner,bearing_inner,179,torque_circulation,3000.0,20.0,0.040195530726256985,0.8612849162011174,0.05480446927374303,0.04371508379888267
cross_rpm,random_forest,data/raw/mcc5_thu_motor/MCC5-THU Motor/MCC5-THU Motor_torque_circulation/bearing_inner_H_torque_circulation_40Nm_3000rpm_250704085907d.csv,bearing_inner,bearing_inner,bearing_inner,179,torque_circulation,3000.0,40.0,0.03458100558659218,0.8539944134078212,0.06667597765363129,0.044748603351955296
cross_rpm,random_forest,data/raw/mcc5_thu_motor/MCC5-THU Motor/MCC5-THU Motor_torque_circulation/bearing_inner_L_torque_circulation_20Nm_3000rpm_250707112823d.csv,bearing_inner,bearing_inner,bearing_inner,179,torque_circulation,3000.0,20.0,0.01977653631284916,0.7879888268156425,0.07055865921787709,0.1216759776536313
cross_rpm,random_forest,data/raw/mcc5_thu_motor/MCC5-THU Motor/MCC5-THU Motor_torque_circulation/bearing_inner_L_torque_circulation_40Nm_3000rpm_250707113444d.csv,bearing_inner,bearing_inner,bearing_inner,179,torque_circulation,3000.0,40.0,0.014748603351955308,0.8086033519553073,0.08248603351955307,0.09416201117318435
cross_rpm,random_forest,data/raw/mcc5_thu_motor/MCC5-THU Motor/MCC5-THU Motor_torque_circulation/bearing_outer_H_torque_circulation_20Nm_3000rpm_250821175544.csv,bearing_outer,bearing_inner,bearing_inner,179,torque_circulation,3000.0,20.0,0.008268156424581006,0.8554748603351955,0.10254189944134079,0.03371508379888268
cross_rpm,random_forest,data/raw/mcc5_thu_motor/MCC5-THU Motor/MCC5-THU Motor_torque_circulation/bearing_outer_H_torque_circulation_40Nm_3000rpm_250707104611d.csv,bearing_outer,bearing_inner,bearing_inner,179,torque_circulation,3000.0,40.0,0.013687150837988828,0.628659217877095,0.30156424581005586,0.05608938547486033
cross_rpm,random_forest,data/raw/mcc5_thu_motor/MCC5-THU Motor/MCC5-THU Motor_torque_circulation/bearing_outer_L_torque_circulation_20Nm_3000rpm_250708094011d.csv,bearing_outer,bearing_inner,bearing_inner,179,torque_circulation,3000.0,20.0,0.023435754189944136,0.613659217877095,0.30460893854748605,0.05829608938547486
cross_rpm,random_forest,data/raw/mcc5_thu_motor/MCC5-THU Motor/MCC5-THU Motor_torque_circulation/bearing_outer_L_torque_circulation_40Nm_3000rpm_250708094556d.csv,bearing_outer,bearing_inner,bearing_inner,179,torque_circulation,3000.0,40.0,0.019106145251396645,0.6478212290502792,0.26843575418994414,0.06463687150837988
cross_rpm,random_forest,data/raw/mcc5_thu_motor/MCC5-THU Motor/MCC5-THU Motor_torque_circulation/health_torque_circulation_20Nm_3000rpm_250702155743d.csv,healthy,healthy,healthy,179,torque_circulation,3000.0,20.0,0.0773463687150838,0.2447486033519553,0.05513966480446928,0.6227653631284916
cross_rpm,random_forest,data/raw/mcc5_thu_motor/MCC5-THU Motor/MCC5-THU Motor_torque_circulation/health_torque_circulation_40Nm_3000rpm_250702160849d.csv,healthy,healthy,healthy,179,torque_circulation,3000.0,40.0,0.07229050279329609,0.22586592178770945,0.05846368715083799,0.6433798882681565
