split_name,split_file,seed,model,setting,accuracy,macro_precision,macro_recall,macro_f1,weighted_f1,worst_class_recall,epochs_ran,best_val_macro_f1,parameter_count,scalar_feature_count,train_time_sec,inference_time_ms_per_sample,prediction_path,checkpoint,setting_label,evidence_status
source_file,mcc5_postfix_source_file_split.csv,42,OrderNormalizedMultisourceFusionNet,vibration_current,0.8836126629422719,0.9196146138982324,0.9102653631284916,0.8993062552227422,0.8834793386820673,0.6689944134078212,22,0.9698670225320638,68420,0,39.21657013893128,0.0659228481171961,results\formal_runs\postfix_neural_fusion_20260710_180646\predictions\corrected_fusion_vibration_current_source_file_seed42_predictions.csv,results\formal_runs\postfix_neural_fusion_20260710_180646\checkpoints\corrected_fusion_vibration_current_source_file_seed42.pt,no_scalars,corrected_formal_train_only_zscore
source_file,mcc5_postfix_source_file_split.csv,43,OrderNormalizedMultisourceFusionNet,vibration_current,0.8864059590316573,0.9202146128067146,0.9145716945996276,0.9018354951377195,0.8850049414378574,0.6620111731843575,29,0.969857992153272,68420,0,51.45624589920044,0.0653310195027782,results\formal_runs\postfix_neural_fusion_20260710_180646\predictions\corrected_fusion_vibration_current_source_file_seed43_predictions.csv,results\formal_runs\postfix_neural_fusion_20260710_180646\checkpoints\corrected_fusion_vibration_current_source_file_seed43.pt,no_scalars,corrected_formal_train_only_zscore
source_file,mcc5_postfix_source_file_split.csv,44,OrderNormalizedMultisourceFusionNet,vibration_current,0.8798882681564246,0.9172706161301968,0.9072392923649908,0.8960783708470422,0.8794597009071562,0.6606145251396648,16,0.8985660545500013,68420,0,28.444583654403687,0.066788946894072,results\formal_runs\postfix_neural_fusion_20260710_180646\predictions\corrected_fusion_vibration_current_source_file_seed44_predictions.csv,results\formal_runs\postfix_neural_fusion_20260710_180646\checkpoints\corrected_fusion_vibration_current_source_file_seed44.pt,no_scalars,corrected_formal_train_only_zscore
source_file,mcc5_postfix_source_file_split.csv,42,OrderNormalizedMultisourceFusionNet,vibration_current_rpm_load_only,0.8635940409683427,0.9100241087083576,0.8908286778398511,0.8815795542528827,0.8649128875862162,0.6452513966480447,16,0.961756910127372,68452,2,28.552185773849487,0.0662299729814298,results\formal_runs\postfix_neural_fusion_20260710_180646\predictions\corrected_fusion_vibration_current_rpm_load_only_source_file_seed42_predictions.csv,results\formal_runs\postfix_neural_fusion_20260710_180646\checkpoints\corrected_fusion_vibration_current_rpm_load_only_source_file_seed42.pt,context_2,corrected_formal_train_only_zscore
source_file,mcc5_postfix_source_file_split.csv,43,OrderNormalizedMultisourceFusionNet,vibration_current_rpm_load_only,0.7816573556797021,0.8145812095870748,0.8092411545623837,0.8067079179175295,0.7857239800683333,0.6298882681564246,13,0.9245456257299592,68452,2,23.080689430236816,0.066150167134887,results\formal_runs\postfix_neural_fusion_20260710_180646\predictions\corrected_fusion_vibration_current_rpm_load_only_source_file_seed43_predictions.csv,results\formal_runs\postfix_neural_fusion_20260710_180646\checkpoints\corrected_fusion_vibration_current_rpm_load_only_source_file_seed43.pt,context_2,corrected_formal_train_only_zscore
source_file,mcc5_postfix_source_file_split.csv,44,OrderNormalizedMultisourceFusionNet,vibration_current_rpm_load_only,0.8291433891992551,0.8872662057325367,0.8669692737430168,0.8482202536499006,0.8235484680584625,0.520949720670391,16,0.9444259067934412,68452,2,28.439236640930176,0.0666242294027374,results\formal_runs\postfix_neural_fusion_20260710_180646\predictions\corrected_fusion_vibration_current_rpm_load_only_source_file_seed44_predictions.csv,results\formal_runs\postfix_neural_fusion_20260710_180646\checkpoints\corrected_fusion_vibration_current_rpm_load_only_source_file_seed44.pt,context_2,corrected_formal_train_only_zscore
source_file,mcc5_postfix_source_file_split.csv,42,OrderNormalizedMultisourceFusionNet,vibration_current_auxiliary_only,0.9934823091247672,0.994422326782612,0.9935986964618247,0.9940048589118872,0.9934835059896991,0.988826815642458,30,0.9843736859577256,69220,26,53.67070436477661,0.0650540854455816,results\formal_runs\postfix_neural_fusion_20260710_180646\predictions\corrected_fusion_vibration_current_auxiliary_only_source_file_seed42_predictions.csv,results\formal_runs\postfix_neural_fusion_20260710_180646\checkpoints\corrected_fusion_vibration_current_auxiliary_only_source_file_seed42.pt,auxiliary_26,posthoc_exploratory_same_holdout
source_file,mcc5_postfix_source_file_split.csv,43,OrderNormalizedMultisourceFusionNet,vibration_current_auxiliary_only,0.99487895716946,0.995582541639838,0.9949953445065176,0.9952865036234426,0.994880405656369,0.9925512104283054,24,0.9863200287082308,69220,26,42.78612279891968,0.0595959871174902,results\formal_runs\postfix_neural_fusion_20260710_180646\predictions\corrected_fusion_vibration_current_auxiliary_only_source_file_seed43_predictions.csv,results\formal_runs\postfix_neural_fusion_20260710_180646\checkpoints\corrected_fusion_vibration_current_auxiliary_only_source_file_seed43.pt,auxiliary_26,posthoc_exploratory_same_holdout
source_file,mcc5_postfix_source_file_split.csv,44,OrderNormalizedMultisourceFusionNet,vibration_current_auxiliary_only,0.9920856610800745,0.9929019692390972,0.9924348230912476,0.9926672110882956,0.9920864111351106,0.9869646182495344,22,0.9824656146399168,69220,26,39.182299852371216,0.0615320836143564,results\formal_runs\postfix_neural_fusion_20260710_180646\predictions\corrected_fusion_vibration_current_auxiliary_only_source_file_seed44_predictions.csv,results\formal_runs\postfix_neural_fusion_20260710_180646\checkpoints\corrected_fusion_vibration_current_auxiliary_only_source_file_seed44.pt,auxiliary_26,posthoc_exploratory_same_holdout
source_file,mcc5_postfix_source_file_split.csv,42,OrderNormalizedMultisourceFusionNet,vibration_current_rpm_load,0.9916201117318436,0.99234760577757,0.9916201117318436,0.9919622417336216,0.9916145392967826,0.9795158286778398,23,0.97912494455823,69284,28,41.15986371040344,0.0669767514731408,results\formal_runs\postfix_neural_fusion_20260710_180646\predictions\corrected_fusion_vibration_current_rpm_load_source_file_seed42_predictions.csv,results\formal_runs\postfix_neural_fusion_20260710_180646\checkpoints\corrected_fusion_vibration_current_rpm_load_source_file_seed42.pt,auxiliary_context_28,posthoc_exploratory_same_holdout
source_file,mcc5_postfix_source_file_split.csv,43,OrderNormalizedMultisourceFusionNet,vibration_current_rpm_load,0.9930167597765364,0.9939567480471444,0.993133147113594,0.9935379945430808,0.993016641620893,0.9869646182495344,30,0.9866361778946,69284,28,53.35118126869202,0.0703525720805873,results\formal_runs\postfix_neural_fusion_20260710_180646\predictions\corrected_fusion_vibration_current_rpm_load_source_file_seed43_predictions.csv,results\formal_runs\postfix_neural_fusion_20260710_180646\checkpoints\corrected_fusion_vibration_current_rpm_load_source_file_seed43.pt,auxiliary_context_28,posthoc_exploratory_same_holdout
source_file,mcc5_postfix_source_file_split.csv,44,OrderNormalizedMultisourceFusionNet,vibration_current_rpm_load,0.98975791433892,0.9907242312629052,0.9899906890130354,0.9903298620907196,0.9897500333771864,0.9757914338919924,24,0.9740642286469324,69284,28,42.73340630531311,0.0664097858762829,results\formal_runs\postfix_neural_fusion_20260710_180646\predictions\corrected_fusion_vibration_current_rpm_load_source_file_seed44_predictions.csv,results\formal_runs\postfix_neural_fusion_20260710_180646\checkpoints\corrected_fusion_vibration_current_rpm_load_source_file_seed44.pt,auxiliary_context_28,posthoc_exploratory_same_holdout
source_file,mcc5_postfix_source_file_split.csv,42,OrderNormalizedMultisourceFusionNet,full_multisource_fusion,0.99487895716946,0.995113237087321,0.99487895716946,0.9949953952331502,0.9948794962345696,0.994413407821229,19,0.9865559425090372,76772,262,34.08206558227539,0.0659037568715697,results\formal_runs\postfix_neural_fusion_20260710_180646\predictions\corrected_fusion_full_multisource_fusion_source_file_seed42_predictions.csv,results\formal_runs\postfix_neural_fusion_20260710_180646\checkpoints\corrected_fusion_full_multisource_fusion_source_file_seed42.pt,full_fusion_legacy_262,corrected_formal_train_only_zscore
source_file,mcc5_postfix_source_file_split.csv,43,OrderNormalizedMultisourceFusionNet,full_multisource_fusion,0.99487895716946,0.9954706662630572,0.9946461824953444,0.9950531973946348,0.9948809270762268,0.9925512104283054,13,0.965792362051924,76772,262,23.20148134231568,0.065578983704693,results\formal_runs\postfix_neural_fusion_20260710_180646\predictions\corrected_fusion_full_multisource_fusion_source_file_seed43_predictions.csv,results\formal_runs\postfix_neural_fusion_20260710_180646\checkpoints\corrected_fusion_full_multisource_fusion_source_file_seed43.pt,full_fusion_legacy_262,corrected_formal_train_only_zscore
source_file,mcc5_postfix_source_file_split.csv,44,OrderNormalizedMultisourceFusionNet,full_multisource_fusion,0.9934823091247672,0.9940947789719748,0.991852886405959,0.992937550780568,0.9934726663012148,0.9776536312849162,18,0.9928667576059732,76772,262,32.171109676361084,0.0647175467436096,results\formal_runs\postfix_neural_fusion_20260710_180646\predictions\corrected_fusion_full_multisource_fusion_source_file_seed44_predictions.csv,results\formal_runs\postfix_neural_fusion_20260710_180646\checkpoints\corrected_fusion_full_multisource_fusion_source_file_seed44.pt,full_fusion_legacy_262,corrected_formal_train_only_zscore
cross_condition,mcc5_postfix_cross_condition_split.csv,42,OrderNormalizedMultisourceFusionNet,vibration_current,0.941074753923916,0.9492649304446552,0.9484404096834264,0.948718468616391,0.9413925355615896,0.9003724394785847,11,0.965325826381952,68420,0,11.588299036026,0.0635819981852311,results\formal_runs\postfix_neural_fusion_20260710_180646\predictions\corrected_fusion_vibration_current_cross_condition_seed42_predictions.csv,results\formal_runs\postfix_neural_fusion_20260710_180646\checkpoints\corrected_fusion_vibration_current_cross_condition_seed42.pt,no_scalars,corrected_formal_train_only_zscore
cross_condition,mcc5_postfix_cross_condition_split.csv,43,OrderNormalizedMultisourceFusionNet,vibration_current,0.929369513168396,0.9413100062927124,0.9381983240223464,0.938970200828344,0.930251658089536,0.9166666666666666,26,0.985642914422868,68420,0,26.781320810318,0.0649768959242284,results\formal_runs\postfix_neural_fusion_20260710_180646\predictions\corrected_fusion_vibration_current_cross_condition_seed43_predictions.csv,results\formal_runs\postfix_neural_fusion_20260710_180646\checkpoints\corrected_fusion_vibration_current_cross_condition_seed43.pt,no_scalars,corrected_formal_train_only_zscore
cross_condition,mcc5_postfix_cross_condition_split.csv,44,OrderNormalizedMultisourceFusionNet,vibration_current,0.926975259377494,0.9491101223581756,0.9361033519553073,0.9373123979906844,0.9283570262750678,0.8333333333333334,9,0.9466888553090322,68420,0,9.286489009857178,0.065715746157789,results\formal_runs\postfix_neural_fusion_20260710_180646\predictions\corrected_fusion_vibration_current_cross_condition_seed44_predictions.csv,results\formal_runs\postfix_neural_fusion_20260710_180646\checkpoints\corrected_fusion_vibration_current_cross_condition_seed44.pt,no_scalars,corrected_formal_train_only_zscore
cross_condition,mcc5_postfix_cross_condition_split.csv,42,OrderNormalizedMultisourceFusionNet,vibration_current_rpm_load_only,0.9678105879223198,0.9699899736043373,0.9718342644320298,0.9700128839114908,0.9680194362038004,0.931098696461825,23,0.9655339075749316,68452,2,23.924392700195312,0.0649868538164654,results\formal_runs\postfix_neural_fusion_20260710_180646\predictions\corrected_fusion_vibration_current_rpm_load_only_cross_condition_seed42_predictions.csv,results\formal_runs\postfix_neural_fusion_20260710_180646\checkpoints\corrected_fusion_vibration_current_rpm_load_only_cross_condition_seed42.pt,context_2,corrected_formal_train_only_zscore
cross_condition,mcc5_postfix_cross_condition_split.csv,43,OrderNormalizedMultisourceFusionNet,vibration_current_rpm_load_only,0.9334929502527268,0.9438045078423788,0.9405260707635008,0.9417642206349456,0.934180166854404,0.9166666666666666,27,0.9737280558819476,68452,2,27.83541321754456,0.0663992254364265,results\formal_runs\postfix_neural_fusion_20260710_180646\predictions\corrected_fusion_vibration_current_rpm_load_only_cross_condition_seed43_predictions.csv,results\formal_runs\postfix_neural_fusion_20260710_180646\checkpoints\corrected_fusion_vibration_current_rpm_load_only_cross_condition_seed43.pt,context_2,corrected_formal_train_only_zscore
cross_condition,mcc5_postfix_cross_condition_split.csv,44,OrderNormalizedMultisourceFusionNet,vibration_current_rpm_load_only,0.9451981910082468,0.9572411023230682,0.9519320297951585,0.9507821648501048,0.944742649958922,0.8165735567970205,28,0.9628802596167428,68452,2,28.94214630126953,0.065286224844228,results\formal_runs\postfix_neural_fusion_20260710_180646\predictions\corrected_fusion_vibration_current_rpm_load_only_cross_condition_seed44_predictions.csv,results\formal_runs\postfix_neural_fusion_20260710_180646\checkpoints\corrected_fusion_vibration_current_rpm_load_only_cross_condition_seed44.pt,context_2,corrected_formal_train_only_zscore
cross_condition,mcc5_postfix_cross_condition_split.csv,42,OrderNormalizedMultisourceFusionNet,vibration_current_auxiliary_only,0.9924181963288108,0.993180160091144,0.9906890130353818,0.9918891797149474,0.992409583049872,0.978584729981378,24,0.9785786648161504,69220,26,25.01145315170288,0.0635923049208267,results\formal_runs\postfix_neural_fusion_20260710_180646\predictions\corrected_fusion_vibration_current_auxiliary_only_cross_condition_seed42_predictions.csv,results\formal_runs\postfix_neural_fusion_20260710_180646\checkpoints\corrected_fusion_vibration_current_auxiliary_only_cross_condition_seed42.pt,auxiliary_26,posthoc_exploratory_same_holdout
cross_condition,mcc5_postfix_cross_condition_split.csv,43,OrderNormalizedMultisourceFusionNet,vibration_current_auxiliary_only,0.9755254056930036,0.9802744425385934,0.9783519553072624,0.9784393554256868,0.9754924014078143,0.915270018621974,15,0.9768547513937385,69220,26,15.497591257095335,0.0644842656757895,results\formal_runs\postfix_neural_fusion_20260710_180646\predictions\corrected_fusion_vibration_current_auxiliary_only_cross_condition_seed43_predictions.csv,results\formal_runs\postfix_neural_fusion_20260710_180646\checkpoints\corrected_fusion_vibration_current_auxiliary_only_cross_condition_seed43.pt,auxiliary_26,posthoc_exploratory_same_holdout
cross_condition,mcc5_postfix_cross_condition_split.csv,44,OrderNormalizedMultisourceFusionNet,vibration_current_auxiliary_only,0.9724660814046288,0.9773129151775962,0.9756750465549348,0.9757672823970932,0.9724386036608504,0.9166666666666666,18,0.973949676805416,69220,26,18.59019541740417,0.065034613643564,results\formal_runs\postfix_neural_fusion_20260710_180646\predictions\corrected_fusion_vibration_current_auxiliary_only_cross_condition_seed44_predictions.csv,results\formal_runs\postfix_neural_fusion_20260710_180646\checkpoints\corrected_fusion_vibration_current_auxiliary_only_cross_condition_seed44.pt,auxiliary_26,posthoc_exploratory_same_holdout
cross_condition,mcc5_postfix_cross_condition_split.csv,42,OrderNormalizedMultisourceFusionNet,vibration_current_rpm_load,0.9986698590050546,0.9988373714767604,0.9980214152700186,0.9984264998739512,0.9986687856035924,0.9934823091247672,15,0.9747741011224692,69284,28,15.68051052093506,0.0678922750113269,results\formal_runs\postfix_neural_fusion_20260710_180646\predictions\corrected_fusion_vibration_current_rpm_load_cross_condition_seed42_predictions.csv,results\formal_runs\postfix_neural_fusion_20260710_180646\checkpoints\corrected_fusion_vibration_current_rpm_load_cross_condition_seed42.pt,auxiliary_context_28,posthoc_exploratory_same_holdout
cross_condition,mcc5_postfix_cross_condition_split.csv,43,OrderNormalizedMultisourceFusionNet,vibration_current_rpm_load,0.9965416334131418,0.9965150745415364,0.995693668528864,0.9960979408497964,0.996541371246768,0.98975791433892,25,0.9750214215628066,69284,28,25.774884700775143,0.0657153338883651,results\formal_runs\postfix_neural_fusion_20260710_180646\predictions\corrected_fusion_vibration_current_rpm_load_cross_condition_seed43_predictions.csv,results\formal_runs\postfix_neural_fusion_20260710_180646\checkpoints\corrected_fusion_vibration_current_rpm_load_cross_condition_seed43.pt,auxiliary_context_28,posthoc_exploratory_same_holdout
cross_condition,mcc5_postfix_cross_condition_split.csv,44,OrderNormalizedMultisourceFusionNet,vibration_current_rpm_load,0.9735301942005852,0.9665852553783588,0.9766061452513968,0.9706071864917176,0.9736206641013786,0.931098696461825,30,0.9721330478383716,69284,28,31.039516925811768,0.0649280261409888,results\formal_runs\postfix_neural_fusion_20260710_180646\predictions\corrected_fusion_vibration_current_rpm_load_cross_condition_seed44_predictions.csv,results\formal_runs\postfix_neural_fusion_20260710_180646\checkpoints\corrected_fusion_vibration_current_rpm_load_cross_condition_seed44.pt,auxiliary_context_28,posthoc_exploratory_same_holdout
cross_condition,mcc5_postfix_cross_condition_split.csv,42,OrderNormalizedMultisourceFusionNet,full_multisource_fusion,0.958366586858207,0.9645189859717554,0.9633379888268156,0.9633748321863091,0.9583422794352282,0.9269087523277468,23,0.98697587179317,76772,262,24.07981896400452,0.0639239281027454,results\formal_runs\postfix_neural_fusion_20260710_180646\predictions\corrected_fusion_full_multisource_fusion_cross_condition_seed42_predictions.csv,results\formal_runs\postfix_neural_fusion_20260710_180646\checkpoints\corrected_fusion_full_multisource_fusion_cross_condition_seed42.pt,full_fusion_legacy_262,corrected_formal_train_only_zscore
cross_condition,mcc5_postfix_cross_condition_split.csv,43,OrderNormalizedMultisourceFusionNet,full_multisource_fusion,0.9635541367384944,0.9686590342209802,0.9662476722532588,0.967033217767149,0.9635286580345944,0.9250465549348232,13,0.9666731530107312,76772,262,13.468701362609863,0.0661650564036936,results\formal_runs\postfix_neural_fusion_20260710_180646\predictions\corrected_fusion_full_multisource_fusion_cross_condition_seed43_predictions.csv,results\formal_runs\postfix_neural_fusion_20260710_180646\checkpoints\corrected_fusion_full_multisource_fusion_cross_condition_seed43.pt,full_fusion_legacy_262,corrected_formal_train_only_zscore
cross_condition,mcc5_postfix_cross_condition_split.csv,44,OrderNormalizedMultisourceFusionNet,full_multisource_fusion,0.9658153764299016,0.9709248931239464,0.9658985102420856,0.9677239976635904,0.9656810547700122,0.914804469273743,14,0.9876767831727956,76772,262,14.5290949344635,0.065144087032106,results\formal_runs\postfix_neural_fusion_20260710_180646\predictions\corrected_fusion_full_multisource_fusion_cross_condition_seed44_predictions.csv,results\formal_runs\postfix_neural_fusion_20260710_180646\checkpoints\corrected_fusion_full_multisource_fusion_cross_condition_seed44.pt,full_fusion_legacy_262,corrected_formal_train_only_zscore
cross_load,mcc5_postfix_cross_load_split.csv,42,OrderNormalizedMultisourceFusionNet,vibration_current,0.8071295557329077,0.8053926342701591,0.8023743016759777,0.7945111048166367,0.8062007844027925,0.6964618249534451,11,0.9108595344831966,68420,0,11.689728260040283,0.0646427991257667,results\formal_runs\postfix_neural_fusion_20260710_180646\predictions\corrected_fusion_vibration_current_cross_load_seed42_predictions.csv,results\formal_runs\postfix_neural_fusion_20260710_180646\checkpoints\corrected_fusion_vibration_current_cross_load_seed42.pt,no_scalars,corrected_formal_train_only_zscore
cross_load,mcc5_postfix_cross_load_split.csv,43,OrderNormalizedMultisourceFusionNet,vibration_current,0.7958233572758713,0.8453516832557504,0.808659217877095,0.808216646546527,0.7938060376116153,0.5595903165735568,30,0.9830309010007144,68420,0,30.97499966621399,0.0649635130244704,results\formal_runs\postfix_neural_fusion_20260710_180646\predictions\corrected_fusion_vibration_current_cross_load_seed43_predictions.csv,results\formal_runs\postfix_neural_fusion_20260710_180646\checkpoints\corrected_fusion_vibration_current_cross_load_seed43.pt,no_scalars,corrected_formal_train_only_zscore
cross_load,mcc5_postfix_cross_load_split.csv,44,OrderNormalizedMultisourceFusionNet,vibration_current,0.8876030859271082,0.8914610784411116,0.8897811918063314,0.8831932560051945,0.8884080217958819,0.771415270018622,20,0.9872198985404006,68420,0,20.638754844665527,0.0644413579426791,results\formal_runs\postfix_neural_fusion_20260710_180646\predictions\corrected_fusion_vibration_current_cross_load_seed44_predictions.csv,results\formal_runs\postfix_neural_fusion_20260710_180646\checkpoints\corrected_fusion_vibration_current_cross_load_seed44.pt,no_scalars,corrected_formal_train_only_zscore
cross_load,mcc5_postfix_cross_load_split.csv,42,OrderNormalizedMultisourceFusionNet,vibration_current_rpm_load_only,0.7391593508911944,0.8299245199948804,0.7099627560521415,0.728954194201459,0.7383178398867533,0.505586592178771,12,0.9262323422517836,68452,2,12.650997161865234,0.0649088714692972,results\formal_runs\postfix_neural_fusion_20260710_180646\predictions\corrected_fusion_vibration_current_rpm_load_only_cross_load_seed42_predictions.csv,results\formal_runs\postfix_neural_fusion_20260710_180646\checkpoints\corrected_fusion_vibration_current_rpm_load_only_cross_load_seed42.pt,context_2,corrected_formal_train_only_zscore
cross_load,mcc5_postfix_cross_load_split.csv,43,OrderNormalizedMultisourceFusionNet,vibration_current_rpm_load_only,0.889731311519021,0.9002281813592312,0.8904795158286779,0.8882495848730146,0.8905471230306282,0.7797951582867784,30,0.9827872162233784,68452,2,30.963229179382324,0.0652649453993521,results\formal_runs\postfix_neural_fusion_20260710_180646\predictions\corrected_fusion_vibration_current_rpm_load_only_cross_load_seed43_predictions.csv,results\formal_runs\postfix_neural_fusion_20260710_180646\checkpoints\corrected_fusion_vibration_current_rpm_load_only_cross_load_seed43.pt,context_2,corrected_formal_train_only_zscore
cross_load,mcc5_postfix_cross_load_split.csv,44,OrderNormalizedMultisourceFusionNet,vibration_current_rpm_load_only,0.879489225857941,0.888120209817024,0.8824487895716946,0.875561978328671,0.880040495436671,0.7388268156424581,17,0.948618710323236,68452,2,17.55529284477234,0.065707215352019,results\formal_runs\postfix_neural_fusion_20260710_180646\predictions\corrected_fusion_vibration_current_rpm_load_only_cross_load_seed44_predictions.csv,results\formal_runs\postfix_neural_fusion_20260710_180646\checkpoints\corrected_fusion_vibration_current_rpm_load_only_cross_load_seed44.pt,context_2,corrected_formal_train_only_zscore
cross_load,mcc5_postfix_cross_load_split.csv,42,OrderNormalizedMultisourceFusionNet,vibration_current_auxiliary_only,0.9275073157754722,0.9414503023722048,0.9356378026070764,0.9356081050646023,0.928586762106164,0.8584729981378026,9,0.9845320690363444,69220,26,10.274688720703123,0.0725888800005799,results\formal_runs\postfix_neural_fusion_20260710_180646\predictions\corrected_fusion_vibration_current_auxiliary_only_cross_load_seed42_predictions.csv,results\formal_runs\postfix_neural_fusion_20260710_180646\checkpoints\corrected_fusion_vibration_current_auxiliary_only_cross_load_seed42.pt,auxiliary_26,posthoc_exploratory_same_holdout
cross_load,mcc5_postfix_cross_load_split.csv,43,OrderNormalizedMultisourceFusionNet,vibration_current_auxiliary_only,0.9103484969406758,0.9283819025035996,0.9208566108007448,0.918699370545921,0.9109248907768548,0.7863128491620112,26,0.9839722045206348,69220,26,29.375666618347168,0.0751806275899754,results\formal_runs\postfix_neural_fusion_20260710_180646\predictions\corrected_fusion_vibration_current_auxiliary_only_cross_load_seed43_predictions.csv,results\formal_runs\postfix_neural_fusion_20260710_180646\checkpoints\corrected_fusion_vibration_current_auxiliary_only_cross_load_seed43.pt,auxiliary_26,posthoc_exploratory_same_holdout
cross_load,mcc5_postfix_cross_load_split.csv,44,OrderNormalizedMultisourceFusionNet,vibration_current_auxiliary_only,0.86512370311253,0.9068694345196536,0.8811685288640597,0.8784018884425943,0.8650640369606751,0.6475791433891993,15,0.987302383894046,69220,26,17.103050231933594,0.0713753490950332,results\formal_runs\postfix_neural_fusion_20260710_180646\predictions\corrected_fusion_vibration_current_auxiliary_only_cross_load_seed44_predictions.csv,results\formal_runs\postfix_neural_fusion_20260710_180646\checkpoints\corrected_fusion_vibration_current_auxiliary_only_cross_load_seed44.pt,auxiliary_26,posthoc_exploratory_same_holdout
cross_load,mcc5_postfix_cross_load_split.csv,42,OrderNormalizedMultisourceFusionNet,vibration_current_rpm_load,0.9361532322426176,0.9464949041225756,0.9433193668528864,0.941839169698816,0.9363521871169092,0.840782122905028,18,0.9871367756904544,69284,28,18.81606125831604,0.0660699807319529,results\formal_runs\postfix_neural_fusion_20260710_180646\predictions\corrected_fusion_vibration_current_rpm_load_cross_load_seed42_predictions.csv,results\formal_runs\postfix_neural_fusion_20260710_180646\checkpoints\corrected_fusion_vibration_current_rpm_load_cross_load_seed42.pt,auxiliary_context_28,posthoc_exploratory_same_holdout
cross_load,mcc5_postfix_cross_load_split.csv,43,OrderNormalizedMultisourceFusionNet,vibration_current_rpm_load,0.9523809523809524,0.950323598004144,0.9577513966480448,0.9529348124271386,0.9521662631875244,0.8957169459962756,10,0.9861480136343784,69284,28,10.38631272315979,0.0669597850006988,results\formal_runs\postfix_neural_fusion_20260710_180646\predictions\corrected_fusion_vibration_current_rpm_load_cross_load_seed43_predictions.csv,results\formal_runs\postfix_neural_fusion_20260710_180646\checkpoints\corrected_fusion_vibration_current_rpm_load_cross_load_seed43.pt,auxiliary_context_28,posthoc_exploratory_same_holdout
cross_load,mcc5_postfix_cross_load_split.csv,44,OrderNormalizedMultisourceFusionNet,vibration_current_rpm_load,0.8933226922053737,0.8833429621269497,0.9059590316573556,0.887770438482114,0.8957233972212532,0.8375232774674115,19,0.987306082130298,69284,28,19.64878511428833,0.068919904119761,results\formal_runs\postfix_neural_fusion_20260710_180646\predictions\corrected_fusion_vibration_current_rpm_load_cross_load_seed44_predictions.csv,results\formal_runs\postfix_neural_fusion_20260710_180646\checkpoints\corrected_fusion_vibration_current_rpm_load_cross_load_seed44.pt,auxiliary_context_28,posthoc_exploratory_same_holdout
cross_load,mcc5_postfix_cross_load_split.csv,42,OrderNormalizedMultisourceFusionNet,full_multisource_fusion,0.9808459696727854,0.9799565232107345,0.9824255121042832,0.981073278709399,0.980868803660518,0.962756052141527,21,0.9849442255544132,76772,262,22.17384696006775,0.0653721671625793,results\formal_runs\postfix_neural_fusion_20260710_180646\predictions\corrected_fusion_full_multisource_fusion_cross_load_seed42_predictions.csv,results\formal_runs\postfix_neural_fusion_20260710_180646\checkpoints\corrected_fusion_full_multisource_fusion_cross_load_seed42.pt,full_fusion_legacy_262,corrected_formal_train_only_zscore
cross_load,mcc5_postfix_cross_load_split.csv,43,OrderNormalizedMultisourceFusionNet,full_multisource_fusion,0.967411545623836,0.9558718195078784,0.9705540037243948,0.9616650685320702,0.9680473287063904,0.9450651769087524,27,0.987163005020492,76772,262,28.28714370727539,0.0686954709880369,results\formal_runs\postfix_neural_fusion_20260710_180646\predictions\corrected_fusion_full_multisource_fusion_cross_load_seed43_predictions.csv,results\formal_runs\postfix_neural_fusion_20260710_180646\checkpoints\corrected_fusion_full_multisource_fusion_cross_load_seed43.pt,full_fusion_legacy_262,corrected_formal_train_only_zscore
cross_load,mcc5_postfix_cross_load_split.csv,44,OrderNormalizedMultisourceFusionNet,full_multisource_fusion,0.9356211758446396,0.9228669054900496,0.943086592178771,0.928420789901542,0.9375470456595288,0.9036312849162011,28,0.9924443040164816,76772,262,31.749829053878784,0.0767850216223414,results\formal_runs\postfix_neural_fusion_20260710_180646\predictions\corrected_fusion_full_multisource_fusion_cross_load_seed44_predictions.csv,results\formal_runs\postfix_neural_fusion_20260710_180646\checkpoints\corrected_fusion_full_multisource_fusion_cross_load_seed44.pt,full_fusion_legacy_262,corrected_formal_train_only_zscore
cross_rpm,mcc5_postfix_cross_rpm_split.csv,42,OrderNormalizedMultisourceFusionNet,vibration_current,0.5833998403830806,0.754287106855203,0.5736039061807219,0.5599468134874344,0.5543553983984688,0.2451117318435754,12,0.9953426075105284,68420,0,19.15719962120056,0.0806292437213188,results\formal_runs\postfix_neural_fusion_20260710_180646\predictions\corrected_fusion_vibration_current_cross_rpm_seed42_predictions.csv,results\formal_runs\postfix_neural_fusion_20260710_180646\checkpoints\corrected_fusion_vibration_current_cross_rpm_seed42.pt,no_scalars,corrected_formal_train_only_zscore
cross_rpm,mcc5_postfix_cross_rpm_split.csv,43,OrderNormalizedMultisourceFusionNet,vibration_current,0.786512370311253,0.8620622349605391,0.7958510685465993,0.8026641511533563,0.793100269870343,0.6536312849162011,30,0.9975561101287916,68420,0,43.951168060302734,0.067994010419914,results\formal_runs\postfix_neural_fusion_20260710_180646\predictions\corrected_fusion_vibration_current_cross_rpm_seed43_predictions.csv,results\formal_runs\postfix_neural_fusion_20260710_180646\checkpoints\corrected_fusion_vibration_current_cross_rpm_seed43.pt,no_scalars,corrected_formal_train_only_zscore
cross_rpm,mcc5_postfix_cross_rpm_split.csv,44,OrderNormalizedMultisourceFusionNet,vibration_current,0.7408220271348763,0.7967446025591483,0.7588315819810233,0.7366434955217693,0.7250712325389955,0.4085195530726257,20,0.9976748219033648,68420,0,27.588043689727783,0.0678815560063075,results\formal_runs\postfix_neural_fusion_20260710_180646\predictions\corrected_fusion_vibration_current_cross_rpm_seed44_predictions.csv,results\formal_runs\postfix_neural_fusion_20260710_180646\checkpoints\corrected_fusion_vibration_current_cross_rpm_seed44.pt,no_scalars,corrected_formal_train_only_zscore
cross_rpm,mcc5_postfix_cross_rpm_split.csv,45,OrderNormalizedMultisourceFusionNet,vibration_current,0.8256185155626496,0.8633605179038413,0.7706559812006739,0.7791652851963214,0.811697285538121,0.3715083798882682,21,0.995350814267554,68420,0,29.19982099533081,0.0660929885371056,results\formal_runs\postfix_neural_fusion_20260710_180646\predictions\corrected_fusion_vibration_current_cross_rpm_seed45_predictions.csv,results\formal_runs\postfix_neural_fusion_20260710_180646\checkpoints\corrected_fusion_vibration_current_cross_rpm_seed45.pt,no_scalars,corrected_formal_train_only_zscore
cross_rpm,mcc5_postfix_cross_rpm_split.csv,46,OrderNormalizedMultisourceFusionNet,vibration_current,0.6388667198723065,0.7799236628671925,0.6582867783985102,0.6622969106991302,0.6403284061523319,0.4832402234636871,19,0.9976722451754108,68420,0,28.464806079864506,0.077403600179759,results\formal_runs\postfix_neural_fusion_20260710_180646\predictions\corrected_fusion_vibration_current_cross_rpm_seed46_predictions.csv,results\formal_runs\postfix_neural_fusion_20260710_180646\checkpoints\corrected_fusion_vibration_current_cross_rpm_seed46.pt,no_scalars,corrected_formal_train_only_zscore
cross_rpm,mcc5_postfix_cross_rpm_split.csv,42,OrderNormalizedMultisourceFusionNet,vibration_current_rpm_load_only,0.7386272944932163,0.8051123463100485,0.7353102553870711,0.7368487968215018,0.7283140580774307,0.4713687150837989,15,0.9922025334651416,68452,2,23.003007173538208,0.0677813745363179,results\formal_runs\postfix_neural_fusion_20260710_180646\predictions\corrected_fusion_vibration_current_rpm_load_only_cross_rpm_seed42_predictions.csv,results\formal_runs\postfix_neural_fusion_20260710_180646\checkpoints\corrected_fusion_vibration_current_rpm_load_only_cross_rpm_seed42.pt,context_2,corrected_formal_train_only_zscore
cross_rpm,mcc5_postfix_cross_rpm_split.csv,43,OrderNormalizedMultisourceFusionNet,vibration_current_rpm_load_only,0.6775738228252195,0.7588575086308043,0.6335045889864325,0.623118930013966,0.6514605645151466,0.2793296089385474,30,0.9941790806473878,68452,2,47.77998328208923,0.0779097401800863,results\formal_runs\postfix_neural_fusion_20260710_180646\predictions\corrected_fusion_vibration_current_rpm_load_only_cross_rpm_seed43_predictions.csv,results\formal_runs\postfix_neural_fusion_20260710_180646\checkpoints\corrected_fusion_vibration_current_rpm_load_only_cross_rpm_seed43.pt,context_2,corrected_formal_train_only_zscore
cross_rpm,mcc5_postfix_cross_rpm_split.csv,44,OrderNormalizedMultisourceFusionNet,vibration_current_rpm_load_only,0.7791300877893057,0.8218313011748382,0.7458543938990866,0.7604580871059781,0.7726547705392182,0.4874301675977653,24,0.995111937086163,68452,2,36.543036222457886,0.0707256441961168,results\formal_runs\postfix_neural_fusion_20260710_180646\predictions\corrected_fusion_vibration_current_rpm_load_only_cross_rpm_seed44_predictions.csv,results\formal_runs\postfix_neural_fusion_20260710_180646\checkpoints\corrected_fusion_vibration_current_rpm_load_only_cross_rpm_seed44.pt,context_2,corrected_formal_train_only_zscore
cross_rpm,mcc5_postfix_cross_rpm_split.csv,45,OrderNormalizedMultisourceFusionNet,vibration_current_rpm_load_only,0.7440143655227454,0.7985813729987038,0.7052656956637404,0.7116398339387172,0.7337931764939868,0.38268156424581,19,0.9930244287389636,68452,2,29.102032899856567,0.0708379559010766,results\formal_runs\postfix_neural_fusion_20260710_180646\predictions\corrected_fusion_vibration_current_rpm_load_only_cross_rpm_seed45_predictions.csv,results\formal_runs\postfix_neural_fusion_20260710_180646\checkpoints\corrected_fusion_vibration_current_rpm_load_only_cross_rpm_seed45.pt,context_2,corrected_formal_train_only_zscore
cross_rpm,mcc5_postfix_cross_rpm_split.csv,46,OrderNormalizedMultisourceFusionNet,vibration_current_rpm_load_only,0.7102952913008779,0.809891663254777,0.7268056664006385,0.7298681588330166,0.7099168518004412,0.5153631284916201,16,0.9939490678434686,68452,2,24.25519633293152,0.0710432185045928,results\formal_runs\postfix_neural_fusion_20260710_180646\predictions\corrected_fusion_vibration_current_rpm_load_only_cross_rpm_seed46_predictions.csv,results\formal_runs\postfix_neural_fusion_20260710_180646\checkpoints\corrected_fusion_vibration_current_rpm_load_only_cross_rpm_seed46.pt,context_2,corrected_formal_train_only_zscore
cross_rpm,mcc5_postfix_cross_rpm_split.csv,42,OrderNormalizedMultisourceFusionNet,vibration_current_auxiliary_only,0.9020351157222666,0.9177497043259282,0.9179247583577193,0.9120983266912436,0.902459181786119,0.8058659217877095,21,0.996742436446174,69220,26,29.9042444229126,0.0693907475148023,results\formal_runs\postfix_neural_fusion_20260710_180646\predictions\corrected_fusion_vibration_current_auxiliary_only_cross_rpm_seed42_predictions.csv,results\formal_runs\postfix_neural_fusion_20260710_180646\checkpoints\corrected_fusion_vibration_current_auxiliary_only_cross_rpm_seed42.pt,auxiliary_26,posthoc_exploratory_same_holdout
cross_rpm,mcc5_postfix_cross_rpm_split.csv,43,OrderNormalizedMultisourceFusionNet,vibration_current_auxiliary_only,0.9343575418994412,0.9441830549567224,0.945999046732287,0.9430843422500552,0.9347065071890184,0.8764742396027312,11,0.9963924678937646,69220,26,15.70713496208191,0.0695621881690485,results\formal_runs\postfix_neural_fusion_20260710_180646\predictions\corrected_fusion_vibration_current_auxiliary_only_cross_rpm_seed43_predictions.csv,results\formal_runs\postfix_neural_fusion_20260710_180646\checkpoints\corrected_fusion_vibration_current_auxiliary_only_cross_rpm_seed43.pt,auxiliary_26,posthoc_exploratory_same_holdout
cross_rpm,mcc5_postfix_cross_rpm_split.csv,44,OrderNormalizedMultisourceFusionNet,vibration_current_auxiliary_only,0.922585794094174,0.9231705589248208,0.9344822426177176,0.92743140324524,0.9227577936031236,0.8715083798882681,24,0.9969741215725192,69220,26,34.095908403396606,0.068817962576462,results\formal_runs\postfix_neural_fusion_20260710_180646\predictions\corrected_fusion_vibration_current_auxiliary_only_cross_rpm_seed44_predictions.csv,results\formal_runs\postfix_neural_fusion_20260710_180646\checkpoints\corrected_fusion_vibration_current_auxiliary_only_cross_rpm_seed44.pt,auxiliary_26,posthoc_exploratory_same_holdout
cross_rpm,mcc5_postfix_cross_rpm_split.csv,45,OrderNormalizedMultisourceFusionNet,vibration_current_auxiliary_only,0.9090183559457302,0.9259880176386752,0.9261716325263812,0.9209016347884788,0.909865555303806,0.8038485412787089,16,0.9969737038135228,69220,26,22.78069949150085,0.0682447019426326,results\formal_runs\postfix_neural_fusion_20260710_180646\predictions\corrected_fusion_vibration_current_auxiliary_only_cross_rpm_seed45_predictions.csv,results\formal_runs\postfix_neural_fusion_20260710_180646\checkpoints\corrected_fusion_vibration_current_auxiliary_only_cross_rpm_seed45.pt,auxiliary_26,posthoc_exploratory_same_holdout
cross_rpm,mcc5_postfix_cross_rpm_split.csv,46,OrderNormalizedMultisourceFusionNet,vibration_current_auxiliary_only,0.8661213088587391,0.886619641931438,0.8843109869646182,0.8772784803368712,0.86744509189795,0.7318435754189944,15,0.9968562914028114,69220,26,21.267693281173703,0.0683553962829297,results\formal_runs\postfix_neural_fusion_20260710_180646\predictions\corrected_fusion_vibration_current_auxiliary_only_cross_rpm_seed46_predictions.csv,results\formal_runs\postfix_neural_fusion_20260710_180646\checkpoints\corrected_fusion_vibration_current_auxiliary_only_cross_rpm_seed46.pt,auxiliary_26,posthoc_exploratory_same_holdout
cross_rpm,mcc5_postfix_cross_rpm_split.csv,42,OrderNormalizedMultisourceFusionNet,vibration_current_rpm_load,0.8703112529928172,0.8983333715115605,0.8895262481156335,0.8818537582899935,0.869899066478404,0.696927374301676,12,0.9963911706818088,69284,28,17.410874605178833,0.0742046907246826,results\formal_runs\postfix_neural_fusion_20260710_180646\predictions\corrected_fusion_vibration_current_rpm_load_cross_rpm_seed42_predictions.csv,results\formal_runs\postfix_neural_fusion_20260710_180646\checkpoints\corrected_fusion_vibration_current_rpm_load_cross_rpm_seed42.pt,auxiliary_context_28,posthoc_exploratory_same_holdout
cross_rpm,mcc5_postfix_cross_rpm_split.csv,43,OrderNormalizedMultisourceFusionNet,vibration_current_rpm_load,0.8701117318435754,0.8999101054938962,0.8881961071206881,0.8820303259660285,0.8703344183046098,0.6997206703910615,13,0.9963924678937646,69284,28,18.67198348045349,0.0694527306370229,results\formal_runs\postfix_neural_fusion_20260710_180646\predictions\corrected_fusion_vibration_current_rpm_load_cross_rpm_seed43_predictions.csv,results\formal_runs\postfix_neural_fusion_20260710_180646\checkpoints\corrected_fusion_vibration_current_rpm_load_cross_rpm_seed43.pt,auxiliary_context_28,posthoc_exploratory_same_holdout
cross_rpm,mcc5_postfix_cross_rpm_split.csv,44,OrderNormalizedMultisourceFusionNet,vibration_current_rpm_load,0.9337589784517158,0.9419211583212436,0.9444693845880996,0.9429224616610016,0.9338000010205696,0.8839230291744258,9,0.996509448847488,69284,28,13.268749713897703,0.0716672834166506,results\formal_runs\postfix_neural_fusion_20260710_180646\predictions\corrected_fusion_vibration_current_rpm_load_cross_rpm_seed44_predictions.csv,results\formal_runs\postfix_neural_fusion_20260710_180646\checkpoints\corrected_fusion_vibration_current_rpm_load_cross_rpm_seed44.pt,auxiliary_context_28,posthoc_exploratory_same_holdout
cross_rpm,mcc5_postfix_cross_rpm_split.csv,45,OrderNormalizedMultisourceFusionNet,vibration_current_rpm_load,0.9315642458100558,0.9349397265755424,0.939231954420502,0.9336390056776488,0.9302572279117372,0.8079608938547486,16,0.9968567228597992,69284,28,22.52185440063477,0.0675104659553156,results\formal_runs\postfix_neural_fusion_20260710_180646\predictions\corrected_fusion_vibration_current_rpm_load_cross_rpm_seed45_predictions.csv,results\formal_runs\postfix_neural_fusion_20260710_180646\checkpoints\corrected_fusion_vibration_current_rpm_load_cross_rpm_seed45.pt,auxiliary_context_28,posthoc_exploratory_same_holdout
cross_rpm,mcc5_postfix_cross_rpm_split.csv,46,OrderNormalizedMultisourceFusionNet,vibration_current_rpm_load,0.8980446927374302,0.9106124866677978,0.9126125077591558,0.9070019694294256,0.8992040411732759,0.8233240223463687,13,0.9968567228597992,69284,28,18.11937546730041,0.0699779935960092,results\formal_runs\postfix_neural_fusion_20260710_180646\predictions\corrected_fusion_vibration_current_rpm_load_cross_rpm_seed46_predictions.csv,results\formal_runs\postfix_neural_fusion_20260710_180646\checkpoints\corrected_fusion_vibration_current_rpm_load_cross_rpm_seed46.pt,auxiliary_context_28,posthoc_exploratory_same_holdout
cross_rpm,mcc5_postfix_cross_rpm_split.csv,42,OrderNormalizedMultisourceFusionNet,full_multisource_fusion,0.5927773343974462,0.749909777884039,0.5310089119446662,0.4964883797103556,0.5488953127619085,0.0251396648044692,30,0.9979048021063786,76772,262,41.92089533805847,0.0683353695028416,results\formal_runs\postfix_neural_fusion_20260710_180646\predictions\corrected_fusion_full_multisource_fusion_cross_rpm_seed42_predictions.csv,results\formal_runs\postfix_neural_fusion_20260710_180646\checkpoints\corrected_fusion_full_multisource_fusion_cross_rpm_seed42.pt,full_fusion_legacy_262,corrected_formal_train_only_zscore
cross_rpm,mcc5_postfix_cross_rpm_split.csv,43,OrderNormalizedMultisourceFusionNet,full_multisource_fusion,0.6047486033519553,0.7156429441734449,0.5534578123614436,0.5311185182687883,0.5566475024451123,0.164804469273743,22,0.9979039371766234,76772,262,30.61798429489136,0.0685175608751399,results\formal_runs\postfix_neural_fusion_20260710_180646\predictions\corrected_fusion_full_multisource_fusion_cross_rpm_seed43_predictions.csv,results\formal_runs\postfix_neural_fusion_20260710_180646\checkpoints\corrected_fusion_full_multisource_fusion_cross_rpm_seed43.pt,full_fusion_legacy_262,corrected_formal_train_only_zscore
cross_rpm,mcc5_postfix_cross_rpm_split.csv,44,OrderNormalizedMultisourceFusionNet,full_multisource_fusion,0.5175578611332802,0.6285658376515748,0.4907887736100027,0.4592068906569433,0.4782658180627963,0.1243016759776536,13,0.9976726847158336,76772,262,18.42310333251953,0.0694439778400247,results\formal_runs\postfix_neural_fusion_20260710_180646\predictions\corrected_fusion_full_multisource_fusion_cross_rpm_seed44_predictions.csv,results\formal_runs\postfix_neural_fusion_20260710_180646\checkpoints\corrected_fusion_full_multisource_fusion_cross_rpm_seed44.pt,full_fusion_legacy_262,corrected_formal_train_only_zscore
cross_rpm,mcc5_postfix_cross_rpm_split.csv,45,OrderNormalizedMultisourceFusionNet,full_multisource_fusion,0.4243814844373503,0.6347800154774824,0.3930816041500399,0.324942778462999,0.3566876242568482,0.0223463687150838,21,0.9979039371766234,76772,262,29.9929461479187,0.0692382871105684,results\formal_runs\postfix_neural_fusion_20260710_180646\predictions\corrected_fusion_full_multisource_fusion_cross_rpm_seed45_predictions.csv,results\formal_runs\postfix_neural_fusion_20260710_180646\checkpoints\corrected_fusion_full_multisource_fusion_cross_rpm_seed45.pt,full_fusion_legacy_262,corrected_formal_train_only_zscore
cross_rpm,mcc5_postfix_cross_rpm_split.csv,46,OrderNormalizedMultisourceFusionNet,full_multisource_fusion,0.554269752593775,0.7081868328798114,0.5045612751618338,0.4665923297421633,0.4993118545319858,0.0879888268156424,15,0.9979043698421788,76772,262,21.248037099838257,0.0692018964056576,results\formal_runs\postfix_neural_fusion_20260710_180646\predictions\corrected_fusion_full_multisource_fusion_cross_rpm_seed46_predictions.csv,results\formal_runs\postfix_neural_fusion_20260710_180646\checkpoints\corrected_fusion_full_multisource_fusion_cross_rpm_seed46.pt,full_fusion_legacy_262,corrected_formal_train_only_zscore
source_file,mcc5_postfix_source_file_split.csv,42,OrderNormalizedMultisourceFusionNet,full_engineered_features_254,0.9925512104283054,0.9939857906849344,0.9926675977653632,0.9933026325694796,0.9925517295285002,0.9813780260707636,30,0.97444319357043,76516,254,62.669438123703,0.0750640029125817,results\formal_runs\postfix_neural_fusion_20260710_180646\predictions\corrected_fusion_full_engineered_features_254_source_file_seed42_predictions.csv,results\formal_runs\postfix_neural_fusion_20260710_180646\checkpoints\corrected_fusion_full_engineered_features_254_source_file_seed42.pt,full_engineered_254,corrected_formal_train_only_zscore
source_file,mcc5_postfix_source_file_split.csv,43,OrderNormalizedMultisourceFusionNet,full_engineered_features_254,0.9934823091247672,0.9926051903398002,0.9938314711359404,0.9932006538259572,0.9934856062999556,0.988826815642458,18,0.977881454461116,76516,254,34.53478980064392,0.0757860293823469,results\formal_runs\postfix_neural_fusion_20260710_180646\predictions\corrected_fusion_full_engineered_features_254_source_file_seed43_predictions.csv,results\formal_runs\postfix_neural_fusion_20260710_180646\checkpoints\corrected_fusion_full_engineered_features_254_source_file_seed43.pt,full_engineered_254,corrected_formal_train_only_zscore
source_file,mcc5_postfix_source_file_split.csv,44,OrderNormalizedMultisourceFusionNet,full_engineered_features_254,0.9953445065176908,0.9954627708925782,0.9947625698324022,0.995107199558842,0.99534242277441,0.988826815642458,16,0.9798178673088924,76516,254,30.84657835960388,0.0694718218826492,results\formal_runs\postfix_neural_fusion_20260710_180646\predictions\corrected_fusion_full_engineered_features_254_source_file_seed44_predictions.csv,results\formal_runs\postfix_neural_fusion_20260710_180646\checkpoints\corrected_fusion_full_engineered_features_254_source_file_seed44.pt,full_engineered_254,corrected_formal_train_only_zscore
cross_condition,mcc5_postfix_cross_condition_split.csv,42,OrderNormalizedMultisourceFusionNet,full_engineered_features_254,0.9687416866187816,0.9736773992899128,0.9668296089385474,0.9696067997391512,0.9686695170108888,0.926443202979516,19,0.989072486674822,76516,254,22.40658497810364,0.0751613143531208,results\formal_runs\postfix_neural_fusion_20260710_180646\predictions\corrected_fusion_full_engineered_features_254_cross_condition_seed42_predictions.csv,results\formal_runs\postfix_neural_fusion_20260710_180646\checkpoints\corrected_fusion_full_engineered_features_254_cross_condition_seed42.pt,full_engineered_254,corrected_formal_train_only_zscore
cross_condition,mcc5_postfix_cross_condition_split.csv,43,OrderNormalizedMultisourceFusionNet,full_engineered_features_254,0.9749933492950252,0.9794879489517384,0.9771880819366854,0.9775455655076346,0.97493830960264,0.9175977653631284,17,0.9884582868189172,76516,254,19.49795174598694,0.0711590979257204,results\formal_runs\postfix_neural_fusion_20260710_180646\predictions\corrected_fusion_full_engineered_features_254_cross_condition_seed43_predictions.csv,results\formal_runs\postfix_neural_fusion_20260710_180646\checkpoints\corrected_fusion_full_engineered_features_254_cross_condition_seed43.pt,full_engineered_254,corrected_formal_train_only_zscore
cross_condition,mcc5_postfix_cross_condition_split.csv,44,OrderNormalizedMultisourceFusionNet,full_engineered_features_254,0.9687416866187816,0.9736021087559432,0.967062383612663,0.9697090813990203,0.9686471134356152,0.925512104283054,21,0.9788720179158138,76516,254,23.266348361969,0.0745011124404131,results\formal_runs\postfix_neural_fusion_20260710_180646\predictions\corrected_fusion_full_engineered_features_254_cross_condition_seed44_predictions.csv,results\formal_runs\postfix_neural_fusion_20260710_180646\checkpoints\corrected_fusion_full_engineered_features_254_cross_condition_seed44.pt,full_engineered_254,corrected_formal_train_only_zscore
cross_load,mcc5_postfix_cross_load_split.csv,42,OrderNormalizedMultisourceFusionNet,full_engineered_features_254,0.9707368981111998,0.961918241549434,0.9731145251396648,0.9663722498929668,0.9708071769250022,0.9171322160148976,28,0.9908193894338572,76516,254,32.01611614227295,0.0757398552068784,results\formal_runs\postfix_neural_fusion_20260710_180646\predictions\corrected_fusion_full_engineered_features_254_cross_load_seed42_predictions.csv,results\formal_runs\postfix_neural_fusion_20260710_180646\checkpoints\corrected_fusion_full_engineered_features_254_cross_load_seed42.pt,full_engineered_254,corrected_formal_train_only_zscore
cross_load,mcc5_postfix_cross_load_split.csv,43,OrderNormalizedMultisourceFusionNet,full_engineered_features_254,0.9360202181431232,0.9218250956434008,0.943086592178771,0.9267541252336188,0.9380937447593845,0.8868715083798883,23,0.9925631437279424,76516,254,26.39465308189392,0.0756206142042951,results\formal_runs\postfix_neural_fusion_20260710_180646\predictions\corrected_fusion_full_engineered_features_254_cross_load_seed43_predictions.csv,results\formal_runs\postfix_neural_fusion_20260710_180646\checkpoints\corrected_fusion_full_engineered_features_254_cross_load_seed43.pt,full_engineered_254,corrected_formal_train_only_zscore
cross_load,mcc5_postfix_cross_load_split.csv,44,OrderNormalizedMultisourceFusionNet,full_engineered_features_254,0.9023676509710028,0.9030584609392522,0.9136405959031656,0.8966141577767254,0.8982712476233796,0.6792364990689013,24,0.9896662566657822,76516,254,27.683908224105835,0.0756333311303685,results\formal_runs\postfix_neural_fusion_20260710_180646\predictions\corrected_fusion_full_engineered_features_254_cross_load_seed44_predictions.csv,results\formal_runs\postfix_neural_fusion_20260710_180646\checkpoints\corrected_fusion_full_engineered_features_254_cross_load_seed44.pt,full_engineered_254,corrected_formal_train_only_zscore
cross_rpm,mcc5_postfix_cross_rpm_split.csv,42,OrderNormalizedMultisourceFusionNet,full_engineered_features_254,0.6229050279329609,0.7279518313751898,0.563317482486477,0.5235671952017471,0.5760007518695979,0.0223463687150838,23,0.9979039379815848,76516,254,33.588855266571045,0.0834163911610913,results\formal_runs\postfix_neural_fusion_20260710_180646\predictions\corrected_fusion_full_engineered_features_254_cross_rpm_seed42_predictions.csv,results\formal_runs\postfix_neural_fusion_20260710_180646\checkpoints\corrected_fusion_full_engineered_features_254_cross_rpm_seed42.pt,full_engineered_254,corrected_formal_train_only_zscore
cross_rpm,mcc5_postfix_cross_rpm_split.csv,43,OrderNormalizedMultisourceFusionNet,full_engineered_features_254,0.492218675179569,0.731283148486481,0.4464562826992995,0.3906238036051188,0.4263761132037266,0.0279329608938547,11,0.9979060928785648,76516,254,17.406919240951538,0.0686295871628063,results\formal_runs\postfix_neural_fusion_20260710_180646\predictions\corrected_fusion_full_engineered_features_254_cross_rpm_seed43_predictions.csv,results\formal_runs\postfix_neural_fusion_20260710_180646\checkpoints\corrected_fusion_full_engineered_features_254_cross_rpm_seed43.pt,full_engineered_254,corrected_formal_train_only_zscore
cross_rpm,mcc5_postfix_cross_rpm_split.csv,44,OrderNormalizedMultisourceFusionNet,full_engineered_features_254,0.5335195530726257,0.6037347938485573,0.4926565132570719,0.4278570157706374,0.4711181090299902,0.0321229050279329,14,0.9979048025099844,76516,254,20.743488788604736,0.0719762952063241,results\formal_runs\postfix_neural_fusion_20260710_180646\predictions\corrected_fusion_full_engineered_features_254_cross_rpm_seed44_predictions.csv,results\formal_runs\postfix_neural_fusion_20260710_180646\checkpoints\corrected_fusion_full_engineered_features_254_cross_rpm_seed44.pt,full_engineered_254,corrected_formal_train_only_zscore
cross_rpm,mcc5_postfix_cross_rpm_split.csv,45,OrderNormalizedMultisourceFusionNet,full_engineered_features_254,0.4122106943335993,0.6351462989772945,0.3850093109869646,0.3165845564278325,0.3453827344879391,0.0251396648044692,30,0.999068901303538,76516,254,44.90031671524048,0.0719390006799842,results\formal_runs\postfix_neural_fusion_20260710_180646\predictions\corrected_fusion_full_engineered_features_254_cross_rpm_seed45_predictions.csv,results\formal_runs\postfix_neural_fusion_20260710_180646\checkpoints\corrected_fusion_full_engineered_features_254_cross_rpm_seed45.pt,full_engineered_254,corrected_formal_train_only_zscore
cross_rpm,mcc5_postfix_cross_rpm_split.csv,46,OrderNormalizedMultisourceFusionNet,full_engineered_features_254,0.4483240223463687,0.6836584211661749,0.4119418950075375,0.3419257798584079,0.3771149539094211,0.020949720670391,19,0.9979039339477676,76516,254,27.825629472732544,0.0735538917261414,results\formal_runs\postfix_neural_fusion_20260710_180646\predictions\corrected_fusion_full_engineered_features_254_cross_rpm_seed46_predictions.csv,results\formal_runs\postfix_neural_fusion_20260710_180646\checkpoints\corrected_fusion_full_engineered_features_254_cross_rpm_seed46.pt,full_engineered_254,corrected_formal_train_only_zscore
