split_name,setting,setting_label,model,scalar_feature_count,evidence_status,accuracy_mean,accuracy_std,macro_precision_mean,macro_precision_std,macro_recall_mean,macro_recall_std,macro_f1_mean,macro_f1_std,weighted_f1_mean,weighted_f1_std,worst_class_recall_mean,worst_class_recall_std,best_val_macro_f1_mean,best_val_macro_f1_std,train_time_sec_mean,train_time_sec_std,inference_time_ms_per_sample_mean,inference_time_ms_per_sample_std
cross_condition,full_engineered_features_254,full_engineered_254,OrderNormalizedMultisourceFusionNet,254,corrected_formal_train_only_zscore,0.9708255741775296,0.003609399129012,0.9755891523325314,0.0033766667698457,0.9703600248292986,0.0059144161933811,0.9722871488819352,0.0045542095298261,0.970751646683048,0.0036257737493894,0.9231843575418996,0.0048604778905543,0.9854675971365175,0.0057201887476012,21.723628362019863,1.9748482393403608,0.0736071749064181,0.0021456414702722
cross_condition,full_multisource_fusion,full_fusion_legacy_262,OrderNormalizedMultisourceFusionNet,262,corrected_formal_train_only_zscore,0.9625787000088676,0.0038189951729447,0.968034304438894,0.0032483268133135,0.96516139044072,0.0015887333356178,0.9660440158723494,0.0023372420453816,0.9625173307466116,0.003772465111326,0.9222532588454376,0.0065176908752328,0.9804419359922324,0.0119292647629381,17.35920508702596,5.844321756575754,0.0650776905128483,0.0011220384969576
cross_condition,vibration_current,no_scalars,OrderNormalizedMultisourceFusionNet,0,corrected_formal_train_only_zscore,0.9324731754899354,0.0075447648386648,0.9465616863651812,0.0045487469784087,0.9409140285536932,0.0066016692338316,0.9416670224784732,0.006162730485678,0.933333739975398,0.0070431205550606,0.8834574798261948,0.0441667069877593,0.965885865371284,0.0194830673435481,15.885369618733726,9.506097865380038,0.0647582134224161,0.0010835527813853
cross_condition,vibration_current_auxiliary_only,auxiliary_26,OrderNormalizedMultisourceFusionNet,26,posthoc_exploratory_same_holdout,0.9801365611421478,0.0107456404378273,0.9835891726024446,0.0084369983900541,0.9815720049658596,0.0080082043693871,0.9820319391792424,0.0086405374139339,0.9801135293728456,0.0107576076425512,0.936840471756673,0.0361583320617576,0.9764610310051016,0.0023394752208993,19.699746608734127,4.85301142818072,0.0643703947467267,0.0007278657529278
cross_condition,vibration_current_rpm_load,auxiliary_context_28,OrderNormalizedMultisourceFusionNet,28,posthoc_exploratory_same_holdout,0.9895805622062605,0.0139406983641681,0.9873125671322186,0.0179878946842066,0.9901070763500932,0.0117499343241376,0.9883772090718218,0.0154332700246998,0.9896102736505796,0.0138882030195893,0.9714463066418374,0.0349916420671978,0.9739761901745492,0.0016009909754928,24.164970715840656,7.805039187308841,0.0661785450135602,0.0015354531094122
cross_condition,vibration_current_rpm_load_only,context_2,OrderNormalizedMultisourceFusionNet,2,corrected_formal_train_only_zscore,0.9488339097277644,0.0174453117415813,0.9570118612565948,0.0130942379653263,0.9547641216635632,0.0158450719771114,0.9541864231321804,0.0144287378195813,0.9489807510057088,0.0173131499989843,0.888112973308504,0.0623737681810609,0.9673807410245407,0.0056548002878787,26.9006507396698,2.63624704225633,0.0655574346990399,0.0007442207248042
cross_load,full_engineered_features_254,full_engineered_254,OrderNormalizedMultisourceFusionNet,254,corrected_formal_train_only_zscore,0.936374922408442,0.0341860037144765,0.9289339327106956,0.0300669272907407,0.9432805710738672,0.0297374391225242,0.9299135109677704,0.0349861993161213,0.9357240564359222,0.0363259800552615,0.8277467411545624,0.1295005660601494,0.9910162632758608,0.001458443740765,28.6982258160909,2.944799121817866,0.075664600180514,6.548220595717617e-05
cross_load,full_multisource_fusion,full_fusion_legacy_262,OrderNormalizedMultisourceFusionNet,262,corrected_formal_train_only_zscore,0.961292897047087,0.0232249626372979,0.9528984160695542,0.0286607215345107,0.9653553693358164,0.0201781318475236,0.957053045714337,0.0266275085253736,0.9621543926754792,0.0222539592066754,0.9371508379888268,0.0303465334967081,0.9881838448637956,0.0038528404747086,27.40360657374064,4.848745885793407,0.0702842199243192,0.0058699577610772
cross_load,vibration_current,no_scalars,OrderNormalizedMultisourceFusionNet,0,corrected_formal_train_only_zscore,0.8301853329786292,0.0500455422203308,0.8474017986556737,0.0430708312012531,0.8336049037864681,0.0487514773589657,0.8286403357894527,0.0477386247872334,0.8294716146034299,0.0514152944810221,0.6758224705152079,0.1074101482133852,0.9603701113414372,0.0429285434265325,21.10116092363993,9.65094750990024,0.0646825566976387,0.0002633381490612
cross_load,vibration_current_auxiliary_only,auxiliary_26,OrderNormalizedMultisourceFusionNet,26,posthoc_exploratory_same_holdout,0.9009931719428926,0.0322268577677162,0.9255672131318192,0.0174614135325182,0.9125543140906268,0.0281677394108942,0.9109031213510392,0.0293891805122659,0.901525229947898,0.032787945502149,0.7641216635630044,0.107183912185544,0.9852688858170084,0.0017831707408362,18.91780185699463,9.678937532449924,0.0730482855618628,0.0019437917090883
cross_load,vibration_current_rpm_load,auxiliary_context_28,OrderNormalizedMultisourceFusionNet,28,posthoc_exploratory_same_holdout,0.927285625609648,0.0305113972031666,0.9267204880845564,0.0376147848971893,0.9356765983860956,0.0267286587806032,0.9275148068693562,0.0348638700629212,0.9280806158418956,0.0291163776617188,0.8580074487895718,0.0326980068671375,0.986863623818377,0.0006254915021204,16.283719698588055,5.124247655065941,0.0673165566174709,0.0014580741815814
cross_load,vibration_current_rpm_load_only,context_2,OrderNormalizedMultisourceFusionNet,2,corrected_formal_train_only_zscore,0.8361266294227189,0.0841321276863357,0.8727576370570452,0.0375853386530248,0.8276303538175047,0.1019822083206533,0.8309219191343815,0.0885342111048216,0.8363018194513508,0.0850190713565852,0.6747361887026692,0.1479131190189151,0.952546089599466,0.0284812512623701,20.389839728673294,9.479475322696873,0.0652936774068894,0.0003999467276559
cross_rpm,full_engineered_features_254,full_engineered_254,OrderNormalizedMultisourceFusionNet,254,corrected_formal_train_only_zscore,0.5018355945730247,0.0816245630371401,0.6763548987707395,0.0563571775514191,0.4598762968874701,0.0704583045240058,0.4001116701727487,0.0813379785782228,0.4391985325001349,0.090213490834469,0.0256983240223463,0.0044823481943802,0.998137533724288,0.0005206510533595,28.89304189682007,10.928965059971862,0.0739030331872694,0.0056125942220994
cross_rpm,full_multisource_fusion,full_fusion_legacy_262,OrderNormalizedMultisourceFusionNet,262,corrected_formal_train_only_zscore,0.5387470071827615,0.0725342941029272,0.6874170816132705,0.0533093533522793,0.4945796754455973,0.0616635751982614,0.4556697793682499,0.0783901019966661,0.4879616224117302,0.0804461989754271,0.0849162011173184,0.062110808777728,0.9978579462035276,0.0001035649408496,28.440593242645264,9.232447452970089,0.0689474183468464,0.0004887014128843
cross_rpm,vibration_current,no_scalars,OrderNormalizedMultisourceFusionNet,0,corrected_formal_train_only_zscore,0.7150438946528332,0.1014052771046335,0.8112756250291848,0.0493302725595094,0.7114458632615057,0.0931420642345417,0.7081433312116023,0.0985579332871682,0.704910518499652,0.1077322997942727,0.4324022346368715,0.1507340126322344,0.99671931979713,0.00125393512744,29.67220768928528,8.950961000935628,0.0720002797728809,0.0065491423022589
cross_rpm,vibration_current_auxiliary_only,auxiliary_26,OrderNormalizedMultisourceFusionNet,26,posthoc_exploratory_same_holdout,0.9068236233040702,0.0259373657040806,0.9195421955555168,0.020910482760065,0.9217777334397448,0.0233772615412196,0.9161588374623776,0.0245087616568345,0.9074468259560032,0.0255361583097932,0.8179081315952825,0.0592721906777343,0.9967878042257584,0.0002409939598177,24.751136112213132,7.274789441502917,0.068874199297175,0.0005934510941682
cross_rpm,vibration_current_rpm_load,auxiliary_context_28,OrderNormalizedMultisourceFusionNet,28,posthoc_exploratory_same_holdout,0.9007581803671189,0.0312715907456493,0.917143369714008,0.0201500805657662,0.9148072404008156,0.0265918563167147,0.9094895042048196,0.0283940566700602,0.9006989509777192,0.0309929174739903,0.7823711980136561,0.0818176287437315,0.996601306628532,0.000238056446863,17.99856753349304,3.303209320551016,0.0705626328659361,0.0025186428473299
cross_rpm,vibration_current_rpm_load_only,context_2,OrderNormalizedMultisourceFusionNet,2,corrected_formal_train_only_zscore,0.7299281723862729,0.0381488924462786,0.7988548384738343,0.0239204249635868,0.7093481200673939,0.0449455610134344,0.7123867613426359,0.0528775623712504,0.7192278842852446,0.0442386805320261,0.4272346368715084,0.0964349824785346,0.9936934095562248,0.001116210640364,32.13665118217468,10.23327611090392,0.071659586663638,0.0037427324120812
source_file,full_engineered_features_254,full_engineered_254,OrderNormalizedMultisourceFusionNet,254,corrected_formal_train_only_zscore,0.9937926753569212,0.0014222767520036,0.9940179173057708,0.0014290611406544,0.993753879577902,0.0010496391417184,0.9938701619847596,0.001072518711166,0.993793252867622,0.0014205551753238,0.9863438857852266,0.0043005606643546,0.9773808384468128,0.0027220840810052,42.68360209465027,17.406204561695564,0.0734406180591926,0.0034559858034965
source_file,full_multisource_fusion,full_fusion_legacy_262,OrderNormalizedMultisourceFusionNet,262,corrected_formal_train_only_zscore,0.994413407821229,0.0008063551245665,0.994892894107451,0.0007139185745055,0.9937926753569212,0.0016839334585824,0.994328714469451,0.0012051296940237,0.9944110298706704,0.0008126470040479,0.9882060831781502,0.009186001605803,0.9817383540556448,0.0141655424369833,29.81821886698405,5.809376018244393,0.0654000957732907,0.0006130043115018
source_file,vibration_current,no_scalars,OrderNormalizedMultisourceFusionNet,0,corrected_formal_train_only_zscore,0.883302296710118,0.0032699111585513,0.919033280945048,0.0015557120908704,0.9106921166977034,0.0036847821630664,0.8990733737358347,0.0028856187143808,0.8826479936756936,0.0028645722238319,0.6638733705772811,0.0044895953263467,0.9460970230784456,0.041163026459748,39.7057998975118,11.513629277280977,0.0660142715046821,0.0007332508072997
source_file,vibration_current_auxiliary_only,auxiliary_26,OrderNormalizedMultisourceFusionNet,26,posthoc_exploratory_same_holdout,0.9934823091247672,0.0013966480446927,0.9943022792205156,0.0013443123378802,0.9936762880198632,0.0012820229393124,0.9939861912078752,0.00130974604735,0.9934834409270596,0.0013969972617654,0.989447548106766,0.0028445535040073,0.9843864431019576,0.0019272387011086,45.21304233868917,7.542938430622279,0.0620607187258094,0.0027671828003538
source_file,vibration_current_rpm_load,auxiliary_context_28,OrderNormalizedMultisourceFusionNet,28,posthoc_exploratory_same_holdout,0.9914649286157666,0.0016349555792756,0.9923428616958732,0.001616263613966,0.9915813159528244,0.0015715882294016,0.991943366122474,0.0016041495174999,0.991460404764954,0.0016387496590051,0.9807572936064556,0.0056891070080147,0.9799417836999208,0.0063256538483409,45.74815042813619,6.631256860228764,0.0679130364766703,0.0021316338731332
source_file,vibration_current_rpm_load_only,context_2,OrderNormalizedMultisourceFusionNet,2,corrected_formal_train_only_zscore,0.8247982619491,0.0411407972350738,0.8706238413426565,0.0498504058913566,0.8556797020484171,0.0419490382538557,0.8455025752734375,0.0375097295871586,0.8247284452376706,0.0396076385066888,0.5986964618249534,0.0677674202650388,0.9435761475502576,0.0186201903777811,26.690703948338825,3.126874316683879,0.0663347898396847,0.0002538182199541
