fold,source_file,true_date,severity,prediction,fit_scope
1,data/raw/mcc5_thu_motor/MCC5-THU Motor/MCC5-THU Motor_speed_circulation/bearing_outer_H_speed_circulation_20Nm_1000rpm_250707104821.csv,250707,H,250707,training_fold_only
1,data/raw/mcc5_thu_motor/MCC5-THU Motor/MCC5-THU Motor_speed_circulation/bearing_outer_H_speed_circulation_20Nm_2000rpm_250707105253.csv,250707,H,250707,training_fold_only
1,data/raw/mcc5_thu_motor/MCC5-THU Motor/MCC5-THU Motor_speed_circulation/bearing_outer_H_speed_circulation_20Nm_3000rpm_250821110519.csv,250821,H,250707,training_fold_only
1,data/raw/mcc5_thu_motor/MCC5-THU Motor/MCC5-THU Motor_speed_circulation/bearing_outer_H_speed_circulation_40Nm_2000rpm_250707105500.csv,250707,H,250707,training_fold_only
1,data/raw/mcc5_thu_motor/MCC5-THU Motor/MCC5-THU Motor_speed_circulation/bearing_outer_H_speed_circulation_40Nm_3000rpm_250707105959.csv,250707,H,250707,training_fold_only
1,data/raw/mcc5_thu_motor/MCC5-THU Motor/MCC5-THU Motor_speed_circulation/bearing_outer_L_speed_circulation_20Nm_1000rpm_250708094556.csv,250708,L,250708,training_fold_only
1,data/raw/mcc5_thu_motor/MCC5-THU Motor/MCC5-THU Motor_speed_circulation/bearing_outer_L_speed_circulation_40Nm_2000rpm_250708100011.csv,250708,L,250708,training_fold_only
1,data/raw/mcc5_thu_motor/MCC5-THU Motor/MCC5-THU Motor_torque_circulation/bearing_outer_H_torque_circulation_20Nm_2000rpm_250707103802d.csv,250707,H,250707,training_fold_only
1,data/raw/mcc5_thu_motor/MCC5-THU Motor/MCC5-THU Motor_torque_circulation/bearing_outer_H_torque_circulation_40Nm_2000rpm_250707104408d.csv,250707,H,250707,training_fold_only
1,data/raw/mcc5_thu_motor/MCC5-THU Motor/MCC5-THU Motor_torque_circulation/bearing_outer_L_torque_circulation_20Nm_1000rpm_250708093600d.csv,250708,L,250708,training_fold_only
1,data/raw/mcc5_thu_motor/MCC5-THU Motor/MCC5-THU Motor_torque_circulation/bearing_outer_L_torque_circulation_20Nm_2000rpm_250708093806d.csv,250708,L,250708,training_fold_only
1,data/raw/mcc5_thu_motor/MCC5-THU Motor/MCC5-THU Motor_torque_circulation/bearing_outer_L_torque_circulation_40Nm_2000rpm_250708094403d.csv,250708,L,250708,training_fold_only
1,data/raw/mcc5_thu_motor/MCC5-THU Motor/MCC5-THU Motor_torque_circulation/bearing_outer_L_torque_circulation_40Nm_3000rpm_250708094556d.csv,250708,L,250708,training_fold_only
2,data/raw/mcc5_thu_motor/MCC5-THU Motor/MCC5-THU Motor_speed_circulation/bearing_outer_H_speed_circulation_20Nm_3000rpm_250707105700.csv,250707,H,250707,training_fold_only
2,data/raw/mcc5_thu_motor/MCC5-THU Motor/MCC5-THU Motor_speed_circulation/bearing_outer_H_speed_circulation_40Nm_1000rpm_250707105055.csv,250707,H,250707,training_fold_only
2,data/raw/mcc5_thu_motor/MCC5-THU Motor/MCC5-THU Motor_speed_circulation/bearing_outer_L_speed_circulation_20Nm_2000rpm_250708095712.csv,250708,L,250708,training_fold_only
2,data/raw/mcc5_thu_motor/MCC5-THU Motor/MCC5-THU Motor_speed_circulation/bearing_outer_L_speed_circulation_20Nm_3000rpm_250708100411.csv,250708,L,250708,training_fold_only
2,data/raw/mcc5_thu_motor/MCC5-THU Motor/MCC5-THU Motor_speed_circulation/bearing_outer_L_speed_circulation_40Nm_1000rpm_250708094556.csv,250708,L,250708,training_fold_only
2,data/raw/mcc5_thu_motor/MCC5-THU Motor/MCC5-THU Motor_speed_circulation/bearing_outer_L_speed_circulation_40Nm_3000rpm_250708100602.csv,250708,L,250708,training_fold_only
2,data/raw/mcc5_thu_motor/MCC5-THU Motor/MCC5-THU Motor_torque_circulation/bearing_outer_H_torque_circulation_20Nm_1000rpm_250707103949d.csv,250707,H,250707,training_fold_only
2,data/raw/mcc5_thu_motor/MCC5-THU Motor/MCC5-THU Motor_torque_circulation/bearing_outer_H_torque_circulation_20Nm_3000rpm_250821175544.csv,250821,H,250707,training_fold_only
2,data/raw/mcc5_thu_motor/MCC5-THU Motor/MCC5-THU Motor_torque_circulation/bearing_outer_H_torque_circulation_40Nm_1000rpm_250707104154d.csv,250707,H,250707,training_fold_only
2,data/raw/mcc5_thu_motor/MCC5-THU Motor/MCC5-THU Motor_torque_circulation/bearing_outer_H_torque_circulation_40Nm_3000rpm_250707104611d.csv,250707,H,250707,training_fold_only
2,data/raw/mcc5_thu_motor/MCC5-THU Motor/MCC5-THU Motor_torque_circulation/bearing_outer_L_torque_circulation_20Nm_3000rpm_250708094011d.csv,250708,L,250708,training_fold_only
2,data/raw/mcc5_thu_motor/MCC5-THU Motor/MCC5-THU Motor_torque_circulation/bearing_outer_L_torque_circulation_40Nm_1000rpm_250708094205d.csv,250708,L,250708,training_fold_only
3,data/raw/mcc5_thu_motor/MCC5-THU Motor/MCC5-THU Motor_speed_circulation/bearing_outer_H_speed_circulation_20Nm_2000rpm_250707105253.csv,250707,H,250707,training_fold_only
3,data/raw/mcc5_thu_motor/MCC5-THU Motor/MCC5-THU Motor_speed_circulation/bearing_outer_H_speed_circulation_40Nm_3000rpm_250707105959.csv,250707,H,250707,training_fold_only
3,data/raw/mcc5_thu_motor/MCC5-THU Motor/MCC5-THU Motor_speed_circulation/bearing_outer_L_speed_circulation_20Nm_1000rpm_250708094556.csv,250708,L,250708,training_fold_only
3,data/raw/mcc5_thu_motor/MCC5-THU Motor/MCC5-THU Motor_speed_circulation/bearing_outer_L_speed_circulation_40Nm_1000rpm_250708094556.csv,250708,L,250708,training_fold_only
3,data/raw/mcc5_thu_motor/MCC5-THU Motor/MCC5-THU Motor_speed_circulation/bearing_outer_L_speed_circulation_40Nm_2000rpm_250708100011.csv,250708,L,250708,training_fold_only
3,data/raw/mcc5_thu_motor/MCC5-THU Motor/MCC5-THU Motor_torque_circulation/bearing_outer_H_torque_circulation_20Nm_2000rpm_250707103802d.csv,250707,H,250707,training_fold_only
3,data/raw/mcc5_thu_motor/MCC5-THU Motor/MCC5-THU Motor_torque_circulation/bearing_outer_H_torque_circulation_20Nm_3000rpm_250821175544.csv,250821,H,250707,training_fold_only
3,data/raw/mcc5_thu_motor/MCC5-THU Motor/MCC5-THU Motor_torque_circulation/bearing_outer_H_torque_circulation_40Nm_1000rpm_250707104154d.csv,250707,H,250707,training_fold_only
3,data/raw/mcc5_thu_motor/MCC5-THU Motor/MCC5-THU Motor_torque_circulation/bearing_outer_H_torque_circulation_40Nm_2000rpm_250707104408d.csv,250707,H,250707,training_fold_only
3,data/raw/mcc5_thu_motor/MCC5-THU Motor/MCC5-THU Motor_torque_circulation/bearing_outer_H_torque_circulation_40Nm_3000rpm_250707104611d.csv,250707,H,250707,training_fold_only
3,data/raw/mcc5_thu_motor/MCC5-THU Motor/MCC5-THU Motor_torque_circulation/bearing_outer_L_torque_circulation_20Nm_1000rpm_250708093600d.csv,250708,L,250708,training_fold_only
3,data/raw/mcc5_thu_motor/MCC5-THU Motor/MCC5-THU Motor_torque_circulation/bearing_outer_L_torque_circulation_20Nm_2000rpm_250708093806d.csv,250708,L,250708,training_fold_only
3,data/raw/mcc5_thu_motor/MCC5-THU Motor/MCC5-THU Motor_torque_circulation/bearing_outer_L_torque_circulation_40Nm_1000rpm_250708094205d.csv,250708,L,250708,training_fold_only
4,data/raw/mcc5_thu_motor/MCC5-THU Motor/MCC5-THU Motor_speed_circulation/bearing_outer_H_speed_circulation_20Nm_1000rpm_250707104821.csv,250707,H,250707,training_fold_only
4,data/raw/mcc5_thu_motor/MCC5-THU Motor/MCC5-THU Motor_speed_circulation/bearing_outer_H_speed_circulation_20Nm_3000rpm_250707105700.csv,250707,H,250707,training_fold_only
4,data/raw/mcc5_thu_motor/MCC5-THU Motor/MCC5-THU Motor_speed_circulation/bearing_outer_H_speed_circulation_20Nm_3000rpm_250821110519.csv,250821,H,250707,training_fold_only
4,data/raw/mcc5_thu_motor/MCC5-THU Motor/MCC5-THU Motor_speed_circulation/bearing_outer_H_speed_circulation_40Nm_1000rpm_250707105055.csv,250707,H,250707,training_fold_only
4,data/raw/mcc5_thu_motor/MCC5-THU Motor/MCC5-THU Motor_speed_circulation/bearing_outer_H_speed_circulation_40Nm_2000rpm_250707105500.csv,250707,H,250707,training_fold_only
4,data/raw/mcc5_thu_motor/MCC5-THU Motor/MCC5-THU Motor_speed_circulation/bearing_outer_L_speed_circulation_20Nm_2000rpm_250708095712.csv,250708,L,250708,training_fold_only
4,data/raw/mcc5_thu_motor/MCC5-THU Motor/MCC5-THU Motor_speed_circulation/bearing_outer_L_speed_circulation_20Nm_3000rpm_250708100411.csv,250708,L,250708,training_fold_only
4,data/raw/mcc5_thu_motor/MCC5-THU Motor/MCC5-THU Motor_speed_circulation/bearing_outer_L_speed_circulation_40Nm_3000rpm_250708100602.csv,250708,L,250708,training_fold_only
4,data/raw/mcc5_thu_motor/MCC5-THU Motor/MCC5-THU Motor_torque_circulation/bearing_outer_H_torque_circulation_20Nm_1000rpm_250707103949d.csv,250707,H,250707,training_fold_only
4,data/raw/mcc5_thu_motor/MCC5-THU Motor/MCC5-THU Motor_torque_circulation/bearing_outer_L_torque_circulation_20Nm_3000rpm_250708094011d.csv,250708,L,250708,training_fold_only
4,data/raw/mcc5_thu_motor/MCC5-THU Motor/MCC5-THU Motor_torque_circulation/bearing_outer_L_torque_circulation_40Nm_2000rpm_250708094403d.csv,250708,L,250708,training_fold_only
4,data/raw/mcc5_thu_motor/MCC5-THU Motor/MCC5-THU Motor_torque_circulation/bearing_outer_L_torque_circulation_40Nm_3000rpm_250708094556d.csv,250708,L,250708,training_fold_only
5,data/raw/mcc5_thu_motor/MCC5-THU Motor/MCC5-THU Motor_speed_circulation/bearing_outer_H_speed_circulation_20Nm_1000rpm_250707104821.csv,250707,H,250707,training_fold_only
5,data/raw/mcc5_thu_motor/MCC5-THU Motor/MCC5-THU Motor_speed_circulation/bearing_outer_H_speed_circulation_20Nm_2000rpm_250707105253.csv,250707,H,250707,training_fold_only
5,data/raw/mcc5_thu_motor/MCC5-THU Motor/MCC5-THU Motor_speed_circulation/bearing_outer_H_speed_circulation_40Nm_1000rpm_250707105055.csv,250707,H,250707,training_fold_only
5,data/raw/mcc5_thu_motor/MCC5-THU Motor/MCC5-THU Motor_speed_circulation/bearing_outer_L_speed_circulation_20Nm_1000rpm_250708094556.csv,250708,L,250708,training_fold_only
5,data/raw/mcc5_thu_motor/MCC5-THU Motor/MCC5-THU Motor_speed_circulation/bearing_outer_L_speed_circulation_40Nm_2000rpm_250708100011.csv,250708,L,250708,training_fold_only
5,data/raw/mcc5_thu_motor/MCC5-THU Motor/MCC5-THU Motor_speed_circulation/bearing_outer_L_speed_circulation_40Nm_3000rpm_250708100602.csv,250708,L,250708,training_fold_only
5,data/raw/mcc5_thu_motor/MCC5-THU Motor/MCC5-THU Motor_torque_circulation/bearing_outer_H_torque_circulation_20Nm_1000rpm_250707103949d.csv,250707,H,250707,training_fold_only
5,data/raw/mcc5_thu_motor/MCC5-THU Motor/MCC5-THU Motor_torque_circulation/bearing_outer_H_torque_circulation_20Nm_2000rpm_250707103802d.csv,250707,H,250707,training_fold_only
5,data/raw/mcc5_thu_motor/MCC5-THU Motor/MCC5-THU Motor_torque_circulation/bearing_outer_H_torque_circulation_20Nm_3000rpm_250821175544.csv,250821,H,250707,training_fold_only
5,data/raw/mcc5_thu_motor/MCC5-THU Motor/MCC5-THU Motor_torque_circulation/bearing_outer_H_torque_circulation_40Nm_1000rpm_250707104154d.csv,250707,H,250707,training_fold_only
5,data/raw/mcc5_thu_motor/MCC5-THU Motor/MCC5-THU Motor_torque_circulation/bearing_outer_L_torque_circulation_20Nm_1000rpm_250708093600d.csv,250708,L,250708,training_fold_only
5,data/raw/mcc5_thu_motor/MCC5-THU Motor/MCC5-THU Motor_torque_circulation/bearing_outer_L_torque_circulation_40Nm_2000rpm_250708094403d.csv,250708,L,250708,training_fold_only
5,data/raw/mcc5_thu_motor/MCC5-THU Motor/MCC5-THU Motor_torque_circulation/bearing_outer_L_torque_circulation_40Nm_3000rpm_250708094556d.csv,250708,L,250708,training_fold_only
6,data/raw/mcc5_thu_motor/MCC5-THU Motor/MCC5-THU Motor_speed_circulation/bearing_outer_H_speed_circulation_20Nm_3000rpm_250707105700.csv,250707,H,250707,training_fold_only
6,data/raw/mcc5_thu_motor/MCC5-THU Motor/MCC5-THU Motor_speed_circulation/bearing_outer_H_speed_circulation_20Nm_3000rpm_250821110519.csv,250821,H,250707,training_fold_only
6,data/raw/mcc5_thu_motor/MCC5-THU Motor/MCC5-THU Motor_speed_circulation/bearing_outer_H_speed_circulation_40Nm_2000rpm_250707105500.csv,250707,H,250707,training_fold_only
6,data/raw/mcc5_thu_motor/MCC5-THU Motor/MCC5-THU Motor_speed_circulation/bearing_outer_H_speed_circulation_40Nm_3000rpm_250707105959.csv,250707,H,250707,training_fold_only
6,data/raw/mcc5_thu_motor/MCC5-THU Motor/MCC5-THU Motor_speed_circulation/bearing_outer_L_speed_circulation_20Nm_2000rpm_250708095712.csv,250708,L,250708,training_fold_only
6,data/raw/mcc5_thu_motor/MCC5-THU Motor/MCC5-THU Motor_speed_circulation/bearing_outer_L_speed_circulation_20Nm_3000rpm_250708100411.csv,250708,L,250708,training_fold_only
6,data/raw/mcc5_thu_motor/MCC5-THU Motor/MCC5-THU Motor_speed_circulation/bearing_outer_L_speed_circulation_40Nm_1000rpm_250708094556.csv,250708,L,250708,training_fold_only
6,data/raw/mcc5_thu_motor/MCC5-THU Motor/MCC5-THU Motor_torque_circulation/bearing_outer_H_torque_circulation_40Nm_2000rpm_250707104408d.csv,250707,H,250707,training_fold_only
6,data/raw/mcc5_thu_motor/MCC5-THU Motor/MCC5-THU Motor_torque_circulation/bearing_outer_H_torque_circulation_40Nm_3000rpm_250707104611d.csv,250707,H,250707,training_fold_only
6,data/raw/mcc5_thu_motor/MCC5-THU Motor/MCC5-THU Motor_torque_circulation/bearing_outer_L_torque_circulation_20Nm_2000rpm_250708093806d.csv,250708,L,250708,training_fold_only
6,data/raw/mcc5_thu_motor/MCC5-THU Motor/MCC5-THU Motor_torque_circulation/bearing_outer_L_torque_circulation_20Nm_3000rpm_250708094011d.csv,250708,L,250708,training_fold_only
6,data/raw/mcc5_thu_motor/MCC5-THU Motor/MCC5-THU Motor_torque_circulation/bearing_outer_L_torque_circulation_40Nm_1000rpm_250708094205d.csv,250708,L,250708,training_fold_only
7,data/raw/mcc5_thu_motor/MCC5-THU Motor/MCC5-THU Motor_speed_circulation/bearing_outer_H_speed_circulation_20Nm_1000rpm_250707104821.csv,250707,H,250707,training_fold_only
7,data/raw/mcc5_thu_motor/MCC5-THU Motor/MCC5-THU Motor_speed_circulation/bearing_outer_H_speed_circulation_20Nm_3000rpm_250821110519.csv,250821,H,250707,training_fold_only
7,data/raw/mcc5_thu_motor/MCC5-THU Motor/MCC5-THU Motor_speed_circulation/bearing_outer_H_speed_circulation_40Nm_1000rpm_250707105055.csv,250707,H,250707,training_fold_only
7,data/raw/mcc5_thu_motor/MCC5-THU Motor/MCC5-THU Motor_speed_circulation/bearing_outer_H_speed_circulation_40Nm_2000rpm_250707105500.csv,250707,H,250707,training_fold_only
7,data/raw/mcc5_thu_motor/MCC5-THU Motor/MCC5-THU Motor_speed_circulation/bearing_outer_L_speed_circulation_20Nm_1000rpm_250708094556.csv,250708,L,250708,training_fold_only
7,data/raw/mcc5_thu_motor/MCC5-THU Motor/MCC5-THU Motor_speed_circulation/bearing_outer_L_speed_circulation_20Nm_3000rpm_250708100411.csv,250708,L,250708,training_fold_only
7,data/raw/mcc5_thu_motor/MCC5-THU Motor/MCC5-THU Motor_speed_circulation/bearing_outer_L_speed_circulation_40Nm_2000rpm_250708100011.csv,250708,L,250708,training_fold_only
7,data/raw/mcc5_thu_motor/MCC5-THU Motor/MCC5-THU Motor_torque_circulation/bearing_outer_H_torque_circulation_40Nm_1000rpm_250707104154d.csv,250707,H,250707,training_fold_only
7,data/raw/mcc5_thu_motor/MCC5-THU Motor/MCC5-THU Motor_torque_circulation/bearing_outer_H_torque_circulation_40Nm_2000rpm_250707104408d.csv,250707,H,250707,training_fold_only
7,data/raw/mcc5_thu_motor/MCC5-THU Motor/MCC5-THU Motor_torque_circulation/bearing_outer_H_torque_circulation_40Nm_3000rpm_250707104611d.csv,250707,H,250707,training_fold_only
7,data/raw/mcc5_thu_motor/MCC5-THU Motor/MCC5-THU Motor_torque_circulation/bearing_outer_L_torque_circulation_20Nm_2000rpm_250708093806d.csv,250708,L,250708,training_fold_only
7,data/raw/mcc5_thu_motor/MCC5-THU Motor/MCC5-THU Motor_torque_circulation/bearing_outer_L_torque_circulation_40Nm_1000rpm_250708094205d.csv,250708,L,250708,training_fold_only
7,data/raw/mcc5_thu_motor/MCC5-THU Motor/MCC5-THU Motor_torque_circulation/bearing_outer_L_torque_circulation_40Nm_3000rpm_250708094556d.csv,250708,L,250708,training_fold_only
8,data/raw/mcc5_thu_motor/MCC5-THU Motor/MCC5-THU Motor_speed_circulation/bearing_outer_H_speed_circulation_20Nm_2000rpm_250707105253.csv,250707,H,250707,training_fold_only
8,data/raw/mcc5_thu_motor/MCC5-THU Motor/MCC5-THU Motor_speed_circulation/bearing_outer_H_speed_circulation_20Nm_3000rpm_250707105700.csv,250707,H,250707,training_fold_only
8,data/raw/mcc5_thu_motor/MCC5-THU Motor/MCC5-THU Motor_speed_circulation/bearing_outer_H_speed_circulation_40Nm_3000rpm_250707105959.csv,250707,H,250707,training_fold_only
8,data/raw/mcc5_thu_motor/MCC5-THU Motor/MCC5-THU Motor_speed_circulation/bearing_outer_L_speed_circulation_20Nm_2000rpm_250708095712.csv,250708,L,250708,training_fold_only
8,data/raw/mcc5_thu_motor/MCC5-THU Motor/MCC5-THU Motor_speed_circulation/bearing_outer_L_speed_circulation_40Nm_1000rpm_250708094556.csv,250708,L,250708,training_fold_only
8,data/raw/mcc5_thu_motor/MCC5-THU Motor/MCC5-THU Motor_speed_circulation/bearing_outer_L_speed_circulation_40Nm_3000rpm_250708100602.csv,250708,L,250708,training_fold_only
8,data/raw/mcc5_thu_motor/MCC5-THU Motor/MCC5-THU Motor_torque_circulation/bearing_outer_H_torque_circulation_20Nm_1000rpm_250707103949d.csv,250707,H,250707,training_fold_only
8,data/raw/mcc5_thu_motor/MCC5-THU Motor/MCC5-THU Motor_torque_circulation/bearing_outer_H_torque_circulation_20Nm_2000rpm_250707103802d.csv,250707,H,250707,training_fold_only
8,data/raw/mcc5_thu_motor/MCC5-THU Motor/MCC5-THU Motor_torque_circulation/bearing_outer_H_torque_circulation_20Nm_3000rpm_250821175544.csv,250821,H,250707,training_fold_only
8,data/raw/mcc5_thu_motor/MCC5-THU Motor/MCC5-THU Motor_torque_circulation/bearing_outer_L_torque_circulation_20Nm_1000rpm_250708093600d.csv,250708,L,250708,training_fold_only
8,data/raw/mcc5_thu_motor/MCC5-THU Motor/MCC5-THU Motor_torque_circulation/bearing_outer_L_torque_circulation_20Nm_3000rpm_250708094011d.csv,250708,L,250708,training_fold_only
8,data/raw/mcc5_thu_motor/MCC5-THU Motor/MCC5-THU Motor_torque_circulation/bearing_outer_L_torque_circulation_40Nm_2000rpm_250708094403d.csv,250708,L,250708,training_fold_only
9,data/raw/mcc5_thu_motor/MCC5-THU Motor/MCC5-THU Motor_speed_circulation/bearing_outer_H_speed_circulation_20Nm_2000rpm_250707105253.csv,250707,H,250707,training_fold_only
9,data/raw/mcc5_thu_motor/MCC5-THU Motor/MCC5-THU Motor_speed_circulation/bearing_outer_H_speed_circulation_40Nm_2000rpm_250707105500.csv,250707,H,250707,training_fold_only
9,data/raw/mcc5_thu_motor/MCC5-THU Motor/MCC5-THU Motor_speed_circulation/bearing_outer_H_speed_circulation_40Nm_3000rpm_250707105959.csv,250707,H,250707,training_fold_only
9,data/raw/mcc5_thu_motor/MCC5-THU Motor/MCC5-THU Motor_speed_circulation/bearing_outer_L_speed_circulation_20Nm_1000rpm_250708094556.csv,250708,L,250708,training_fold_only
9,data/raw/mcc5_thu_motor/MCC5-THU Motor/MCC5-THU Motor_speed_circulation/bearing_outer_L_speed_circulation_20Nm_2000rpm_250708095712.csv,250708,L,250708,training_fold_only
9,data/raw/mcc5_thu_motor/MCC5-THU Motor/MCC5-THU Motor_speed_circulation/bearing_outer_L_speed_circulation_40Nm_1000rpm_250708094556.csv,250708,L,250708,training_fold_only
9,data/raw/mcc5_thu_motor/MCC5-THU Motor/MCC5-THU Motor_speed_circulation/bearing_outer_L_speed_circulation_40Nm_2000rpm_250708100011.csv,250708,L,250708,training_fold_only
9,data/raw/mcc5_thu_motor/MCC5-THU Motor/MCC5-THU Motor_speed_circulation/bearing_outer_L_speed_circulation_40Nm_3000rpm_250708100602.csv,250708,L,250708,training_fold_only
9,data/raw/mcc5_thu_motor/MCC5-THU Motor/MCC5-THU Motor_torque_circulation/bearing_outer_H_torque_circulation_20Nm_1000rpm_250707103949d.csv,250707,H,250707,training_fold_only
9,data/raw/mcc5_thu_motor/MCC5-THU Motor/MCC5-THU Motor_torque_circulation/bearing_outer_H_torque_circulation_20Nm_3000rpm_250821175544.csv,250821,H,250707,training_fold_only
9,data/raw/mcc5_thu_motor/MCC5-THU Motor/MCC5-THU Motor_torque_circulation/bearing_outer_H_torque_circulation_40Nm_2000rpm_250707104408d.csv,250707,H,250707,training_fold_only
9,data/raw/mcc5_thu_motor/MCC5-THU Motor/MCC5-THU Motor_torque_circulation/bearing_outer_H_torque_circulation_40Nm_3000rpm_250707104611d.csv,250707,H,250707,training_fold_only
9,data/raw/mcc5_thu_motor/MCC5-THU Motor/MCC5-THU Motor_torque_circulation/bearing_outer_L_torque_circulation_40Nm_3000rpm_250708094556d.csv,250708,L,250708,training_fold_only
10,data/raw/mcc5_thu_motor/MCC5-THU Motor/MCC5-THU Motor_speed_circulation/bearing_outer_H_speed_circulation_20Nm_1000rpm_250707104821.csv,250707,H,250707,training_fold_only
10,data/raw/mcc5_thu_motor/MCC5-THU Motor/MCC5-THU Motor_speed_circulation/bearing_outer_H_speed_circulation_20Nm_3000rpm_250707105700.csv,250707,H,250707,training_fold_only
10,data/raw/mcc5_thu_motor/MCC5-THU Motor/MCC5-THU Motor_speed_circulation/bearing_outer_H_speed_circulation_20Nm_3000rpm_250821110519.csv,250821,H,250707,training_fold_only
10,data/raw/mcc5_thu_motor/MCC5-THU Motor/MCC5-THU Motor_speed_circulation/bearing_outer_H_speed_circulation_40Nm_1000rpm_250707105055.csv,250707,H,250707,training_fold_only
10,data/raw/mcc5_thu_motor/MCC5-THU Motor/MCC5-THU Motor_speed_circulation/bearing_outer_L_speed_circulation_20Nm_3000rpm_250708100411.csv,250708,L,250708,training_fold_only
10,data/raw/mcc5_thu_motor/MCC5-THU Motor/MCC5-THU Motor_torque_circulation/bearing_outer_H_torque_circulation_20Nm_2000rpm_250707103802d.csv,250707,H,250707,training_fold_only
10,data/raw/mcc5_thu_motor/MCC5-THU Motor/MCC5-THU Motor_torque_circulation/bearing_outer_H_torque_circulation_40Nm_1000rpm_250707104154d.csv,250707,H,250707,training_fold_only
10,data/raw/mcc5_thu_motor/MCC5-THU Motor/MCC5-THU Motor_torque_circulation/bearing_outer_L_torque_circulation_20Nm_1000rpm_250708093600d.csv,250708,L,250708,training_fold_only
10,data/raw/mcc5_thu_motor/MCC5-THU Motor/MCC5-THU Motor_torque_circulation/bearing_outer_L_torque_circulation_20Nm_2000rpm_250708093806d.csv,250708,L,250708,training_fold_only
10,data/raw/mcc5_thu_motor/MCC5-THU Motor/MCC5-THU Motor_torque_circulation/bearing_outer_L_torque_circulation_20Nm_3000rpm_250708094011d.csv,250708,L,250708,training_fold_only
10,data/raw/mcc5_thu_motor/MCC5-THU Motor/MCC5-THU Motor_torque_circulation/bearing_outer_L_torque_circulation_40Nm_1000rpm_250708094205d.csv,250708,L,250708,training_fold_only
10,data/raw/mcc5_thu_motor/MCC5-THU Motor/MCC5-THU Motor_torque_circulation/bearing_outer_L_torque_circulation_40Nm_2000rpm_250708094403d.csv,250708,L,250708,training_fold_only
