split_name,split_file,seed,model,input_mode,run_tag,sequence_length,accuracy,macro_precision,macro_recall,macro_f1,weighted_f1,worst_class_recall,epochs_ran,best_val_macro_f1,parameter_count,train_time_sec,inference_time_ms_per_sample,prediction_path,checkpoint,evidence_status
source_file,mcc5_postfix_source_file_split.csv,42,cnn,vib_current,length8192,8192,0.8049348230912476,0.8703666865592468,0.8418296089385474,0.8235303863444733,0.804148860374778,0.5460893854748603,15,0.9334113908638187,16612,16.08149766921997,0.0455421664417345,results\formal_runs\postfix_neural_fusion_20260710_180646\predictions\formal_dl_cnn_vib_current_source_file_length8192_seed42_predictions.csv,results\formal_runs\postfix_neural_fusion_20260710_180646\checkpoints\formal_dl_cnn_vib_current_source_file_length8192_seed42.pt,corrected_formal_train_only_zscore
source_file,mcc5_postfix_source_file_split.csv,43,cnn,vib_current,length8192,8192,0.86731843575419,0.8997989918719268,0.8965316573556796,0.8805028871647165,0.8662501853233875,0.6494413407821229,13,0.8390953595308928,16612,13.587921619415283,0.0441251964320461,results\formal_runs\postfix_neural_fusion_20260710_180646\predictions\formal_dl_cnn_vib_current_source_file_length8192_seed43_predictions.csv,results\formal_runs\postfix_neural_fusion_20260710_180646\checkpoints\formal_dl_cnn_vib_current_source_file_length8192_seed43.pt,corrected_formal_train_only_zscore
source_file,mcc5_postfix_source_file_split.csv,44,cnn,vib_current,length8192,8192,0.8356610800744879,0.8984295534847668,0.873719739292365,0.8563738495896465,0.8319371971914771,0.5349162011173184,14,0.9301202764809544,16612,14.69673991203308,0.0442733755768788,results\formal_runs\postfix_neural_fusion_20260710_180646\predictions\formal_dl_cnn_vib_current_source_file_length8192_seed44_predictions.csv,results\formal_runs\postfix_neural_fusion_20260710_180646\checkpoints\formal_dl_cnn_vib_current_source_file_length8192_seed44.pt,corrected_formal_train_only_zscore
source_file,mcc5_postfix_source_file_split.csv,42,tcn,vib_current,length8192,8192,0.883147113594041,0.9200514490535162,0.9120111731843576,0.8995626362518696,0.8820520877286628,0.6536312849162011,30,0.9552087635916624,11620,58.92529892921448,0.0721218421694508,results\formal_runs\postfix_neural_fusion_20260710_180646\predictions\formal_dl_tcn_vib_current_source_file_length8192_seed42_predictions.csv,results\formal_runs\postfix_neural_fusion_20260710_180646\checkpoints\formal_dl_tcn_vib_current_source_file_length8192_seed42.pt,corrected_formal_train_only_zscore
source_file,mcc5_postfix_source_file_split.csv,43,tcn,vib_current,length8192,8192,0.8608007448789572,0.9095269112011616,0.8911778398510242,0.8805974593683344,0.8618581067277894,0.6354748603351955,30,0.95082721451938,11620,58.77168416976929,0.0627999865142992,results\formal_runs\postfix_neural_fusion_20260710_180646\predictions\formal_dl_tcn_vib_current_source_file_length8192_seed43_predictions.csv,results\formal_runs\postfix_neural_fusion_20260710_180646\checkpoints\formal_dl_tcn_vib_current_source_file_length8192_seed43.pt,corrected_formal_train_only_zscore
source_file,mcc5_postfix_source_file_split.csv,44,tcn,vib_current,length8192,8192,0.8263500931098696,0.8953649631250842,0.8670856610800745,0.84767179489482,0.8203621819110497,0.5,12,0.9039715973513422,11620,22.0655460357666,0.0622300240358604,results\formal_runs\postfix_neural_fusion_20260710_180646\predictions\formal_dl_tcn_vib_current_source_file_length8192_seed44_predictions.csv,results\formal_runs\postfix_neural_fusion_20260710_180646\checkpoints\formal_dl_tcn_vib_current_source_file_length8192_seed44.pt,corrected_formal_train_only_zscore
source_file,mcc5_postfix_source_file_split.csv,42,transformer,vib_current,length8192,8192,0.9338919925512104,0.9448694988714276,0.9491387337057728,0.941958107531312,0.9337248992981038,0.8086592178770949,24,0.991445313976526,70724,183.8645293712616,0.198851417562815,results\formal_runs\postfix_neural_fusion_20260710_180646\predictions\formal_dl_transformer_vib_current_source_file_length8192_seed42_predictions.csv,results\formal_runs\postfix_neural_fusion_20260710_180646\checkpoints\formal_dl_transformer_vib_current_source_file_length8192_seed42.pt,corrected_formal_train_only_zscore
source_file,mcc5_postfix_source_file_split.csv,43,transformer,vib_current,length8192,8192,0.98463687150838,0.9849397783097192,0.9870810055865922,0.985887887207808,0.9846407032699536,0.9650837988826816,30,0.9893583286480896,70724,224.4430956840515,0.1818504413412935,results\formal_runs\postfix_neural_fusion_20260710_180646\predictions\formal_dl_transformer_vib_current_source_file_length8192_seed43_predictions.csv,results\formal_runs\postfix_neural_fusion_20260710_180646\checkpoints\formal_dl_transformer_vib_current_source_file_length8192_seed43.pt,corrected_formal_train_only_zscore
source_file,mcc5_postfix_source_file_split.csv,44,transformer,vib_current,length8192,8192,0.9241154562383612,0.9308152572436436,0.9345903165735568,0.9313092483477344,0.9246788784268896,0.8547486033519553,25,0.9850571109258208,70724,175.2416775226593,0.1747233019638772,results\formal_runs\postfix_neural_fusion_20260710_180646\predictions\formal_dl_transformer_vib_current_source_file_length8192_seed44_predictions.csv,results\formal_runs\postfix_neural_fusion_20260710_180646\checkpoints\formal_dl_transformer_vib_current_source_file_length8192_seed44.pt,corrected_formal_train_only_zscore
cross_condition,mcc5_postfix_cross_condition_split.csv,42,cnn,vib_current,length8192,8192,0.9521149241819632,0.9595884328070832,0.9581005586592178,0.9580059435552406,0.952073268736402,0.9162011173184358,22,0.9805263020489275,16612,13.263429403305054,0.0430612876143154,results\formal_runs\postfix_neural_fusion_20260710_180646\predictions\formal_dl_cnn_vib_current_cross_condition_length8192_seed42_predictions.csv,results\formal_runs\postfix_neural_fusion_20260710_180646\checkpoints\formal_dl_cnn_vib_current_cross_condition_length8192_seed42.pt,corrected_formal_train_only_zscore
cross_condition,mcc5_postfix_cross_condition_split.csv,43,cnn,vib_current,length8192,8192,0.9368183027400904,0.9469274942157656,0.943435754189944,0.9429189652619044,0.9354998749994998,0.8161080074487895,23,0.9631118671959178,16612,13.832972288131714,0.0448741631230067,results\formal_runs\postfix_neural_fusion_20260710_180646\predictions\formal_dl_cnn_vib_current_cross_condition_length8192_seed43_predictions.csv,results\formal_runs\postfix_neural_fusion_20260710_180646\checkpoints\formal_dl_cnn_vib_current_cross_condition_length8192_seed43.pt,corrected_formal_train_only_zscore
cross_condition,mcc5_postfix_cross_condition_split.csv,44,cnn,vib_current,length8192,8192,0.9426709231178504,0.9501531781513038,0.9498370577281192,0.9494091002760886,0.9421818288869586,0.8784916201117319,30,0.9763301275938612,16612,18.1740198135376,0.0423986120850648,results\formal_runs\postfix_neural_fusion_20260710_180646\predictions\formal_dl_cnn_vib_current_cross_condition_length8192_seed44_predictions.csv,results\formal_runs\postfix_neural_fusion_20260710_180646\checkpoints\formal_dl_cnn_vib_current_cross_condition_length8192_seed44.pt,corrected_formal_train_only_zscore
cross_condition,mcc5_postfix_cross_condition_split.csv,42,tcn,vib_current,length8192,8192,0.9485235434956104,0.9563924590253976,0.9549581005586592,0.954846317679672,0.948395791633911,0.909683426443203,30,0.9778414899182912,11620,31.27591633796692,0.0612859746248489,results\formal_runs\postfix_neural_fusion_20260710_180646\predictions\formal_dl_tcn_vib_current_cross_condition_length8192_seed42_predictions.csv,results\formal_runs\postfix_neural_fusion_20260710_180646\checkpoints\formal_dl_tcn_vib_current_cross_condition_length8192_seed42.pt,corrected_formal_train_only_zscore
cross_condition,mcc5_postfix_cross_condition_split.csv,43,tcn,vib_current,length8192,8192,0.937217345038574,0.9454102860498526,0.9415735567970204,0.942926513762098,0.9367966308636844,0.8784916201117319,29,0.9816303275810284,11620,29.88985681533813,0.0590994244530087,results\formal_runs\postfix_neural_fusion_20260710_180646\predictions\formal_dl_tcn_vib_current_cross_condition_length8192_seed43_predictions.csv,results\formal_runs\postfix_neural_fusion_20260710_180646\checkpoints\formal_dl_tcn_vib_current_cross_condition_length8192_seed43.pt,corrected_formal_train_only_zscore
cross_condition,mcc5_postfix_cross_condition_split.csv,44,tcn,vib_current,length8192,8192,0.9265762170790104,0.9368252604999452,0.929352886405959,0.9317719281734598,0.9257790707348584,0.8365921787709497,25,0.9786414156861952,11620,25.75438928604126,0.0597687914321383,results\formal_runs\postfix_neural_fusion_20260710_180646\predictions\formal_dl_tcn_vib_current_cross_condition_length8192_seed44_predictions.csv,results\formal_runs\postfix_neural_fusion_20260710_180646\checkpoints\formal_dl_tcn_vib_current_cross_condition_length8192_seed44.pt,corrected_formal_train_only_zscore
cross_condition,mcc5_postfix_cross_condition_split.csv,42,transformer,vib_current,length8192,8192,0.9199255121042832,0.9281239728938488,0.9276070763500932,0.9273421775304248,0.9204661575425384,0.9068901303538176,23,0.981537485728874,70724,93.20486164093018,0.1769898324039395,results\formal_runs\postfix_neural_fusion_20260710_180646\predictions\formal_dl_transformer_vib_current_cross_condition_length8192_seed42_predictions.csv,results\formal_runs\postfix_neural_fusion_20260710_180646\checkpoints\formal_dl_transformer_vib_current_cross_condition_length8192_seed42.pt,corrected_formal_train_only_zscore
cross_condition,mcc5_postfix_cross_condition_split.csv,43,transformer,vib_current,length8192,8192,0.9275073157754722,0.933114465562126,0.9361033519553074,0.93392288636161,0.9276172762388106,0.8547486033519553,28,0.988927263250144,70724,113.58410954475404,0.1768491216782846,results\formal_runs\postfix_neural_fusion_20260710_180646\predictions\formal_dl_transformer_vib_current_cross_condition_length8192_seed43_predictions.csv,results\formal_runs\postfix_neural_fusion_20260710_180646\checkpoints\formal_dl_transformer_vib_current_cross_condition_length8192_seed43.pt,corrected_formal_train_only_zscore
cross_condition,mcc5_postfix_cross_condition_split.csv,44,transformer,vib_current,length8192,8192,0.937217345038574,0.9464176289759882,0.9450651769087524,0.9454879180918112,0.937766953921054,0.9129422718808192,27,0.9869029172274086,70724,109.45372176170348,0.1761576507154314,results\formal_runs\postfix_neural_fusion_20260710_180646\predictions\formal_dl_transformer_vib_current_cross_condition_length8192_seed44_predictions.csv,results\formal_runs\postfix_neural_fusion_20260710_180646\checkpoints\formal_dl_transformer_vib_current_cross_condition_length8192_seed44.pt,corrected_formal_train_only_zscore
cross_load,mcc5_postfix_cross_load_split.csv,42,cnn,vib_current,length8192,8192,0.87682894386805,0.8797336591172777,0.8876862197392924,0.8719481268927561,0.8757631512619074,0.7048417132216015,25,0.9480945046044468,16612,14.824859619140623,0.0424287394660367,results\formal_runs\postfix_neural_fusion_20260710_180646\predictions\formal_dl_cnn_vib_current_cross_load_length8192_seed42_predictions.csv,results\formal_runs\postfix_neural_fusion_20260710_180646\checkpoints\formal_dl_cnn_vib_current_cross_load_length8192_seed42.pt,corrected_formal_train_only_zscore
cross_load,mcc5_postfix_cross_load_split.csv,43,cnn,vib_current,length8192,8192,0.8584729981378026,0.8686085853996014,0.8626629422718808,0.8509989370259108,0.8576607738974305,0.6680633147113594,27,0.965515848417092,16612,15.875528812408447,0.0418002822989636,results\formal_runs\postfix_neural_fusion_20260710_180646\predictions\formal_dl_cnn_vib_current_cross_load_length8192_seed43_predictions.csv,results\formal_runs\postfix_neural_fusion_20260710_180646\checkpoints\formal_dl_cnn_vib_current_cross_load_length8192_seed43.pt,corrected_formal_train_only_zscore
cross_load,mcc5_postfix_cross_load_split.csv,44,cnn,vib_current,length8192,8192,0.9044958765629156,0.9071042740305336,0.9033985102420856,0.9019719527833238,0.9052048225071364,0.8282122905027933,18,0.9885747668015138,16612,10.541165590286257,0.0428239155652897,results\formal_runs\postfix_neural_fusion_20260710_180646\predictions\formal_dl_cnn_vib_current_cross_load_length8192_seed44_predictions.csv,results\formal_runs\postfix_neural_fusion_20260710_180646\checkpoints\formal_dl_cnn_vib_current_cross_load_length8192_seed44.pt,corrected_formal_train_only_zscore
cross_load,mcc5_postfix_cross_load_split.csv,42,tcn,vib_current,length8192,8192,0.7839851024208566,0.8341986816669509,0.8101722532588455,0.7609040814383774,0.7854364859098534,0.3924581005586592,14,0.9526452742192226,11620,14.430608749389648,0.0592751463666562,results\formal_runs\postfix_neural_fusion_20260710_180646\predictions\formal_dl_tcn_vib_current_cross_load_length8192_seed42_predictions.csv,results\formal_runs\postfix_neural_fusion_20260710_180646\checkpoints\formal_dl_tcn_vib_current_cross_load_length8192_seed42.pt,corrected_formal_train_only_zscore
cross_load,mcc5_postfix_cross_load_split.csv,43,tcn,vib_current,length8192,8192,0.6435222133546156,0.7864234608699974,0.6877327746741154,0.6195636310802822,0.6401632671733565,0.1997206703910614,10,0.760373965689243,11620,10.315295219421388,0.0593470398115648,results\formal_runs\postfix_neural_fusion_20260710_180646\predictions\formal_dl_tcn_vib_current_cross_load_length8192_seed43_predictions.csv,results\formal_runs\postfix_neural_fusion_20260710_180646\checkpoints\formal_dl_tcn_vib_current_cross_load_length8192_seed43.pt,corrected_formal_train_only_zscore
cross_load,mcc5_postfix_cross_load_split.csv,44,tcn,vib_current,length8192,8192,0.8284118116520351,0.8435241362609821,0.8491620111731844,0.8100819065419036,0.8303314047230195,0.5256052141527002,17,0.9023835035969144,11620,17.50067114830017,0.0600011528220129,results\formal_runs\postfix_neural_fusion_20260710_180646\predictions\formal_dl_tcn_vib_current_cross_load_length8192_seed44_predictions.csv,results\formal_runs\postfix_neural_fusion_20260710_180646\checkpoints\formal_dl_tcn_vib_current_cross_load_length8192_seed44.pt,corrected_formal_train_only_zscore
cross_load,mcc5_postfix_cross_load_split.csv,42,transformer,vib_current,length8192,8192,0.9616919393455706,0.9586702764166198,0.9650837988826816,0.961046580692977,0.961536166933929,0.904096834264432,23,0.9712928787699288,70724,93.23626589775084,0.1787501277045767,results\formal_runs\postfix_neural_fusion_20260710_180646\predictions\formal_dl_transformer_vib_current_cross_load_length8192_seed42_predictions.csv,results\formal_runs\postfix_neural_fusion_20260710_180646\checkpoints\formal_dl_transformer_vib_current_cross_load_length8192_seed42.pt,corrected_formal_train_only_zscore
cross_load,mcc5_postfix_cross_load_split.csv,43,transformer,vib_current,length8192,8192,0.929901569566374,0.9167476910070784,0.9385474860335196,0.9192882365790706,0.9328389352133564,0.8337988826815642,18,0.8915371216250678,70724,72.96237921714783,0.1765837153084388,results\formal_runs\postfix_neural_fusion_20260710_180646\predictions\formal_dl_transformer_vib_current_cross_load_length8192_seed43_predictions.csv,results\formal_runs\postfix_neural_fusion_20260710_180646\checkpoints\formal_dl_transformer_vib_current_cross_load_length8192_seed43.pt,corrected_formal_train_only_zscore
cross_load,mcc5_postfix_cross_load_split.csv,44,transformer,vib_current,length8192,8192,0.855413673849428,0.8476706584352377,0.8654562383612663,0.8423912070080487,0.854621792518665,0.6564245810055865,24,0.9828996937659,70724,97.3199908733368,0.1777155851550354,results\formal_runs\postfix_neural_fusion_20260710_180646\predictions\formal_dl_transformer_vib_current_cross_load_length8192_seed44_predictions.csv,results\formal_runs\postfix_neural_fusion_20260710_180646\checkpoints\formal_dl_transformer_vib_current_cross_load_length8192_seed44.pt,corrected_formal_train_only_zscore
cross_rpm,mcc5_postfix_cross_rpm_split.csv,42,cnn,vib_current,length8192,8192,0.5393056664006385,0.6948681754643461,0.509948346191363,0.488712464970363,0.5171492237338328,0.1620111731843575,26,0.9960545795937946,16612,20.374850273132324,0.0435346046258997,results\formal_runs\postfix_neural_fusion_20260710_180646\predictions\formal_dl_cnn_vib_current_cross_rpm_length8192_seed42_predictions.csv,results\formal_runs\postfix_neural_fusion_20260710_180646\checkpoints\formal_dl_cnn_vib_current_cross_rpm_length8192_seed42.pt,corrected_formal_train_only_zscore
cross_rpm,mcc5_postfix_cross_rpm_split.csv,43,cnn,vib_current,length8192,8192,0.7691540303272146,0.8149647251261557,0.7512137536578878,0.7590633046676608,0.7645558828294965,0.5502793296089385,30,0.9970892740670873,16612,23.29225897789001,0.0432588439509094,results\formal_runs\postfix_neural_fusion_20260710_180646\predictions\formal_dl_cnn_vib_current_cross_rpm_length8192_seed43_predictions.csv,results\formal_runs\postfix_neural_fusion_20260710_180646\checkpoints\formal_dl_cnn_vib_current_cross_rpm_length8192_seed43.pt,corrected_formal_train_only_zscore
cross_rpm,mcc5_postfix_cross_rpm_split.csv,44,cnn,vib_current,length8192,8192,0.7270550678371908,0.7876910651266157,0.747270439833289,0.7453303556321983,0.7251862175353547,0.5685909373060211,18,0.9955886020650438,16612,13.97254514694214,0.0425294600575805,results\formal_runs\postfix_neural_fusion_20260710_180646\predictions\formal_dl_cnn_vib_current_cross_rpm_length8192_seed44_predictions.csv,results\formal_runs\postfix_neural_fusion_20260710_180646\checkpoints\formal_dl_cnn_vib_current_cross_rpm_length8192_seed44.pt,corrected_formal_train_only_zscore
cross_rpm,mcc5_postfix_cross_rpm_split.csv,42,tcn,vib_current,length8192,8192,0.4726656025538707,0.6484244843325215,0.4762791522568059,0.451604056944593,0.4410183007908628,0.1396648044692737,13,0.9906856763743892,11620,17.76227068901062,0.0600206404805468,results\formal_runs\postfix_neural_fusion_20260710_180646\predictions\formal_dl_tcn_vib_current_cross_rpm_length8192_seed42_predictions.csv,results\formal_runs\postfix_neural_fusion_20260710_180646\checkpoints\formal_dl_tcn_vib_current_cross_rpm_length8192_seed42.pt,corrected_formal_train_only_zscore
cross_rpm,mcc5_postfix_cross_rpm_split.csv,43,tcn,vib_current,length8192,8192,0.5321229050279329,0.7726807106817023,0.5208610446040614,0.5079787348133291,0.512232879489291,0.2318435754189944,13,0.994883190485785,11620,17.763442754745483,0.0597600069221076,results\formal_runs\postfix_neural_fusion_20260710_180646\predictions\formal_dl_tcn_vib_current_cross_rpm_length8192_seed43_predictions.csv,results\formal_runs\postfix_neural_fusion_20260710_180646\checkpoints\formal_dl_tcn_vib_current_cross_rpm_length8192_seed43.pt,corrected_formal_train_only_zscore
cross_rpm,mcc5_postfix_cross_rpm_split.csv,44,tcn,vib_current,length8192,8192,0.5482841181165203,0.7245091053110919,0.546585417220892,0.5437934812295702,0.5404853586481804,0.342877094972067,17,0.9939455830238664,11620,23.241955041885376,0.0618475014366156,results\formal_runs\postfix_neural_fusion_20260710_180646\predictions\formal_dl_tcn_vib_current_cross_rpm_length8192_seed44_predictions.csv,results\formal_runs\postfix_neural_fusion_20260710_180646\checkpoints\formal_dl_tcn_vib_current_cross_rpm_length8192_seed44.pt,corrected_formal_train_only_zscore
cross_rpm,mcc5_postfix_cross_rpm_split.csv,42,transformer,vib_current,length8192,8192,0.5067837190742218,0.7149787322561839,0.4913623969140729,0.4762959915582279,0.4898797690235552,0.2332402234636871,20,0.9970897115917476,70724,107.5616443157196,0.1768147288944278,results\formal_runs\postfix_neural_fusion_20260710_180646\predictions\formal_dl_transformer_vib_current_cross_rpm_length8192_seed42_predictions.csv,results\formal_runs\postfix_neural_fusion_20260710_180646\checkpoints\formal_dl_transformer_vib_current_cross_rpm_length8192_seed42.pt,corrected_formal_train_only_zscore
cross_rpm,mcc5_postfix_cross_rpm_split.csv,43,transformer,vib_current,length8192,8192,0.6133280127693536,0.7333320197489682,0.580019065354261,0.5481377149929871,0.5677410412282331,0.2039106145251396,23,0.9976731012662629,70724,123.6039605140686,0.1763450271685601,results\formal_runs\postfix_neural_fusion_20260710_180646\predictions\formal_dl_transformer_vib_current_cross_rpm_length8192_seed43_predictions.csv,results\formal_runs\postfix_neural_fusion_20260710_180646\checkpoints\formal_dl_transformer_vib_current_cross_rpm_length8192_seed43.pt,corrected_formal_train_only_zscore
cross_rpm,mcc5_postfix_cross_rpm_split.csv,44,transformer,vib_current,length8192,8192,0.4503192338387869,0.7521030198610873,0.4295745765717832,0.3865539770278198,0.4077893365988957,0.1424581005586592,28,0.9976731189935618,70724,150.438325881958,0.178516339228235,results\formal_runs\postfix_neural_fusion_20260710_180646\predictions\formal_dl_transformer_vib_current_cross_rpm_length8192_seed44_predictions.csv,results\formal_runs\postfix_neural_fusion_20260710_180646\checkpoints\formal_dl_transformer_vib_current_cross_rpm_length8192_seed44.pt,corrected_formal_train_only_zscore
