recording_id,original_recording_name,publication_label,condition_type,rpm_nominal,load_nm,acquisition_timestamp,relative_raw_file,file_size_bytes,data_row_count,column_count,sha256,sha256_group_size,timestamp_group_size,exact_duplicate_content
mcc5_000001_bearing_ball_H_speed_circulation_20Nm_1000rpm_250707143259,bearing_ball_H_speed_circulation_20Nm_1000rpm_250707143259,rolling_element,speed_circulation,1000.0,20.0,250707143259,MCC5-THU Motor_speed_circulation/bearing_ball_H_speed_circulation_20Nm_1000rpm_250707143259.csv,118599098,1152000,9,7720f6a8850019f0c12579352ca2cffe4e195fb2c2ab7d6fed2f396338908d52,1,1,False
mcc5_000002_bearing_ball_H_speed_circulation_20Nm_2000rpm_250707143705,bearing_ball_H_speed_circulation_20Nm_2000rpm_250707143705,rolling_element,speed_circulation,2000.0,20.0,250707143705,MCC5-THU Motor_speed_circulation/bearing_ball_H_speed_circulation_20Nm_2000rpm_250707143705.csv,118649576,1152000,9,ae39540541e75b1d1a26a86d56ddfc8845285f582c6d3f699de8962752e68020,1,1,False
mcc5_000003_bearing_ball_H_speed_circulation_20Nm_3000rpm_250707144104,bearing_ball_H_speed_circulation_20Nm_3000rpm_250707144104,rolling_element,speed_circulation,3000.0,20.0,250707144104,MCC5-THU Motor_speed_circulation/bearing_ball_H_speed_circulation_20Nm_3000rpm_250707144104.csv,118686016,1152000,9,e9c78f0544d210a3c5649edec238b1ffd4d344c2e0defc348053c1e469cd15e8,1,1,False
mcc5_000004_bearing_ball_H_speed_circulation_40Nm_1000rpm_250707143453,bearing_ball_H_speed_circulation_40Nm_1000rpm_250707143453,rolling_element,speed_circulation,1000.0,40.0,250707143453,MCC5-THU Motor_speed_circulation/bearing_ball_H_speed_circulation_40Nm_1000rpm_250707143453.csv,118598507,1152000,9,d495ddefcae1a91993c258905bc08abdec96481812e278baa59f28265f0cb93f,1,1,False
mcc5_000005_bearing_ball_H_speed_circulation_40Nm_2000rpm_250707143905,bearing_ball_H_speed_circulation_40Nm_2000rpm_250707143905,rolling_element,speed_circulation,2000.0,40.0,250707143905,MCC5-THU Motor_speed_circulation/bearing_ball_H_speed_circulation_40Nm_2000rpm_250707143905.csv,118650678,1152000,9,c07cdd5e9cbd89ce0a585fb88a778a7c4078b144d130d59188fa8a16387b4d01,1,1,False
mcc5_000006_bearing_ball_H_speed_circulation_40Nm_3000rpm_250707144708,bearing_ball_H_speed_circulation_40Nm_3000rpm_250707144708,rolling_element,speed_circulation,3000.0,40.0,250707144708,MCC5-THU Motor_speed_circulation/bearing_ball_H_speed_circulation_40Nm_3000rpm_250707144708.csv,118691293,1152000,9,eea42b2e34ec82d63fff1795dcdedfd29da6da7ebb91d41a2549ac61f0425674,1,1,False
mcc5_000007_bearing_ball_L_speed_circulation_20Nm_1000rpm_250707154858,bearing_ball_L_speed_circulation_20Nm_1000rpm_250707154858,rolling_element,speed_circulation,1000.0,20.0,250707154858,MCC5-THU Motor_speed_circulation/bearing_ball_L_speed_circulation_20Nm_1000rpm_250707154858.csv,118602861,1152000,9,5444292e0f77812d2a31006a163b3f3eb852146b1c6785872285fbf65c927b15,1,1,False
mcc5_000008_bearing_ball_L_speed_circulation_20Nm_2000rpm_250707160043,bearing_ball_L_speed_circulation_20Nm_2000rpm_250707160043,rolling_element,speed_circulation,2000.0,20.0,250707160043,MCC5-THU Motor_speed_circulation/bearing_ball_L_speed_circulation_20Nm_2000rpm_250707160043.csv,118668828,1152000,9,acab11c2377a01b47d30e33c96accb9f56b43f6bffdfaa76acb5f5e2883a7b40,1,1,False
mcc5_000009_bearing_ball_L_speed_circulation_20Nm_3000rpm_250707160626,bearing_ball_L_speed_circulation_20Nm_3000rpm_250707160626,rolling_element,speed_circulation,3000.0,20.0,250707160626,MCC5-THU Motor_speed_circulation/bearing_ball_L_speed_circulation_20Nm_3000rpm_250707160626.csv,118707718,1152000,9,9d02d5c4f82e457c847e125f40e5ae6f02847fad92cb08a576410870370e4a4f,1,1,False
mcc5_000010_bearing_ball_L_speed_circulation_40Nm_1000rpm_250707155133,bearing_ball_L_speed_circulation_40Nm_1000rpm_250707155133,rolling_element,speed_circulation,1000.0,40.0,250707155133,MCC5-THU Motor_speed_circulation/bearing_ball_L_speed_circulation_40Nm_1000rpm_250707155133.csv,118616120,1152000,9,9c2c8125d30989bddb35fa60909eaca515108d279ff68f1c6f57599cb2026117,1,1,False
mcc5_000011_bearing_ball_L_speed_circulation_40Nm_2000rpm_250707160240,bearing_ball_L_speed_circulation_40Nm_2000rpm_250707160240,rolling_element,speed_circulation,2000.0,40.0,250707160240,MCC5-THU Motor_speed_circulation/bearing_ball_L_speed_circulation_40Nm_2000rpm_250707160240.csv,118675919,1152000,9,5836ec457e06f44d6ad5e3242b1bc841b14043fac9e5312c2a3fb8056491ecf1,1,1,False
mcc5_000012_bearing_ball_L_speed_circulation_40Nm_3000rpm_250707160826,bearing_ball_L_speed_circulation_40Nm_3000rpm_250707160826,rolling_element,speed_circulation,3000.0,40.0,250707160826,MCC5-THU Motor_speed_circulation/bearing_ball_L_speed_circulation_40Nm_3000rpm_250707160826.csv,118705560,1152000,9,28eb09f3b178af06b32e9097c2e30c216249fc55fdb6ca43e08175255d838057,1,1,False
mcc5_000013_bearing_inner_H_speed_circulation_20Nm_1000rpm_250704090137,bearing_inner_H_speed_circulation_20Nm_1000rpm_250704090137,inner_race,speed_circulation,1000.0,20.0,250704090137,MCC5-THU Motor_speed_circulation/bearing_inner_H_speed_circulation_20Nm_1000rpm_250704090137.csv,118640982,1152000,9,51e4848db938fd4a70c761c9cc95765a6265dd1f134ccfddd1dac587d26515e1,1,1,False
mcc5_000014_bearing_inner_H_speed_circulation_20Nm_2000rpm_250704090550,bearing_inner_H_speed_circulation_20Nm_2000rpm_250704090550,inner_race,speed_circulation,2000.0,20.0,250704090550,MCC5-THU Motor_speed_circulation/bearing_inner_H_speed_circulation_20Nm_2000rpm_250704090550.csv,118690940,1152000,9,d4f136f187f8b88136370a5d60bf3949a15b1b51c7a6ce4dfd3995c8479460a0,1,1,False
mcc5_000015_bearing_inner_H_speed_circulation_40Nm_1000rpm_250704090347,bearing_inner_H_speed_circulation_40Nm_1000rpm_250704090347,inner_race,speed_circulation,1000.0,40.0,250704090347,MCC5-THU Motor_speed_circulation/bearing_inner_H_speed_circulation_40Nm_1000rpm_250704090347.csv,118635807,1152000,9,baa89987dac6efa81d3df766dcf8066a4c13fd10981c2a85b7d8f6d4d987f6fa,1,1,False
mcc5_000016_bearing_inner_H_speed_circulation_40Nm_2000rpm_250704090841,bearing_inner_H_speed_circulation_40Nm_2000rpm_250704090841,inner_race,speed_circulation,2000.0,40.0,250704090841,MCC5-THU Motor_speed_circulation/bearing_inner_H_speed_circulation_40Nm_2000rpm_250704090841.csv,118690297,1152000,9,b71bf92b4a9fcc7d24408d60a6c1848206434374d6b9e702bea058a91ecb3547,1,1,False
mcc5_000017_bearing_inner_H_speed_circulation_40Nm_3000rpm_250704091435,bearing_inner_H_speed_circulation_40Nm_3000rpm_250704091435,inner_race,speed_circulation,3000.0,40.0,250704091435,MCC5-THU Motor_speed_circulation/bearing_inner_H_speed_circulation_40Nm_3000rpm_250704091435.csv,118697341,1152000,9,84078573badae373b0c71f6be584523468ba90cdae2b83d88fb87ac5659f316c,1,1,False
mcc5_000018_bearing_inner_L_speed_circulation_20Nm_1000rpm_250707113842,bearing_inner_L_speed_circulation_20Nm_1000rpm_250707113842,inner_race,speed_circulation,1000.0,20.0,250707113842,MCC5-THU Motor_speed_circulation/bearing_inner_L_speed_circulation_20Nm_1000rpm_250707113842.csv,118630251,1152000,9,1262d6235ba0cdd9be426cbd919bcf280acca79c111ac41a31acbeac18cf0eaa,1,1,False
mcc5_000019_bearing_inner_L_speed_circulation_20Nm_2000rpm_250707114350,bearing_inner_L_speed_circulation_20Nm_2000rpm_250707114350,inner_race,speed_circulation,2000.0,20.0,250707114350,MCC5-THU Motor_speed_circulation/bearing_inner_L_speed_circulation_20Nm_2000rpm_250707114350.csv,118681556,1152000,9,4fe6e01615b1b34b1e65b6f1d5af7a536bd0c4403645dbf68bc9605c93a1c166,1,1,False
mcc5_000020_bearing_inner_L_speed_circulation_20Nm_3000rpm_250707114743,bearing_inner_L_speed_circulation_20Nm_3000rpm_250707114743,inner_race,speed_circulation,3000.0,20.0,250707114743,MCC5-THU Motor_speed_circulation/bearing_inner_L_speed_circulation_20Nm_3000rpm_250707114743.csv,118702842,1152000,9,07388a8888acf006e3798b11b48657d503d37a5bae116ed0b6799dfbb305a1eb,1,1,False
mcc5_000021_bearing_inner_L_speed_circulation_40Nm_1000rpm_250707114105,bearing_inner_L_speed_circulation_40Nm_1000rpm_250707114105,inner_race,speed_circulation,1000.0,40.0,250707114105,MCC5-THU Motor_speed_circulation/bearing_inner_L_speed_circulation_40Nm_1000rpm_250707114105.csv,118640404,1152000,9,c3ea95b98e9362ed7293e91b8dd3b34efe7dd9eac4f7e0bb8e240d1bc22eb468,1,1,False
mcc5_000022_bearing_inner_L_speed_circulation_40Nm_2000rpm_250707114548,bearing_inner_L_speed_circulation_40Nm_2000rpm_250707114548,inner_race,speed_circulation,2000.0,40.0,250707114548,MCC5-THU Motor_speed_circulation/bearing_inner_L_speed_circulation_40Nm_2000rpm_250707114548.csv,118682679,1152000,9,12f04e716ed480f50469b18599ed0fb42ddc51bb0eb6ee47fd279465b297756d,1,1,False
mcc5_000023_bearing_inner_L_speed_circulation_40Nm_3000rpm_250707114941,bearing_inner_L_speed_circulation_40Nm_3000rpm_250707114941,inner_race,speed_circulation,3000.0,40.0,250707114941,MCC5-THU Motor_speed_circulation/bearing_inner_L_speed_circulation_40Nm_3000rpm_250707114941.csv,118707459,1152000,9,60f2bf5fc90e0d34b9346e4d5a1ebb39e995787a8bda1ccdf3b65c92eb89d5b9,1,1,False
mcc5_000030_bearing_outer_H_speed_circulation_20Nm_1000rpm_250707104821,bearing_outer_H_speed_circulation_20Nm_1000rpm_250707104821,outer_race,speed_circulation,1000.0,20.0,250707104821,MCC5-THU Motor_speed_circulation/bearing_outer_H_speed_circulation_20Nm_1000rpm_250707104821.csv,118629131,1152000,9,3a8283b9da5bc77ad803ba40f014f2311a1fba3c43cd229049636d0b2d0b03b5,1,1,False
mcc5_000031_bearing_outer_H_speed_circulation_20Nm_2000rpm_250707105253,bearing_outer_H_speed_circulation_20Nm_2000rpm_250707105253,outer_race,speed_circulation,2000.0,20.0,250707105253,MCC5-THU Motor_speed_circulation/bearing_outer_H_speed_circulation_20Nm_2000rpm_250707105253.csv,118672701,1152000,9,7cd3eed18771cdb31168e4b36f10598975f69eb46b11094ed8befda27c724db5,1,1,False
mcc5_000032_bearing_outer_H_speed_circulation_20Nm_3000rpm_250707105700,bearing_outer_H_speed_circulation_20Nm_3000rpm_250707105700,outer_race,speed_circulation,3000.0,20.0,250707105700,MCC5-THU Motor_speed_circulation/bearing_outer_H_speed_circulation_20Nm_3000rpm_250707105700.csv,118688070,1152000,9,ac29ae7381807b9b9eac946535d891a7125a9ad7f75a627c3ec8f4beca2edca7,1,1,False
mcc5_000033_bearing_outer_H_speed_circulation_20Nm_3000rpm_250821110519,bearing_outer_H_speed_circulation_20Nm_3000rpm_250821110519,outer_race,speed_circulation,3000.0,20.0,250821110519,MCC5-THU Motor_speed_circulation/bearing_outer_H_speed_circulation_20Nm_3000rpm_250821110519.csv,118694220,1152000,9,d18d26ad4da5afd27e32292769e9f5bc42894622fe0a1d1d671865ed54745325,1,1,False
mcc5_000034_bearing_outer_H_speed_circulation_40Nm_1000rpm_250707105055,bearing_outer_H_speed_circulation_40Nm_1000rpm_250707105055,outer_race,speed_circulation,1000.0,40.0,250707105055,MCC5-THU Motor_speed_circulation/bearing_outer_H_speed_circulation_40Nm_1000rpm_250707105055.csv,118627654,1152000,9,afb974e3fab977a1b04e9844420172f9bf86643d327be9b71b5b424cd39b70b3,1,1,False
mcc5_000035_bearing_outer_H_speed_circulation_40Nm_2000rpm_250707105500,bearing_outer_H_speed_circulation_40Nm_2000rpm_250707105500,outer_race,speed_circulation,2000.0,40.0,250707105500,MCC5-THU Motor_speed_circulation/bearing_outer_H_speed_circulation_40Nm_2000rpm_250707105500.csv,118673196,1152000,9,93f29b3c5c05171c3dfd1d674f471a36d7cb3b942025e97a68dd9b674451949c,1,1,False
mcc5_000036_bearing_outer_H_speed_circulation_40Nm_3000rpm_250707105959,bearing_outer_H_speed_circulation_40Nm_3000rpm_250707105959,outer_race,speed_circulation,3000.0,40.0,250707105959,MCC5-THU Motor_speed_circulation/bearing_outer_H_speed_circulation_40Nm_3000rpm_250707105959.csv,118702098,1152000,9,58d64dda596449dc1d351d19846dddd133e5e739e3d431b55b2754e78d3f8ca5,1,1,False
mcc5_000037_bearing_outer_L_speed_circulation_20Nm_1000rpm_250708094556,bearing_outer_L_speed_circulation_20Nm_1000rpm_250708094556,outer_race,speed_circulation,1000.0,20.0,250708094556,MCC5-THU Motor_speed_circulation/bearing_outer_L_speed_circulation_20Nm_1000rpm_250708094556.csv,118629330,1152000,9,b634868413578ad0deef45695826370eae5aa74ac2c638cc0f378cd767bc6ff0,1,3,False
mcc5_000038_bearing_outer_L_speed_circulation_20Nm_2000rpm_250708095712,bearing_outer_L_speed_circulation_20Nm_2000rpm_250708095712,outer_race,speed_circulation,2000.0,20.0,250708095712,MCC5-THU Motor_speed_circulation/bearing_outer_L_speed_circulation_20Nm_2000rpm_250708095712.csv,118678331,1152000,9,f3c774ac2427df56eb66cd30c0686b2f9cd58ae2c5b730d267f716989447cd42,1,1,False
mcc5_000039_bearing_outer_L_speed_circulation_20Nm_3000rpm_250708100411,bearing_outer_L_speed_circulation_20Nm_3000rpm_250708100411,outer_race,speed_circulation,3000.0,20.0,250708100411,MCC5-THU Motor_speed_circulation/bearing_outer_L_speed_circulation_20Nm_3000rpm_250708100411.csv,118705021,1152000,9,0228ed9e27ea21473660d6505db2390008d7ac134b93875ce76fe3be150b4c69,1,1,False
mcc5_000040_bearing_outer_L_speed_circulation_40Nm_1000rpm_250708094556,bearing_outer_L_speed_circulation_40Nm_1000rpm_250708094556,outer_race,speed_circulation,1000.0,40.0,250708094556,MCC5-THU Motor_speed_circulation/bearing_outer_L_speed_circulation_40Nm_1000rpm_250708094556.csv,118631511,1152000,9,d507b3ae6cd3dbf01b089fd1519bacf083c3ceee608ff9aa1455410b818c923e,1,3,False
mcc5_000041_bearing_outer_L_speed_circulation_40Nm_2000rpm_250708100011,bearing_outer_L_speed_circulation_40Nm_2000rpm_250708100011,outer_race,speed_circulation,2000.0,40.0,250708100011,MCC5-THU Motor_speed_circulation/bearing_outer_L_speed_circulation_40Nm_2000rpm_250708100011.csv,118669490,1152000,9,9cb04068bb1e5f2543421eebbdb6dc29f654f19b3a431299ae8642958140f5e7,1,1,False
mcc5_000042_bearing_outer_L_speed_circulation_40Nm_3000rpm_250708100602,bearing_outer_L_speed_circulation_40Nm_3000rpm_250708100602,outer_race,speed_circulation,3000.0,40.0,250708100602,MCC5-THU Motor_speed_circulation/bearing_outer_L_speed_circulation_40Nm_3000rpm_250708100602.csv,118697932,1152000,9,0e422b01acec9b095def3ff91f8a34ffe1a160bbd93a46d4da08858c41bdda91,1,1,False
mcc5_000085_health_speed_circulation_20Nm_1000rpm_250702161631,health_speed_circulation_20Nm_1000rpm_250702161631,healthy,speed_circulation,1000.0,20.0,250702161631,MCC5-THU Motor_speed_circulation/health_speed_circulation_20Nm_1000rpm_250702161631.csv,118602669,1152000,9,bcfca74b6624399a1d5625d8915fba78b00a52b59c6f7e0d2363e01aedef8361,1,1,False
mcc5_000086_health_speed_circulation_20Nm_2000rpm_250702162116,health_speed_circulation_20Nm_2000rpm_250702162116,healthy,speed_circulation,2000.0,20.0,250702162116,MCC5-THU Motor_speed_circulation/health_speed_circulation_20Nm_2000rpm_250702162116.csv,118665402,1152000,9,e25f152bae94d86d6f308d8aedf0af1c146f94518052236485afa4193f412cc9,1,1,False
mcc5_000087_health_speed_circulation_20Nm_3000rpm_250702162533,health_speed_circulation_20Nm_3000rpm_250702162533,healthy,speed_circulation,3000.0,20.0,250702162533,MCC5-THU Motor_speed_circulation/health_speed_circulation_20Nm_3000rpm_250702162533.csv,118694292,1152000,9,e62c4ccb140d15b9eb7b01cdb004769dda3640ddfeb226a1d1ffcb94610f00e9,1,1,False
mcc5_000088_health_speed_circulation_40Nm_1000rpm_250702161900,health_speed_circulation_40Nm_1000rpm_250702161900,healthy,speed_circulation,1000.0,40.0,250702161900,MCC5-THU Motor_speed_circulation/health_speed_circulation_40Nm_1000rpm_250702161900.csv,118595919,1152000,9,1b0a6b9ecb543db94b43310ea210360d55c67bab90b4913b075ba14c04c0c0c6,1,1,False
mcc5_000089_health_speed_circulation_40Nm_2000rpm_250702162327,health_speed_circulation_40Nm_2000rpm_250702162327,healthy,speed_circulation,2000.0,40.0,250702162327,MCC5-THU Motor_speed_circulation/health_speed_circulation_40Nm_2000rpm_250702162327.csv,118662149,1152000,9,7f81370678b42c5df620f5a7087cc503f855257c2b20c80f67d4dd03239e7151,1,1,False
mcc5_000090_health_speed_circulation_40Nm_3000rpm_250702162804,health_speed_circulation_40Nm_3000rpm_250702162804,healthy,speed_circulation,3000.0,40.0,250702162804,MCC5-THU Motor_speed_circulation/health_speed_circulation_40Nm_3000rpm_250702162804.csv,118686897,1152000,9,b5ae8c8d040d74637b11ced34c4bd2b9f9f60aef7f109b02583ab3bb1a2fb554,1,1,False
mcc5_000145_bearing_ball_H_torque_circulation_20Nm_1000rpm_250707135802d,bearing_ball_H_torque_circulation_20Nm_1000rpm_250707135802d,rolling_element,torque_circulation,1000.0,20.0,250707135802,MCC5-THU Motor_torque_circulation/bearing_ball_H_torque_circulation_20Nm_1000rpm_250707135802d.csv,118623039,1152000,9,f2e855847812cd1d3206a3f39214def9f342b6d81e3f3f4ec975bc6404ff2957,1,1,False
mcc5_000146_bearing_ball_H_torque_circulation_20Nm_2000rpm_250707140027d,bearing_ball_H_torque_circulation_20Nm_2000rpm_250707140027d,rolling_element,torque_circulation,2000.0,20.0,250707140027,MCC5-THU Motor_torque_circulation/bearing_ball_H_torque_circulation_20Nm_2000rpm_250707140027d.csv,118665111,1152000,9,42283aff930db5e8e5b280664bd2a99ce3f806413e26671521ddcde6baa465b6,1,1,False
mcc5_000147_bearing_ball_H_torque_circulation_20Nm_3000rpm_250707140229d,bearing_ball_H_torque_circulation_20Nm_3000rpm_250707140229d,rolling_element,torque_circulation,3000.0,20.0,250707140229,MCC5-THU Motor_torque_circulation/bearing_ball_H_torque_circulation_20Nm_3000rpm_250707140229d.csv,118701061,1152000,9,35e2afc1e6797806189e25cf1a6cfffd7104bf617a2ca2849e6674623c7d3cec,1,1,False
mcc5_000148_bearing_ball_H_torque_circulation_40Nm_1000rpm_250707140440d,bearing_ball_H_torque_circulation_40Nm_1000rpm_250707140440d,rolling_element,torque_circulation,1000.0,40.0,250707140440,MCC5-THU Motor_torque_circulation/bearing_ball_H_torque_circulation_40Nm_1000rpm_250707140440d.csv,118634336,1152000,9,82bddc6a74e8eef38cd90fbe769abac7c1554d3308ca90b450e2a810861a5c2e,1,1,False
mcc5_000149_bearing_ball_H_torque_circulation_40Nm_2000rpm_250707142821d,bearing_ball_H_torque_circulation_40Nm_2000rpm_250707142821d,rolling_element,torque_circulation,2000.0,40.0,250707142821,MCC5-THU Motor_torque_circulation/bearing_ball_H_torque_circulation_40Nm_2000rpm_250707142821d.csv,118678084,1152000,9,6d1c723fb8a00e1925e07070fb6ca853b219b5a1f387c2a4c1a58a40f6679e19,1,1,False
mcc5_000150_bearing_ball_H_torque_circulation_40Nm_3000rpm_250707143025d,bearing_ball_H_torque_circulation_40Nm_3000rpm_250707143025d,rolling_element,torque_circulation,3000.0,40.0,250707143025,MCC5-THU Motor_torque_circulation/bearing_ball_H_torque_circulation_40Nm_3000rpm_250707143025d.csv,118700517,1152000,9,c343b89b820389295fb160ba9a5c8679524e331b3e973150e2057bb16fbf808e,1,1,False
mcc5_000151_bearing_ball_L_torque_circulation_20Nm_1000rpm_250707153516d,bearing_ball_L_torque_circulation_20Nm_1000rpm_250707153516d,rolling_element,torque_circulation,1000.0,20.0,250707153516,MCC5-THU Motor_torque_circulation/bearing_ball_L_torque_circulation_20Nm_1000rpm_250707153516d.csv,118654349,1152000,9,12dc9a42d9ff4773f0a2ad405f167e4e5aaa9b990f218b99b6b2d731819e3b81,1,1,False
mcc5_000152_bearing_ball_L_torque_circulation_20Nm_2000rpm_250707153733d,bearing_ball_L_torque_circulation_20Nm_2000rpm_250707153733d,rolling_element,torque_circulation,2000.0,20.0,250707153733,MCC5-THU Motor_torque_circulation/bearing_ball_L_torque_circulation_20Nm_2000rpm_250707153733d.csv,118699733,1152000,9,315275ddb36719e89b6b879890a6cc9aa89f50a4eb030aa36827bad0e69add4a,1,1,False
mcc5_000153_bearing_ball_L_torque_circulation_20Nm_3000rpm_250707153938d,bearing_ball_L_torque_circulation_20Nm_3000rpm_250707153938d,rolling_element,torque_circulation,3000.0,20.0,250707153938,MCC5-THU Motor_torque_circulation/bearing_ball_L_torque_circulation_20Nm_3000rpm_250707153938d.csv,118720277,1152000,9,496b2a71a7725305f6c01672eef9c8a517576455505fc52e0b919640e8de4cff,1,1,False
mcc5_000154_bearing_ball_L_torque_circulation_40Nm_1000rpm_250707154144d,bearing_ball_L_torque_circulation_40Nm_1000rpm_250707154144d,rolling_element,torque_circulation,1000.0,40.0,250707154144,MCC5-THU Motor_torque_circulation/bearing_ball_L_torque_circulation_40Nm_1000rpm_250707154144d.csv,118655972,1152000,9,711e54906e37bbfed5bf00312b965ccbc55f7af68facc4aa1cd8f1539e270457,1,1,False
mcc5_000155_bearing_ball_L_torque_circulation_40Nm_2000rpm_250707154410d,bearing_ball_L_torque_circulation_40Nm_2000rpm_250707154410d,rolling_element,torque_circulation,2000.0,40.0,250707154410,MCC5-THU Motor_torque_circulation/bearing_ball_L_torque_circulation_40Nm_2000rpm_250707154410d.csv,118694831,1152000,9,701c852d56b783e8b0a11dbade023240aca773a1ccb4077282e77b2ced9742cf,1,1,False
mcc5_000156_bearing_ball_L_torque_circulation_40Nm_3000rpm_250707154630d,bearing_ball_L_torque_circulation_40Nm_3000rpm_250707154630d,rolling_element,torque_circulation,3000.0,40.0,250707154630,MCC5-THU Motor_torque_circulation/bearing_ball_L_torque_circulation_40Nm_3000rpm_250707154630d.csv,118725709,1152000,9,9dc242d9a0ab4696c9208aea99d4e0c290ca14cd0368ff1d96c583c5cbe7cc6a,1,1,False
mcc5_000157_bearing_inner_H_torque_circulation_20Nm_1000rpm_250704084736d,bearing_inner_H_torque_circulation_20Nm_1000rpm_250704084736d,inner_race,torque_circulation,1000.0,20.0,250704084736,MCC5-THU Motor_torque_circulation/bearing_inner_H_torque_circulation_20Nm_1000rpm_250704084736d.csv,118678795,1152000,9,a97772c0b02bd5125b68dc3b551de6eb430ddb239092514f0d52b83b1d62323a,1,1,False
mcc5_000158_bearing_inner_H_torque_circulation_20Nm_2000rpm_250704084956d,bearing_inner_H_torque_circulation_20Nm_2000rpm_250704084956d,inner_race,torque_circulation,2000.0,20.0,250704084956,MCC5-THU Motor_torque_circulation/bearing_inner_H_torque_circulation_20Nm_2000rpm_250704084956d.csv,118706038,1152000,9,0b3de8ffaaccba6ab971a39af15554d744555aaba5ecf2c04369e61ccab9d92b,1,1,False
mcc5_000159_bearing_inner_H_torque_circulation_20Nm_3000rpm_250704085209d,bearing_inner_H_torque_circulation_20Nm_3000rpm_250704085209d,inner_race,torque_circulation,3000.0,20.0,250704085209,MCC5-THU Motor_torque_circulation/bearing_inner_H_torque_circulation_20Nm_3000rpm_250704085209d.csv,118707766,1152000,9,ddc1864d1196d1d067877eed5d5e3ca8512fa80e056b2538160131c754e94cca,1,1,False
mcc5_000160_bearing_inner_H_torque_circulation_40Nm_1000rpm_250704085422d,bearing_inner_H_torque_circulation_40Nm_1000rpm_250704085422d,inner_race,torque_circulation,1000.0,40.0,250704085422,MCC5-THU Motor_torque_circulation/bearing_inner_H_torque_circulation_40Nm_1000rpm_250704085422d.csv,118679699,1152000,9,70e14f7faafd6e3de38c0dbc1bb01fe55fa82455122ca9a9ea31a4b5d053d6e0,1,1,False
mcc5_000161_bearing_inner_H_torque_circulation_40Nm_2000rpm_250704085637d,bearing_inner_H_torque_circulation_40Nm_2000rpm_250704085637d,inner_race,torque_circulation,2000.0,40.0,250704085637,MCC5-THU Motor_torque_circulation/bearing_inner_H_torque_circulation_40Nm_2000rpm_250704085637d.csv,118703567,1152000,9,1fc9feb296a71700334284c25cf4e9f500673108a7dedb7e2e1d57094dbb0162,1,1,False
mcc5_000162_bearing_inner_H_torque_circulation_40Nm_3000rpm_250704085907d,bearing_inner_H_torque_circulation_40Nm_3000rpm_250704085907d,inner_race,torque_circulation,3000.0,40.0,250704085907,MCC5-THU Motor_torque_circulation/bearing_inner_H_torque_circulation_40Nm_3000rpm_250704085907d.csv,118720417,1152000,9,4698e63c833d9ce928c24d0a931ed8bba3649f681e8b6542e60289696c650179,1,1,False
mcc5_000163_bearing_inner_L_torque_circulation_20Nm_1000rpm_250707112415d,bearing_inner_L_torque_circulation_20Nm_1000rpm_250707112415d,inner_race,torque_circulation,1000.0,20.0,250707112415,MCC5-THU Motor_torque_circulation/bearing_inner_L_torque_circulation_20Nm_1000rpm_250707112415d.csv,118661894,1152000,9,f90d96212cd793e4bf15db56e7837cb7173bab28c88da7efc6384d0319390ee0,1,1,False
mcc5_000164_bearing_inner_L_torque_circulation_20Nm_2000rpm_250707112622d,bearing_inner_L_torque_circulation_20Nm_2000rpm_250707112622d,inner_race,torque_circulation,2000.0,20.0,250707112622,MCC5-THU Motor_torque_circulation/bearing_inner_L_torque_circulation_20Nm_2000rpm_250707112622d.csv,118702051,1152000,9,37345def6e1887ac260035915a140094381a42cbad746ecdd0f0588142bbbed6,1,1,False
mcc5_000165_bearing_inner_L_torque_circulation_20Nm_3000rpm_250707112823d,bearing_inner_L_torque_circulation_20Nm_3000rpm_250707112823d,inner_race,torque_circulation,3000.0,20.0,250707112823,MCC5-THU Motor_torque_circulation/bearing_inner_L_torque_circulation_20Nm_3000rpm_250707112823d.csv,118717746,1152000,9,4ef83bf60ceb5f145bc8de724e00a38bd1fd16db9a6b79bb2df3cbdbffe88617,1,1,False
mcc5_000166_bearing_inner_L_torque_circulation_40Nm_1000rpm_250707113035d,bearing_inner_L_torque_circulation_40Nm_1000rpm_250707113035d,inner_race,torque_circulation,1000.0,40.0,250707113035,MCC5-THU Motor_torque_circulation/bearing_inner_L_torque_circulation_40Nm_1000rpm_250707113035d.csv,118666212,1152000,9,3aaa2e581f5173f6b634b98cb931b0fdc20f7ae646d8897e4cfb41471ca47637,1,1,False
mcc5_000167_bearing_inner_L_torque_circulation_40Nm_2000rpm_250707113243d,bearing_inner_L_torque_circulation_40Nm_2000rpm_250707113243d,inner_race,torque_circulation,2000.0,40.0,250707113243,MCC5-THU Motor_torque_circulation/bearing_inner_L_torque_circulation_40Nm_2000rpm_250707113243d.csv,118698899,1152000,9,60faa9c3bec8c781b98489a8faaf5f0e29344c1de19bce3ad52b0e706e2237fa,1,1,False
mcc5_000168_bearing_inner_L_torque_circulation_40Nm_3000rpm_250707113444d,bearing_inner_L_torque_circulation_40Nm_3000rpm_250707113444d,inner_race,torque_circulation,3000.0,40.0,250707113444,MCC5-THU Motor_torque_circulation/bearing_inner_L_torque_circulation_40Nm_3000rpm_250707113444d.csv,118726588,1152000,9,e6822bcacb4e45a68bc8412a96aacaa1b8dc499dc66492cb9c424116e33edd4c,1,1,False
mcc5_000175_bearing_outer_H_torque_circulation_20Nm_1000rpm_250707103949d,bearing_outer_H_torque_circulation_20Nm_1000rpm_250707103949d,outer_race,torque_circulation,1000.0,20.0,250707103949,MCC5-THU Motor_torque_circulation/bearing_outer_H_torque_circulation_20Nm_1000rpm_250707103949d.csv,118661445,1152000,9,be44d8f44427879e7840081120c8aa6a5c2986ae2fc8a70df973bbc840b69b59,1,1,False
mcc5_000176_bearing_outer_H_torque_circulation_20Nm_2000rpm_250707103802d,bearing_outer_H_torque_circulation_20Nm_2000rpm_250707103802d,outer_race,torque_circulation,2000.0,20.0,250707103802,MCC5-THU Motor_torque_circulation/bearing_outer_H_torque_circulation_20Nm_2000rpm_250707103802d.csv,118695784,1152000,9,af9632e4e85fa5b3015dee7f3ac9d75e0c831af768922f481d22b3397e9bc5fc,1,1,False
mcc5_000177_bearing_outer_H_torque_circulation_20Nm_3000rpm_250821175544,bearing_outer_H_torque_circulation_20Nm_3000rpm_250821175544,outer_race,torque_circulation,3000.0,20.0,250821175544,MCC5-THU Motor_torque_circulation/bearing_outer_H_torque_circulation_20Nm_3000rpm_250821175544.csv,118713854,1152000,9,db71c54f4b999ef039aca8869354164eaff8afd9d6f1c604bd2c9b06c9abee93,1,1,False
mcc5_000178_bearing_outer_H_torque_circulation_40Nm_1000rpm_250707104154d,bearing_outer_H_torque_circulation_40Nm_1000rpm_250707104154d,outer_race,torque_circulation,1000.0,40.0,250707104154,MCC5-THU Motor_torque_circulation/bearing_outer_H_torque_circulation_40Nm_1000rpm_250707104154d.csv,118655421,1152000,9,e1a530c2ef1fc16650ed36b08d45a9af9c6829a192f6875a320dcf6d8165c576,1,1,False
mcc5_000179_bearing_outer_H_torque_circulation_40Nm_2000rpm_250707104408d,bearing_outer_H_torque_circulation_40Nm_2000rpm_250707104408d,outer_race,torque_circulation,2000.0,40.0,250707104408,MCC5-THU Motor_torque_circulation/bearing_outer_H_torque_circulation_40Nm_2000rpm_250707104408d.csv,118699701,1152000,9,ad66e86ba4f9e86db40b429656c1647f1d8eb4314a5ddb1dfdf4442e1140925f,1,1,False
mcc5_000180_bearing_outer_H_torque_circulation_40Nm_3000rpm_250707104611d,bearing_outer_H_torque_circulation_40Nm_3000rpm_250707104611d,outer_race,torque_circulation,3000.0,40.0,250707104611,MCC5-THU Motor_torque_circulation/bearing_outer_H_torque_circulation_40Nm_3000rpm_250707104611d.csv,118715319,1152000,9,c7474b3e606360bb7fbd030a8530b5a9438defafc8eeaf46726d28814bb6393a,1,1,False
mcc5_000181_bearing_outer_L_torque_circulation_20Nm_1000rpm_250708093600d,bearing_outer_L_torque_circulation_20Nm_1000rpm_250708093600d,outer_race,torque_circulation,1000.0,20.0,250708093600,MCC5-THU Motor_torque_circulation/bearing_outer_L_torque_circulation_20Nm_1000rpm_250708093600d.csv,118662877,1152000,9,d53e149520e371e04d79a05c6c1429fbffe9c851480c5aa20bc358ade213d001,1,1,False
mcc5_000182_bearing_outer_L_torque_circulation_20Nm_2000rpm_250708093806d,bearing_outer_L_torque_circulation_20Nm_2000rpm_250708093806d,outer_race,torque_circulation,2000.0,20.0,250708093806,MCC5-THU Motor_torque_circulation/bearing_outer_L_torque_circulation_20Nm_2000rpm_250708093806d.csv,118690771,1152000,9,9e408089ac0d4355fc7ec002a85b7488e3305836bd54f71260fe80589c308fdb,1,1,False
mcc5_000183_bearing_outer_L_torque_circulation_20Nm_3000rpm_250708094011d,bearing_outer_L_torque_circulation_20Nm_3000rpm_250708094011d,outer_race,torque_circulation,3000.0,20.0,250708094011,MCC5-THU Motor_torque_circulation/bearing_outer_L_torque_circulation_20Nm_3000rpm_250708094011d.csv,118711403,1152000,9,f7f021a484ebe4f83e317c5ffc50dacdd147f523f163c05c700ceb385ce6982d,1,1,False
mcc5_000184_bearing_outer_L_torque_circulation_40Nm_1000rpm_250708094205d,bearing_outer_L_torque_circulation_40Nm_1000rpm_250708094205d,outer_race,torque_circulation,1000.0,40.0,250708094205,MCC5-THU Motor_torque_circulation/bearing_outer_L_torque_circulation_40Nm_1000rpm_250708094205d.csv,118667952,1152000,9,9995777acca737c9fd145042bef992a6bb794467b35331ad0f5630ea5f00f683,1,1,False
mcc5_000185_bearing_outer_L_torque_circulation_40Nm_2000rpm_250708094403d,bearing_outer_L_torque_circulation_40Nm_2000rpm_250708094403d,outer_race,torque_circulation,2000.0,40.0,250708094403,MCC5-THU Motor_torque_circulation/bearing_outer_L_torque_circulation_40Nm_2000rpm_250708094403d.csv,118689060,1152000,9,33b48cdf51503b631176c0c0bdbb82a87c41481770ccea388211c40c585e18cd,1,1,False
mcc5_000186_bearing_outer_L_torque_circulation_40Nm_3000rpm_250708094556d,bearing_outer_L_torque_circulation_40Nm_3000rpm_250708094556d,outer_race,torque_circulation,3000.0,40.0,250708094556,MCC5-THU Motor_torque_circulation/bearing_outer_L_torque_circulation_40Nm_3000rpm_250708094556d.csv,118711125,1152000,9,d032b6963fc06747f489195716e81c49135915232457f91c5a1ceb22ff2e5f72,1,3,False
mcc5_000229_health_torque_circulation_20Nm_1000rpm_250702154813d,health_torque_circulation_20Nm_1000rpm_250702154813d,healthy,torque_circulation,1000.0,20.0,250702154813,MCC5-THU Motor_torque_circulation/health_torque_circulation_20Nm_1000rpm_250702154813d.csv,118663524,1152000,9,f331e955f447d5511534e0f4b664b3df620321d31e82850e9c58a7b4466e2a7a,1,1,False
mcc5_000230_health_torque_circulation_20Nm_2000rpm_250702155521d,health_torque_circulation_20Nm_2000rpm_250702155521d,healthy,torque_circulation,2000.0,20.0,250702155521,MCC5-THU Motor_torque_circulation/health_torque_circulation_20Nm_2000rpm_250702155521d.csv,118691358,1152000,9,3ff9ec750ab16c267ca5cf134819b77ccb3617364abd986a1c31d6136047f7c2,1,1,False
mcc5_000231_health_torque_circulation_20Nm_3000rpm_250702155743d,health_torque_circulation_20Nm_3000rpm_250702155743d,healthy,torque_circulation,3000.0,20.0,250702155743,MCC5-THU Motor_torque_circulation/health_torque_circulation_20Nm_3000rpm_250702155743d.csv,118721205,1152000,9,6e059ccd0282d11f14cd206b6d625b6f331bdac090c0fa203deb531337de7d73,1,1,False
mcc5_000232_health_torque_circulation_40Nm_1000rpm_250702161315d,health_torque_circulation_40Nm_1000rpm_250702161315d,healthy,torque_circulation,1000.0,40.0,250702161315,MCC5-THU Motor_torque_circulation/health_torque_circulation_40Nm_1000rpm_250702161315d.csv,118661518,1152000,9,2d271213e246d8bc5df21f3f64c164231f9dcaaedb3e8f3d02fad51f4115150f,1,1,False
mcc5_000233_health_torque_circulation_40Nm_2000rpm_250702161114d,health_torque_circulation_40Nm_2000rpm_250702161114d,healthy,torque_circulation,2000.0,40.0,250702161114,MCC5-THU Motor_torque_circulation/health_torque_circulation_40Nm_2000rpm_250702161114d.csv,118690193,1152000,9,eaf3d01191439c4bae1b0df23a9f45087b977323c866f07dc66a1a27d0c3933b,1,1,False
mcc5_000234_health_torque_circulation_40Nm_3000rpm_250702160849d,health_torque_circulation_40Nm_3000rpm_250702160849d,healthy,torque_circulation,3000.0,40.0,250702160849,MCC5-THU Motor_torque_circulation/health_torque_circulation_40Nm_3000rpm_250702160849d.csv,118716560,1152000,9,217b443a64bc5293a3f9d375004a4fd55be060a32bde9f83bd4cadf6000af8ad,1,1,False
