split_seed,split,model,source_file,true_label,mean_probability_prediction,majority_vote_prediction,window_count,condition_type,rpm_nominal,load_nm,mean_probability_bearing_ball,mean_probability_bearing_inner,mean_probability_bearing_outer,mean_probability_healthy
42,source_file_seed_42,random_forest,data/raw/mcc5_thu_motor/MCC5-THU Motor/MCC5-THU Motor_speed_circulation/bearing_ball_H_speed_circulation_20Nm_2000rpm_250707143705.csv,bearing_ball,bearing_ball,bearing_ball,179,speed_circulation,2000.0,20.0,0.9618156424581007,0.008687150837988827,0.02181564245810056,0.007681564245810057
42,source_file_seed_42,random_forest,data/raw/mcc5_thu_motor/MCC5-THU Motor/MCC5-THU Motor_speed_circulation/bearing_ball_L_speed_circulation_20Nm_3000rpm_250707160626.csv,bearing_ball,bearing_ball,bearing_ball,179,speed_circulation,3000.0,20.0,0.984022346368715,0.000782122905027933,0.005223463687150838,0.009972067039106145
42,source_file_seed_42,random_forest,data/raw/mcc5_thu_motor/MCC5-THU Motor/MCC5-THU Motor_speed_circulation/bearing_inner_H_speed_circulation_40Nm_2000rpm_250704090841.csv,bearing_inner,bearing_inner,bearing_inner,179,speed_circulation,2000.0,40.0,0.02675977653631285,0.9281843575418997,0.04089385474860336,0.004162011173184358
42,source_file_seed_42,random_forest,data/raw/mcc5_thu_motor/MCC5-THU Motor/MCC5-THU Motor_speed_circulation/bearing_inner_L_speed_circulation_40Nm_3000rpm_250707114941.csv,bearing_inner,bearing_inner,bearing_inner,179,speed_circulation,3000.0,40.0,0.0039944134078212295,0.9467877094972067,0.044804469273743014,0.00441340782122905
42,source_file_seed_42,random_forest,data/raw/mcc5_thu_motor/MCC5-THU Motor/MCC5-THU Motor_speed_circulation/bearing_outer_L_speed_circulation_40Nm_2000rpm_250708100011.csv,bearing_outer,bearing_outer,bearing_outer,179,speed_circulation,2000.0,40.0,0.010754189944134079,0.019776536312849164,0.9656983240223465,0.0037709497206703914
42,source_file_seed_42,random_forest,data/raw/mcc5_thu_motor/MCC5-THU Motor/MCC5-THU Motor_speed_circulation/health_speed_circulation_40Nm_2000rpm_250702162327.csv,healthy,healthy,healthy,179,speed_circulation,2000.0,40.0,0.037849162011173186,0.006033519553072626,0.009385474860335197,0.9467318435754192
42,source_file_seed_42,random_forest,data/raw/mcc5_thu_motor/MCC5-THU Motor/MCC5-THU Motor_speed_circulation/health_speed_circulation_40Nm_3000rpm_250702162804.csv,healthy,healthy,healthy,179,speed_circulation,3000.0,40.0,0.05854748603351956,0.015782122905027934,0.029469273743016763,0.8962011173184357
42,source_file_seed_42,random_forest,data/raw/mcc5_thu_motor/MCC5-THU Motor/MCC5-THU Motor_torque_circulation/bearing_ball_H_torque_circulation_20Nm_2000rpm_250707140027d.csv,bearing_ball,bearing_ball,bearing_ball,179,torque_circulation,2000.0,20.0,0.9637150837988827,0.0024301675977653633,0.020921787709497208,0.012932960893854747
42,source_file_seed_42,random_forest,data/raw/mcc5_thu_motor/MCC5-THU Motor/MCC5-THU Motor_torque_circulation/bearing_inner_H_torque_circulation_20Nm_3000rpm_250704085209d.csv,bearing_inner,bearing_inner,bearing_inner,179,torque_circulation,3000.0,20.0,0.0006983240223463687,0.9973184357541899,0.0019832402234636875,0.0
42,source_file_seed_42,random_forest,data/raw/mcc5_thu_motor/MCC5-THU Motor/MCC5-THU Motor_torque_circulation/bearing_inner_L_torque_circulation_20Nm_1000rpm_250707112415d.csv,bearing_inner,bearing_inner,bearing_inner,179,torque_circulation,1000.0,20.0,8.379888268156425e-05,0.9310614525139667,0.06840782122905029,0.000446927374301676
42,source_file_seed_42,random_forest,data/raw/mcc5_thu_motor/MCC5-THU Motor/MCC5-THU Motor_torque_circulation/bearing_outer_L_torque_circulation_20Nm_1000rpm_250708093600d.csv,bearing_outer,bearing_outer,bearing_outer,179,torque_circulation,1000.0,20.0,0.0005865921787709498,0.0024301675977653633,0.9967877094972067,0.00019553072625698326
42,source_file_seed_42,random_forest,data/raw/mcc5_thu_motor/MCC5-THU Motor/MCC5-THU Motor_torque_circulation/bearing_outer_L_torque_circulation_20Nm_2000rpm_250708093806d.csv,bearing_outer,bearing_outer,bearing_outer,179,torque_circulation,2000.0,20.0,0.011564245810055865,0.004162011173184358,0.9819832402234635,0.0022905027932960897
42,source_file_seed_42,xgboost,data/raw/mcc5_thu_motor/MCC5-THU Motor/MCC5-THU Motor_speed_circulation/bearing_ball_H_speed_circulation_20Nm_2000rpm_250707143705.csv,bearing_ball,bearing_ball,bearing_ball,179,speed_circulation,2000.0,20.0,0.9967837333679199,0.0005477617378346622,0.0023925441782921553,0.00027591639081947505
42,source_file_seed_42,xgboost,data/raw/mcc5_thu_motor/MCC5-THU Motor/MCC5-THU Motor_speed_circulation/bearing_ball_L_speed_circulation_20Nm_3000rpm_250707160626.csv,bearing_ball,bearing_ball,bearing_ball,179,speed_circulation,3000.0,20.0,0.998812735080719,0.00014223977632354945,0.0008178595453500748,0.00022723812435287982
42,source_file_seed_42,xgboost,data/raw/mcc5_thu_motor/MCC5-THU Motor/MCC5-THU Motor_speed_circulation/bearing_inner_H_speed_circulation_40Nm_2000rpm_250704090841.csv,bearing_inner,bearing_inner,bearing_inner,179,speed_circulation,2000.0,40.0,0.0025838904548436403,0.9836065769195557,0.012951299548149109,0.000858197221532464
42,source_file_seed_42,xgboost,data/raw/mcc5_thu_motor/MCC5-THU Motor/MCC5-THU Motor_speed_circulation/bearing_inner_L_speed_circulation_40Nm_3000rpm_250707114941.csv,bearing_inner,bearing_inner,bearing_inner,179,speed_circulation,3000.0,40.0,0.0008440956589765847,0.996098518371582,0.0012775169452652335,0.0017799100605770946
42,source_file_seed_42,xgboost,data/raw/mcc5_thu_motor/MCC5-THU Motor/MCC5-THU Motor_speed_circulation/bearing_outer_L_speed_circulation_40Nm_2000rpm_250708100011.csv,bearing_outer,bearing_outer,bearing_outer,179,speed_circulation,2000.0,40.0,0.0007689118501730263,0.0004391804395709187,0.9986695051193237,0.0001223183935508132
42,source_file_seed_42,xgboost,data/raw/mcc5_thu_motor/MCC5-THU Motor/MCC5-THU Motor_speed_circulation/health_speed_circulation_40Nm_2000rpm_250702162327.csv,healthy,healthy,healthy,179,speed_circulation,2000.0,40.0,0.005957637447863817,0.001310476684011519,0.002973699476569891,0.9897581934928894
42,source_file_seed_42,xgboost,data/raw/mcc5_thu_motor/MCC5-THU Motor/MCC5-THU Motor_speed_circulation/health_speed_circulation_40Nm_3000rpm_250702162804.csv,healthy,healthy,healthy,179,speed_circulation,3000.0,40.0,0.005282972007989883,0.0023412168957293034,0.0035896210465580225,0.9887861609458923
42,source_file_seed_42,xgboost,data/raw/mcc5_thu_motor/MCC5-THU Motor/MCC5-THU Motor_torque_circulation/bearing_ball_H_torque_circulation_20Nm_2000rpm_250707140027d.csv,bearing_ball,bearing_ball,bearing_ball,179,torque_circulation,2000.0,20.0,0.9989794492721558,0.000288147188257426,0.0005727531970478594,0.0001596433576196432
42,source_file_seed_42,xgboost,data/raw/mcc5_thu_motor/MCC5-THU Motor/MCC5-THU Motor_torque_circulation/bearing_inner_H_torque_circulation_20Nm_3000rpm_250704085209d.csv,bearing_inner,bearing_inner,bearing_inner,179,torque_circulation,3000.0,20.0,0.00027471850626170635,0.99948650598526,0.0001900076458696276,4.87974684801884e-05
42,source_file_seed_42,xgboost,data/raw/mcc5_thu_motor/MCC5-THU Motor/MCC5-THU Motor_torque_circulation/bearing_inner_L_torque_circulation_20Nm_1000rpm_250707112415d.csv,bearing_inner,bearing_inner,bearing_inner,179,torque_circulation,1000.0,20.0,0.00010003043280448765,0.9982927441596985,0.0015695847105234861,3.767439557122998e-05
42,source_file_seed_42,xgboost,data/raw/mcc5_thu_motor/MCC5-THU Motor/MCC5-THU Motor_torque_circulation/bearing_outer_L_torque_circulation_20Nm_1000rpm_250708093600d.csv,bearing_outer,bearing_outer,bearing_outer,179,torque_circulation,1000.0,20.0,0.00022870161046739668,0.0002104260347550735,0.9995054006576538,5.552878064918332e-05
42,source_file_seed_42,xgboost,data/raw/mcc5_thu_motor/MCC5-THU Motor/MCC5-THU Motor_torque_circulation/bearing_outer_L_torque_circulation_20Nm_2000rpm_250708093806d.csv,bearing_outer,bearing_outer,bearing_outer,179,torque_circulation,2000.0,20.0,0.0016177201177924871,0.00011205326882191002,0.9982120990753174,5.806470653624274e-05
43,source_file_seed_43,random_forest,data/raw/mcc5_thu_motor/MCC5-THU Motor/MCC5-THU Motor_speed_circulation/bearing_ball_H_speed_circulation_20Nm_1000rpm_250707143259.csv,bearing_ball,bearing_ball,bearing_ball,179,speed_circulation,1000.0,20.0,0.9039385474860335,0.024720670391061458,0.06343575418994414,0.007905027932960895
43,source_file_seed_43,random_forest,data/raw/mcc5_thu_motor/MCC5-THU Motor/MCC5-THU Motor_speed_circulation/bearing_ball_H_speed_circulation_40Nm_1000rpm_250707143453.csv,bearing_ball,bearing_ball,bearing_ball,179,speed_circulation,1000.0,40.0,0.8863128491620113,0.028910614525139666,0.07301675977653631,0.01175977653631285
43,source_file_seed_43,random_forest,data/raw/mcc5_thu_motor/MCC5-THU Motor/MCC5-THU Motor_speed_circulation/bearing_inner_L_speed_circulation_40Nm_1000rpm_250707114105.csv,bearing_inner,bearing_inner,bearing_inner,179,speed_circulation,1000.0,40.0,0.011396648044692738,0.9278212290502792,0.05363128491620112,0.007150837988826816
43,source_file_seed_43,random_forest,data/raw/mcc5_thu_motor/MCC5-THU Motor/MCC5-THU Motor_speed_circulation/bearing_inner_L_speed_circulation_40Nm_2000rpm_250707114548.csv,bearing_inner,bearing_inner,bearing_inner,179,speed_circulation,2000.0,40.0,0.012318435754189944,0.9031564245810056,0.07357541899441342,0.010949720670391062
43,source_file_seed_43,random_forest,data/raw/mcc5_thu_motor/MCC5-THU Motor/MCC5-THU Motor_speed_circulation/bearing_outer_H_speed_circulation_40Nm_2000rpm_250707105500.csv,bearing_outer,bearing_outer,bearing_outer,179,speed_circulation,2000.0,40.0,0.021759776536312853,0.01692737430167598,0.9472905027932961,0.014022346368715084
43,source_file_seed_43,random_forest,data/raw/mcc5_thu_motor/MCC5-THU Motor/MCC5-THU Motor_speed_circulation/bearing_outer_L_speed_circulation_40Nm_1000rpm_250708094556.csv,bearing_outer,bearing_outer,bearing_outer,179,speed_circulation,1000.0,40.0,0.019944134078212293,0.036229050279329614,0.9350558659217877,0.00877094972067039
43,source_file_seed_43,random_forest,data/raw/mcc5_thu_motor/MCC5-THU Motor/MCC5-THU Motor_speed_circulation/health_speed_circulation_20Nm_1000rpm_250702161631.csv,healthy,healthy,healthy,179,speed_circulation,1000.0,20.0,0.0353072625698324,0.0036312849162011174,0.012150837988826815,0.9489106145251398
43,source_file_seed_43,random_forest,data/raw/mcc5_thu_motor/MCC5-THU Motor/MCC5-THU Motor_torque_circulation/bearing_ball_H_torque_circulation_40Nm_1000rpm_250707140440d.csv,bearing_ball,bearing_ball,bearing_ball,179,torque_circulation,1000.0,40.0,0.9560335195530726,0.008854748603351954,0.023575418994413407,0.011536312849162011
43,source_file_seed_43,random_forest,data/raw/mcc5_thu_motor/MCC5-THU Motor/MCC5-THU Motor_torque_circulation/bearing_inner_H_torque_circulation_40Nm_1000rpm_250704085422d.csv,bearing_inner,bearing_inner,bearing_inner,179,torque_circulation,1000.0,40.0,0.0014804469273743018,0.991927374301676,0.006564245810055866,2.793296089385475e-05
43,source_file_seed_43,random_forest,data/raw/mcc5_thu_motor/MCC5-THU Motor/MCC5-THU Motor_torque_circulation/bearing_inner_L_torque_circulation_20Nm_3000rpm_250707112823d.csv,bearing_inner,bearing_inner,bearing_inner,179,torque_circulation,3000.0,20.0,0.00025139664804469275,0.9880167597765361,0.001675977653631285,0.010055865921787711
43,source_file_seed_43,random_forest,data/raw/mcc5_thu_motor/MCC5-THU Motor/MCC5-THU Motor_torque_circulation/bearing_outer_L_torque_circulation_40Nm_1000rpm_250708094205d.csv,bearing_outer,bearing_outer,bearing_outer,179,torque_circulation,1000.0,40.0,0.008910614525139665,0.017849162011173186,0.9718994413407821,0.001340782122905028
43,source_file_seed_43,random_forest,data/raw/mcc5_thu_motor/MCC5-THU Motor/MCC5-THU Motor_torque_circulation/health_torque_circulation_40Nm_3000rpm_250702160849d.csv,healthy,healthy,healthy,179,torque_circulation,3000.0,40.0,0.034189944134078214,0.0039385474860335196,0.012793296089385472,0.9490782122905029
43,source_file_seed_43,xgboost,data/raw/mcc5_thu_motor/MCC5-THU Motor/MCC5-THU Motor_speed_circulation/bearing_ball_H_speed_circulation_20Nm_1000rpm_250707143259.csv,bearing_ball,bearing_ball,bearing_ball,179,speed_circulation,1000.0,20.0,0.9763711094856262,0.010307583957910538,0.012360244989395142,0.0009610258275642991
43,source_file_seed_43,xgboost,data/raw/mcc5_thu_motor/MCC5-THU Motor/MCC5-THU Motor_speed_circulation/bearing_ball_H_speed_circulation_40Nm_1000rpm_250707143453.csv,bearing_ball,bearing_ball,bearing_ball,179,speed_circulation,1000.0,40.0,0.9709929823875427,0.006682644132524729,0.020797092467546463,0.0015273075550794601
43,source_file_seed_43,xgboost,data/raw/mcc5_thu_motor/MCC5-THU Motor/MCC5-THU Motor_speed_circulation/bearing_inner_L_speed_circulation_40Nm_1000rpm_250707114105.csv,bearing_inner,bearing_inner,bearing_inner,179,speed_circulation,1000.0,40.0,0.00388845382258296,0.9833926558494568,0.006023443769663572,0.0066954162903130054
43,source_file_seed_43,xgboost,data/raw/mcc5_thu_motor/MCC5-THU Motor/MCC5-THU Motor_speed_circulation/bearing_inner_L_speed_circulation_40Nm_2000rpm_250707114548.csv,bearing_inner,bearing_inner,bearing_inner,179,speed_circulation,2000.0,40.0,0.002163349650800228,0.9897198677062988,0.0040501682087779045,0.00406661257147789
43,source_file_seed_43,xgboost,data/raw/mcc5_thu_motor/MCC5-THU Motor/MCC5-THU Motor_speed_circulation/bearing_outer_H_speed_circulation_40Nm_2000rpm_250707105500.csv,bearing_outer,bearing_outer,bearing_outer,179,speed_circulation,2000.0,40.0,0.002511692000553012,0.0051153539679944515,0.9902331829071045,0.0021397799719125032
43,source_file_seed_43,xgboost,data/raw/mcc5_thu_motor/MCC5-THU Motor/MCC5-THU Motor_speed_circulation/bearing_outer_L_speed_circulation_40Nm_1000rpm_250708094556.csv,bearing_outer,bearing_outer,bearing_outer,179,speed_circulation,1000.0,40.0,0.005187013186514378,0.0033741286024451256,0.990323543548584,0.0011153558734804392
43,source_file_seed_43,xgboost,data/raw/mcc5_thu_motor/MCC5-THU Motor/MCC5-THU Motor_speed_circulation/health_speed_circulation_20Nm_1000rpm_250702161631.csv,healthy,healthy,healthy,179,speed_circulation,1000.0,20.0,0.010228159837424755,0.0006965482607483864,0.007656686007976532,0.9814185500144958
43,source_file_seed_43,xgboost,data/raw/mcc5_thu_motor/MCC5-THU Motor/MCC5-THU Motor_torque_circulation/bearing_ball_H_torque_circulation_40Nm_1000rpm_250707140440d.csv,bearing_ball,bearing_ball,bearing_ball,179,torque_circulation,1000.0,40.0,0.9973852038383484,0.0007695050444453955,0.0015218203188851476,0.0003234591567888856
43,source_file_seed_43,xgboost,data/raw/mcc5_thu_motor/MCC5-THU Motor/MCC5-THU Motor_torque_circulation/bearing_inner_H_torque_circulation_40Nm_1000rpm_250704085422d.csv,bearing_inner,bearing_inner,bearing_inner,179,torque_circulation,1000.0,40.0,0.00017930853937286884,0.9995719194412231,0.00020122861315030605,4.7487119445577264e-05
43,source_file_seed_43,xgboost,data/raw/mcc5_thu_motor/MCC5-THU Motor/MCC5-THU Motor_torque_circulation/bearing_inner_L_torque_circulation_20Nm_3000rpm_250707112823d.csv,bearing_inner,bearing_inner,bearing_inner,179,torque_circulation,3000.0,20.0,0.00016608700389042497,0.9987581372261047,0.0002139673160854727,0.0008618020219728351
43,source_file_seed_43,xgboost,data/raw/mcc5_thu_motor/MCC5-THU Motor/MCC5-THU Motor_torque_circulation/bearing_outer_L_torque_circulation_40Nm_1000rpm_250708094205d.csv,bearing_outer,bearing_outer,bearing_outer,179,torque_circulation,1000.0,40.0,0.00023017606872599572,0.0002757708716671914,0.9994540214538574,4.0075628930935636e-05
43,source_file_seed_43,xgboost,data/raw/mcc5_thu_motor/MCC5-THU Motor/MCC5-THU Motor_torque_circulation/health_torque_circulation_40Nm_3000rpm_250702160849d.csv,healthy,healthy,healthy,179,torque_circulation,3000.0,40.0,0.0003633807064034045,0.00028670683968812227,0.0006647065165452659,0.9986851811408997
44,source_file_seed_44,random_forest,data/raw/mcc5_thu_motor/MCC5-THU Motor/MCC5-THU Motor_speed_circulation/bearing_ball_L_speed_circulation_20Nm_1000rpm_250707154858.csv,bearing_ball,bearing_ball,bearing_ball,179,speed_circulation,1000.0,20.0,0.96463687150838,0.0034916201117318434,0.005251396648044693,0.026620111731843574
44,source_file_seed_44,random_forest,data/raw/mcc5_thu_motor/MCC5-THU Motor/MCC5-THU Motor_speed_circulation/bearing_ball_L_speed_circulation_20Nm_2000rpm_250707160043.csv,bearing_ball,bearing_ball,bearing_ball,179,speed_circulation,2000.0,20.0,0.9805586592178771,0.0015921787709497208,0.00287709497206704,0.014972067039106146
44,source_file_seed_44,random_forest,data/raw/mcc5_thu_motor/MCC5-THU Motor/MCC5-THU Motor_speed_circulation/bearing_inner_H_speed_circulation_40Nm_3000rpm_250704091435.csv,bearing_inner,bearing_inner,bearing_inner,179,speed_circulation,3000.0,40.0,0.029581005586592185,0.8261731843575418,0.13231843575418994,0.011927374301675977
44,source_file_seed_44,random_forest,data/raw/mcc5_thu_motor/MCC5-THU Motor/MCC5-THU Motor_speed_circulation/bearing_outer_H_speed_circulation_40Nm_2000rpm_250707105500.csv,bearing_outer,bearing_outer,bearing_outer,179,speed_circulation,2000.0,40.0,0.007849162011173185,0.01751396648044693,0.9707262569832402,0.003910614525139664
44,source_file_seed_44,random_forest,data/raw/mcc5_thu_motor/MCC5-THU Motor/MCC5-THU Motor_speed_circulation/bearing_outer_L_speed_circulation_40Nm_1000rpm_250708094556.csv,bearing_outer,bearing_outer,bearing_outer,179,speed_circulation,1000.0,40.0,0.018240223463687148,0.03544692737430168,0.9392737430167597,0.0070391061452513976
44,source_file_seed_44,random_forest,data/raw/mcc5_thu_motor/MCC5-THU Motor/MCC5-THU Motor_speed_circulation/health_speed_circulation_20Nm_3000rpm_250702162533.csv,healthy,healthy,healthy,179,speed_circulation,3000.0,20.0,0.05413407821229051,0.03008379888268157,0.027011173184357543,0.8887709497206704
44,source_file_seed_44,random_forest,data/raw/mcc5_thu_motor/MCC5-THU Motor/MCC5-THU Motor_torque_circulation/bearing_ball_L_torque_circulation_40Nm_3000rpm_250707154630d.csv,bearing_ball,bearing_ball,bearing_ball,179,torque_circulation,3000.0,40.0,0.9968156424581006,0.0001675977653631285,0.0010893854748603353,0.0019273743016759777
44,source_file_seed_44,random_forest,data/raw/mcc5_thu_motor/MCC5-THU Motor/MCC5-THU Motor_torque_circulation/bearing_inner_H_torque_circulation_20Nm_1000rpm_250704084736d.csv,bearing_inner,bearing_inner,bearing_inner,179,torque_circulation,1000.0,20.0,0.005921787709497207,0.9805307262569831,0.012905027932960894,0.0006424581005586592
44,source_file_seed_44,random_forest,data/raw/mcc5_thu_motor/MCC5-THU Motor/MCC5-THU Motor_torque_circulation/bearing_inner_H_torque_circulation_40Nm_1000rpm_250704085422d.csv,bearing_inner,bearing_inner,bearing_inner,179,torque_circulation,1000.0,40.0,0.005642458100558661,0.9760335195530725,0.01782122905027933,0.0005027932960893855
44,source_file_seed_44,random_forest,data/raw/mcc5_thu_motor/MCC5-THU Motor/MCC5-THU Motor_torque_circulation/bearing_inner_L_torque_circulation_40Nm_1000rpm_250707113035d.csv,bearing_inner,bearing_inner,bearing_inner,179,torque_circulation,1000.0,40.0,0.0001675977653631285,0.988854748603352,0.010893854748603351,8.379888268156425e-05
44,source_file_seed_44,random_forest,data/raw/mcc5_thu_motor/MCC5-THU Motor/MCC5-THU Motor_torque_circulation/bearing_outer_L_torque_circulation_20Nm_1000rpm_250708093600d.csv,bearing_outer,bearing_outer,bearing_outer,179,torque_circulation,1000.0,20.0,0.0030726256983240226,0.0020670391061452516,0.9947765363128491,8.379888268156425e-05
44,source_file_seed_44,random_forest,data/raw/mcc5_thu_motor/MCC5-THU Motor/MCC5-THU Motor_torque_circulation/health_torque_circulation_20Nm_3000rpm_250702155743d.csv,healthy,healthy,healthy,179,torque_circulation,3000.0,20.0,0.10804469273743014,0.047374301675977656,0.036229050279329614,0.8083519553072626
44,source_file_seed_44,xgboost,data/raw/mcc5_thu_motor/MCC5-THU Motor/MCC5-THU Motor_speed_circulation/bearing_ball_L_speed_circulation_20Nm_1000rpm_250707154858.csv,bearing_ball,bearing_ball,bearing_ball,179,speed_circulation,1000.0,20.0,0.9873092770576477,0.007385190110653639,0.002057459903880954,0.00324798421934247
44,source_file_seed_44,xgboost,data/raw/mcc5_thu_motor/MCC5-THU Motor/MCC5-THU Motor_speed_circulation/bearing_ball_L_speed_circulation_20Nm_2000rpm_250707160043.csv,bearing_ball,bearing_ball,bearing_ball,179,speed_circulation,2000.0,20.0,0.9946635365486145,0.0029742897022515535,0.0014198565622791648,0.0009423934970982373
44,source_file_seed_44,xgboost,data/raw/mcc5_thu_motor/MCC5-THU Motor/MCC5-THU Motor_speed_circulation/bearing_inner_H_speed_circulation_40Nm_3000rpm_250704091435.csv,bearing_inner,bearing_inner,bearing_inner,179,speed_circulation,3000.0,40.0,0.003154026810079813,0.9876932501792908,0.008127717301249504,0.001025054370984435
44,source_file_seed_44,xgboost,data/raw/mcc5_thu_motor/MCC5-THU Motor/MCC5-THU Motor_speed_circulation/bearing_outer_H_speed_circulation_40Nm_2000rpm_250707105500.csv,bearing_outer,bearing_outer,bearing_outer,179,speed_circulation,2000.0,40.0,0.0013171464670449495,0.005811761133372784,0.9911150336265564,0.00175598228815943
44,source_file_seed_44,xgboost,data/raw/mcc5_thu_motor/MCC5-THU Motor/MCC5-THU Motor_speed_circulation/bearing_outer_L_speed_circulation_40Nm_1000rpm_250708094556.csv,bearing_outer,bearing_outer,bearing_outer,179,speed_circulation,1000.0,40.0,0.003113735932856798,0.0049634696915745735,0.9912577271461487,0.0006650370196439326
44,source_file_seed_44,xgboost,data/raw/mcc5_thu_motor/MCC5-THU Motor/MCC5-THU Motor_speed_circulation/health_speed_circulation_20Nm_3000rpm_250702162533.csv,healthy,healthy,healthy,179,speed_circulation,3000.0,20.0,0.0024184253998100758,0.014969713985919952,0.0021488196216523647,0.9804629683494568
44,source_file_seed_44,xgboost,data/raw/mcc5_thu_motor/MCC5-THU Motor/MCC5-THU Motor_torque_circulation/bearing_ball_L_torque_circulation_40Nm_3000rpm_250707154630d.csv,bearing_ball,bearing_ball,bearing_ball,179,torque_circulation,3000.0,40.0,0.9995545148849487,0.00012224244710523635,0.00020441629749257118,0.00011881020327564329
44,source_file_seed_44,xgboost,data/raw/mcc5_thu_motor/MCC5-THU Motor/MCC5-THU Motor_torque_circulation/bearing_inner_H_torque_circulation_20Nm_1000rpm_250704084736d.csv,bearing_inner,bearing_inner,bearing_inner,179,torque_circulation,1000.0,20.0,0.00033144012559205294,0.9991946220397949,0.0003814757219515741,9.245269029634073e-05
44,source_file_seed_44,xgboost,data/raw/mcc5_thu_motor/MCC5-THU Motor/MCC5-THU Motor_torque_circulation/bearing_inner_H_torque_circulation_40Nm_1000rpm_250704085422d.csv,bearing_inner,bearing_inner,bearing_inner,179,torque_circulation,1000.0,40.0,0.000261173234321177,0.9993218183517456,0.0003356990637257695,8.139504643622786e-05
44,source_file_seed_44,xgboost,data/raw/mcc5_thu_motor/MCC5-THU Motor/MCC5-THU Motor_torque_circulation/bearing_inner_L_torque_circulation_40Nm_1000rpm_250707113035d.csv,bearing_inner,bearing_inner,bearing_inner,179,torque_circulation,1000.0,40.0,8.547564357286319e-05,0.9996982216835022,0.00016894246800802648,4.730136424768716e-05
44,source_file_seed_44,xgboost,data/raw/mcc5_thu_motor/MCC5-THU Motor/MCC5-THU Motor_torque_circulation/bearing_outer_L_torque_circulation_20Nm_1000rpm_250708093600d.csv,bearing_outer,bearing_outer,bearing_outer,179,torque_circulation,1000.0,20.0,0.00013366172788664699,0.00015782355330884457,0.9996730089187622,3.550483233993873e-05
44,source_file_seed_44,xgboost,data/raw/mcc5_thu_motor/MCC5-THU Motor/MCC5-THU Motor_torque_circulation/health_torque_circulation_20Nm_3000rpm_250702155743d.csv,healthy,healthy,healthy,179,torque_circulation,3000.0,20.0,0.0003412734658923,0.0015103009063750505,0.0009233616874553263,0.9972250461578369
45,source_file_seed_45,random_forest,data/raw/mcc5_thu_motor/MCC5-THU Motor/MCC5-THU Motor_speed_circulation/bearing_inner_H_speed_circulation_20Nm_2000rpm_250704090550.csv,bearing_inner,bearing_inner,bearing_inner,179,speed_circulation,2000.0,20.0,0.009134078212290503,0.957877094972067,0.030782122905027933,0.002206703910614525
45,source_file_seed_45,random_forest,data/raw/mcc5_thu_motor/MCC5-THU Motor/MCC5-THU Motor_speed_circulation/bearing_outer_H_speed_circulation_40Nm_2000rpm_250707105500.csv,bearing_outer,bearing_outer,bearing_outer,179,speed_circulation,2000.0,40.0,0.012374301675977653,0.02589385474860335,0.9576536312849161,0.004078212290502793
45,source_file_seed_45,random_forest,data/raw/mcc5_thu_motor/MCC5-THU Motor/MCC5-THU Motor_speed_circulation/bearing_outer_L_speed_circulation_40Nm_2000rpm_250708100011.csv,bearing_outer,bearing_outer,bearing_outer,179,speed_circulation,2000.0,40.0,0.02561452513966481,0.04494413407821229,0.9201396648044692,0.009301675977653632
45,source_file_seed_45,random_forest,data/raw/mcc5_thu_motor/MCC5-THU Motor/MCC5-THU Motor_speed_circulation/health_speed_circulation_20Nm_2000rpm_250702162116.csv,healthy,healthy,healthy,179,speed_circulation,2000.0,20.0,0.0176536312849162,0.0023743016759776537,0.0048603351955307265,0.9751117318435754
45,source_file_seed_45,random_forest,data/raw/mcc5_thu_motor/MCC5-THU Motor/MCC5-THU Motor_torque_circulation/bearing_ball_H_torque_circulation_40Nm_3000rpm_250707143025d.csv,bearing_ball,bearing_ball,bearing_ball,179,torque_circulation,3000.0,40.0,0.7457262569832404,0.025810055865921788,0.22634078212290504,0.002122905027932961
45,source_file_seed_45,random_forest,data/raw/mcc5_thu_motor/MCC5-THU Motor/MCC5-THU Motor_torque_circulation/bearing_ball_L_torque_circulation_20Nm_2000rpm_250707153733d.csv,bearing_ball,bearing_ball,bearing_ball,179,torque_circulation,2000.0,20.0,0.9912011173184359,0.0005307262569832403,0.0039385474860335196,0.004329608938547486
45,source_file_seed_45,random_forest,data/raw/mcc5_thu_motor/MCC5-THU Motor/MCC5-THU Motor_torque_circulation/bearing_ball_L_torque_circulation_20Nm_3000rpm_250707153938d.csv,bearing_ball,bearing_ball,bearing_ball,179,torque_circulation,3000.0,20.0,0.7765363128491618,0.06681564245810057,0.03103351955307263,0.1256145251396648
45,source_file_seed_45,random_forest,data/raw/mcc5_thu_motor/MCC5-THU Motor/MCC5-THU Motor_torque_circulation/bearing_inner_H_torque_circulation_20Nm_1000rpm_250704084736d.csv,bearing_inner,bearing_inner,bearing_inner,179,torque_circulation,1000.0,20.0,0.004050279329608939,0.99231843575419,0.0036312849162011183,0.0
45,source_file_seed_45,random_forest,data/raw/mcc5_thu_motor/MCC5-THU Motor/MCC5-THU Motor_torque_circulation/bearing_inner_L_torque_circulation_20Nm_1000rpm_250707112415d.csv,bearing_inner,bearing_inner,bearing_inner,179,torque_circulation,1000.0,20.0,0.005474860335195531,0.9840782122905026,0.009608938547486035,0.0008379888268156426
45,source_file_seed_45,random_forest,data/raw/mcc5_thu_motor/MCC5-THU Motor/MCC5-THU Motor_torque_circulation/bearing_inner_L_torque_circulation_40Nm_2000rpm_250707113243d.csv,bearing_inner,bearing_inner,bearing_inner,179,torque_circulation,2000.0,40.0,0.0017318435754189944,0.9954189944134079,0.002681564245810056,0.0001675977653631285
45,source_file_seed_45,random_forest,data/raw/mcc5_thu_motor/MCC5-THU Motor/MCC5-THU Motor_torque_circulation/bearing_outer_H_torque_circulation_20Nm_2000rpm_250707103802d.csv,bearing_outer,bearing_outer,bearing_outer,179,torque_circulation,2000.0,20.0,0.0013687150837988827,0.001340782122905028,0.9962849162011173,0.001005586592178771
45,source_file_seed_45,random_forest,data/raw/mcc5_thu_motor/MCC5-THU Motor/MCC5-THU Motor_torque_circulation/health_torque_circulation_40Nm_3000rpm_250702160849d.csv,healthy,healthy,healthy,179,torque_circulation,3000.0,40.0,0.01664804469273743,0.003910614525139665,0.010530726256983241,0.9689106145251395
45,source_file_seed_45,xgboost,data/raw/mcc5_thu_motor/MCC5-THU Motor/MCC5-THU Motor_speed_circulation/bearing_inner_H_speed_circulation_20Nm_2000rpm_250704090550.csv,bearing_inner,bearing_inner,bearing_inner,179,speed_circulation,2000.0,20.0,0.000918977486435324,0.9940983653068542,0.004863855894654989,0.00011890192399732769
45,source_file_seed_45,xgboost,data/raw/mcc5_thu_motor/MCC5-THU Motor/MCC5-THU Motor_speed_circulation/bearing_outer_H_speed_circulation_40Nm_2000rpm_250707105500.csv,bearing_outer,bearing_outer,bearing_outer,179,speed_circulation,2000.0,40.0,0.001188082853332162,0.006810838356614113,0.9914585947990417,0.0005425490089692175
45,source_file_seed_45,xgboost,data/raw/mcc5_thu_motor/MCC5-THU Motor/MCC5-THU Motor_speed_circulation/bearing_outer_L_speed_circulation_40Nm_2000rpm_250708100011.csv,bearing_outer,bearing_outer,bearing_outer,179,speed_circulation,2000.0,40.0,0.000991131062619388,0.0007789802621118724,0.997931718826294,0.0002981388824991882
45,source_file_seed_45,xgboost,data/raw/mcc5_thu_motor/MCC5-THU Motor/MCC5-THU Motor_speed_circulation/health_speed_circulation_20Nm_2000rpm_250702162116.csv,healthy,healthy,healthy,179,speed_circulation,2000.0,20.0,0.0027563341427594423,0.0011145438766106963,0.00039763565291650593,0.9957314729690552
45,source_file_seed_45,xgboost,data/raw/mcc5_thu_motor/MCC5-THU Motor/MCC5-THU Motor_torque_circulation/bearing_ball_H_torque_circulation_40Nm_3000rpm_250707143025d.csv,bearing_ball,bearing_ball,bearing_ball,179,torque_circulation,3000.0,40.0,0.9554752707481384,0.011391812935471535,0.030258210375905037,0.002874676138162613
45,source_file_seed_45,xgboost,data/raw/mcc5_thu_motor/MCC5-THU Motor/MCC5-THU Motor_torque_circulation/bearing_ball_L_torque_circulation_20Nm_2000rpm_250707153733d.csv,bearing_ball,bearing_ball,bearing_ball,179,torque_circulation,2000.0,20.0,0.9996181130409241,9.439629502594471e-05,0.0001731951633701101,0.00011429332516854629
45,source_file_seed_45,xgboost,data/raw/mcc5_thu_motor/MCC5-THU Motor/MCC5-THU Motor_torque_circulation/bearing_ball_L_torque_circulation_20Nm_3000rpm_250707153938d.csv,bearing_ball,bearing_ball,bearing_ball,179,torque_circulation,3000.0,20.0,0.9991687536239624,0.0002132300433004275,0.0004470354178920388,0.00017099446267820895
45,source_file_seed_45,xgboost,data/raw/mcc5_thu_motor/MCC5-THU Motor/MCC5-THU Motor_torque_circulation/bearing_inner_H_torque_circulation_20Nm_1000rpm_250704084736d.csv,bearing_inner,bearing_inner,bearing_inner,179,torque_circulation,1000.0,20.0,0.00017780502093955874,0.9995591044425964,0.0002142049779649824,4.891588105238043e-05
45,source_file_seed_45,xgboost,data/raw/mcc5_thu_motor/MCC5-THU Motor/MCC5-THU Motor_torque_circulation/bearing_inner_L_torque_circulation_20Nm_1000rpm_250707112415d.csv,bearing_inner,bearing_inner,bearing_inner,179,torque_circulation,1000.0,20.0,0.00010182928963331506,0.9994392395019531,0.00041923223761841655,3.968036253354512e-05
45,source_file_seed_45,xgboost,data/raw/mcc5_thu_motor/MCC5-THU Motor/MCC5-THU Motor_torque_circulation/bearing_inner_L_torque_circulation_40Nm_2000rpm_250707113243d.csv,bearing_inner,bearing_inner,bearing_inner,179,torque_circulation,2000.0,40.0,7.69104590290226e-05,0.9997451305389404,0.0001404414069838822,3.749612733372487e-05
45,source_file_seed_45,xgboost,data/raw/mcc5_thu_motor/MCC5-THU Motor/MCC5-THU Motor_torque_circulation/bearing_outer_H_torque_circulation_20Nm_2000rpm_250707103802d.csv,bearing_outer,bearing_outer,bearing_outer,179,torque_circulation,2000.0,20.0,0.00013732764637097716,0.00013679993571713567,0.9996537566184998,7.218508835649118e-05
45,source_file_seed_45,xgboost,data/raw/mcc5_thu_motor/MCC5-THU Motor/MCC5-THU Motor_torque_circulation/health_torque_circulation_40Nm_3000rpm_250702160849d.csv,healthy,healthy,healthy,179,torque_circulation,3000.0,40.0,0.00013598575606010854,0.00013062571815680712,0.0002215322310803458,0.9995117783546448
46,source_file_seed_46,random_forest,data/raw/mcc5_thu_motor/MCC5-THU Motor/MCC5-THU Motor_speed_circulation/bearing_ball_H_speed_circulation_40Nm_1000rpm_250707143453.csv,bearing_ball,bearing_ball,bearing_ball,179,speed_circulation,1000.0,40.0,0.9503631284916202,0.013044692737430167,0.025865921787709495,0.010726256983240224
46,source_file_seed_46,random_forest,data/raw/mcc5_thu_motor/MCC5-THU Motor/MCC5-THU Motor_speed_circulation/bearing_ball_L_speed_circulation_40Nm_3000rpm_250707160826.csv,bearing_ball,bearing_ball,bearing_ball,179,speed_circulation,3000.0,40.0,0.9169273743016759,0.008156424581005588,0.018491620111731846,0.0564245810055866
46,source_file_seed_46,random_forest,data/raw/mcc5_thu_motor/MCC5-THU Motor/MCC5-THU Motor_speed_circulation/bearing_inner_L_speed_circulation_20Nm_2000rpm_250707114350.csv,bearing_inner,bearing_inner,bearing_inner,179,speed_circulation,2000.0,20.0,0.004022346368715084,0.9607541899441342,0.030614525139664808,0.004608938547486033
46,source_file_seed_46,random_forest,data/raw/mcc5_thu_motor/MCC5-THU Motor/MCC5-THU Motor_speed_circulation/bearing_inner_L_speed_circulation_40Nm_3000rpm_250707114941.csv,bearing_inner,bearing_inner,bearing_inner,179,speed_circulation,3000.0,40.0,0.005083798882681565,0.9268156424581006,0.06039106145251396,0.00770949720670391
46,source_file_seed_46,random_forest,data/raw/mcc5_thu_motor/MCC5-THU Motor/MCC5-THU Motor_speed_circulation/bearing_outer_H_speed_circulation_20Nm_3000rpm_250821110519.csv,bearing_outer,bearing_ball,bearing_ball,179,speed_circulation,3000.0,20.0,0.607877094972067,0.20324022346368711,0.17997206703910612,0.008910614525139665
46,source_file_seed_46,random_forest,data/raw/mcc5_thu_motor/MCC5-THU Motor/MCC5-THU Motor_speed_circulation/bearing_outer_H_speed_circulation_40Nm_1000rpm_250707105055.csv,bearing_outer,bearing_outer,bearing_outer,179,speed_circulation,1000.0,40.0,0.0496927374301676,0.03614525139664805,0.903268156424581,0.010893854748603351
46,source_file_seed_46,random_forest,data/raw/mcc5_thu_motor/MCC5-THU Motor/MCC5-THU Motor_speed_circulation/bearing_outer_L_speed_circulation_20Nm_2000rpm_250708095712.csv,bearing_outer,bearing_outer,bearing_outer,179,speed_circulation,2000.0,20.0,0.007150837988826816,0.016033519553072625,0.974608938547486,0.002206703910614525
46,source_file_seed_46,random_forest,data/raw/mcc5_thu_motor/MCC5-THU Motor/MCC5-THU Motor_speed_circulation/health_speed_circulation_40Nm_3000rpm_250702162804.csv,healthy,healthy,healthy,179,speed_circulation,3000.0,40.0,0.033435754189944135,0.030530726256983238,0.021675977653631287,0.9143575418994414
46,source_file_seed_46,random_forest,data/raw/mcc5_thu_motor/MCC5-THU Motor/MCC5-THU Motor_torque_circulation/bearing_ball_H_torque_circulation_40Nm_1000rpm_250707140440d.csv,bearing_ball,bearing_ball,bearing_ball,179,torque_circulation,1000.0,40.0,0.9636033519553073,0.011564245810055867,0.017430167597765365,0.007402234636871508
46,source_file_seed_46,random_forest,data/raw/mcc5_thu_motor/MCC5-THU Motor/MCC5-THU Motor_torque_circulation/bearing_inner_H_torque_circulation_20Nm_2000rpm_250704084956d.csv,bearing_inner,bearing_inner,bearing_inner,179,torque_circulation,2000.0,20.0,0.0036312849162011183,0.9885195530726256,0.006899441340782123,0.0009497206703910614
46,source_file_seed_46,random_forest,data/raw/mcc5_thu_motor/MCC5-THU Motor/MCC5-THU Motor_torque_circulation/bearing_inner_L_torque_circulation_20Nm_1000rpm_250707112415d.csv,bearing_inner,bearing_inner,bearing_inner,179,torque_circulation,1000.0,20.0,0.003854748603351955,0.978296089385475,0.01740223463687151,0.000446927374301676
46,source_file_seed_46,random_forest,data/raw/mcc5_thu_motor/MCC5-THU Motor/MCC5-THU Motor_torque_circulation/health_torque_circulation_40Nm_2000rpm_250702161114d.csv,healthy,healthy,healthy,179,torque_circulation,2000.0,40.0,0.022430167597765362,0.023100558659217875,0.03315642458100559,0.9213128491620113
46,source_file_seed_46,xgboost,data/raw/mcc5_thu_motor/MCC5-THU Motor/MCC5-THU Motor_speed_circulation/bearing_ball_H_speed_circulation_40Nm_1000rpm_250707143453.csv,bearing_ball,bearing_ball,bearing_ball,179,speed_circulation,1000.0,40.0,0.9958950281143188,0.0013204741990193725,0.0022940903436392546,0.0004903895896859467
46,source_file_seed_46,xgboost,data/raw/mcc5_thu_motor/MCC5-THU Motor/MCC5-THU Motor_speed_circulation/bearing_ball_L_speed_circulation_40Nm_3000rpm_250707160826.csv,bearing_ball,bearing_ball,bearing_ball,179,speed_circulation,3000.0,40.0,0.994265079498291,0.0037243845872581005,0.0016050898702815175,0.00040544173680245876
46,source_file_seed_46,xgboost,data/raw/mcc5_thu_motor/MCC5-THU Motor/MCC5-THU Motor_speed_circulation/bearing_inner_L_speed_circulation_20Nm_2000rpm_250707114350.csv,bearing_inner,bearing_inner,bearing_inner,179,speed_circulation,2000.0,20.0,0.003310787957161665,0.993650496006012,0.0009279168443754315,0.0021108444780111313
46,source_file_seed_46,xgboost,data/raw/mcc5_thu_motor/MCC5-THU Motor/MCC5-THU Motor_speed_circulation/bearing_inner_L_speed_circulation_40Nm_3000rpm_250707114941.csv,bearing_inner,bearing_inner,bearing_inner,179,speed_circulation,3000.0,40.0,0.0016999481013044715,0.992624819278717,0.004554214421659708,0.001120925066061318
46,source_file_seed_46,xgboost,data/raw/mcc5_thu_motor/MCC5-THU Motor/MCC5-THU Motor_speed_circulation/bearing_outer_H_speed_circulation_20Nm_3000rpm_250821110519.csv,bearing_outer,bearing_ball,bearing_ball,179,speed_circulation,3000.0,20.0,0.6394045352935791,0.2111494392156601,0.11955644935369492,0.029889533296227455
46,source_file_seed_46,xgboost,data/raw/mcc5_thu_motor/MCC5-THU Motor/MCC5-THU Motor_speed_circulation/bearing_outer_H_speed_circulation_40Nm_1000rpm_250707105055.csv,bearing_outer,bearing_outer,bearing_outer,179,speed_circulation,1000.0,40.0,0.01842872053384781,0.017797496169805527,0.9617331027984619,0.0020407652482390404
46,source_file_seed_46,xgboost,data/raw/mcc5_thu_motor/MCC5-THU Motor/MCC5-THU Motor_speed_circulation/bearing_outer_L_speed_circulation_20Nm_2000rpm_250708095712.csv,bearing_outer,bearing_outer,bearing_outer,179,speed_circulation,2000.0,20.0,0.0011378253111615777,0.004732555244117975,0.9939531683921814,0.00017647161439526826
46,source_file_seed_46,xgboost,data/raw/mcc5_thu_motor/MCC5-THU Motor/MCC5-THU Motor_speed_circulation/health_speed_circulation_40Nm_3000rpm_250702162804.csv,healthy,healthy,healthy,179,speed_circulation,3000.0,40.0,0.004706908017396927,0.002005930058658123,0.0033493894152343273,0.9899377226829529
46,source_file_seed_46,xgboost,data/raw/mcc5_thu_motor/MCC5-THU Motor/MCC5-THU Motor_torque_circulation/bearing_ball_H_torque_circulation_40Nm_1000rpm_250707140440d.csv,bearing_ball,bearing_ball,bearing_ball,179,torque_circulation,1000.0,40.0,0.9991322159767151,0.0004167684819549322,0.0003262860409449786,0.00012478097050916404
46,source_file_seed_46,xgboost,data/raw/mcc5_thu_motor/MCC5-THU Motor/MCC5-THU Motor_torque_circulation/bearing_inner_H_torque_circulation_20Nm_2000rpm_250704084956d.csv,bearing_inner,bearing_inner,bearing_inner,179,torque_circulation,2000.0,20.0,0.00012974522542208433,0.9996849298477173,0.0001414190192008391,4.3899883166886866e-05
46,source_file_seed_46,xgboost,data/raw/mcc5_thu_motor/MCC5-THU Motor/MCC5-THU Motor_torque_circulation/bearing_inner_L_torque_circulation_20Nm_1000rpm_250707112415d.csv,bearing_inner,bearing_inner,bearing_inner,179,torque_circulation,1000.0,20.0,0.00013242397108115256,0.9994142055511475,0.0004018211329821497,5.1565653848228976e-05
46,source_file_seed_46,xgboost,data/raw/mcc5_thu_motor/MCC5-THU Motor/MCC5-THU Motor_torque_circulation/health_torque_circulation_40Nm_2000rpm_250702161114d.csv,healthy,healthy,healthy,179,torque_circulation,2000.0,40.0,0.000139621042762883,0.00020608848717529327,0.0001345299242530018,0.9995197057723999
47,source_file_seed_47,random_forest,data/raw/mcc5_thu_motor/MCC5-THU Motor/MCC5-THU Motor_speed_circulation/bearing_ball_L_speed_circulation_40Nm_1000rpm_250707155133.csv,bearing_ball,bearing_ball,bearing_ball,179,speed_circulation,1000.0,40.0,0.9388547486033519,0.006229050279329609,0.011033519553072624,0.04388268156424581
47,source_file_seed_47,random_forest,data/raw/mcc5_thu_motor/MCC5-THU Motor/MCC5-THU Motor_speed_circulation/bearing_ball_L_speed_circulation_40Nm_3000rpm_250707160826.csv,bearing_ball,bearing_ball,bearing_ball,179,speed_circulation,3000.0,40.0,0.8736033519553073,0.009273743016759777,0.01793296089385475,0.09918994413407822
47,source_file_seed_47,random_forest,data/raw/mcc5_thu_motor/MCC5-THU Motor/MCC5-THU Motor_speed_circulation/bearing_inner_H_speed_circulation_40Nm_1000rpm_250704090347.csv,bearing_inner,bearing_inner,bearing_inner,179,speed_circulation,1000.0,40.0,0.010642458100558659,0.9638547486033519,0.022793296089385476,0.002709497206703911
47,source_file_seed_47,random_forest,data/raw/mcc5_thu_motor/MCC5-THU Motor/MCC5-THU Motor_speed_circulation/bearing_inner_L_speed_circulation_40Nm_3000rpm_250707114941.csv,bearing_inner,bearing_inner,bearing_inner,179,speed_circulation,3000.0,40.0,0.005642458100558659,0.9435195530726256,0.04039106145251397,0.010446927374301676
47,source_file_seed_47,random_forest,data/raw/mcc5_thu_motor/MCC5-THU Motor/MCC5-THU Motor_speed_circulation/bearing_outer_H_speed_circulation_20Nm_3000rpm_250821110519.csv,bearing_outer,bearing_ball,bearing_ball,179,speed_circulation,3000.0,20.0,0.6300837988826815,0.1948882681564246,0.1711173184357542,0.003910614525139664
47,source_file_seed_47,random_forest,data/raw/mcc5_thu_motor/MCC5-THU Motor/MCC5-THU Motor_speed_circulation/bearing_outer_H_speed_circulation_40Nm_3000rpm_250707105959.csv,bearing_outer,bearing_outer,bearing_outer,179,speed_circulation,3000.0,40.0,0.02488826815642458,0.04754189944134079,0.901145251396648,0.02642458100558659
47,source_file_seed_47,random_forest,data/raw/mcc5_thu_motor/MCC5-THU Motor/MCC5-THU Motor_speed_circulation/bearing_outer_L_speed_circulation_40Nm_3000rpm_250708100602.csv,bearing_outer,bearing_outer,bearing_outer,179,speed_circulation,3000.0,40.0,0.025391061452513967,0.038938547486033516,0.9304189944134077,0.005251396648044693
47,source_file_seed_47,random_forest,data/raw/mcc5_thu_motor/MCC5-THU Motor/MCC5-THU Motor_speed_circulation/health_speed_circulation_20Nm_3000rpm_250702162533.csv,healthy,healthy,healthy,179,speed_circulation,3000.0,20.0,0.016117318435754195,0.0123463687150838,0.01762569832402235,0.9539106145251397
47,source_file_seed_47,random_forest,data/raw/mcc5_thu_motor/MCC5-THU Motor/MCC5-THU Motor_torque_circulation/bearing_ball_L_torque_circulation_40Nm_2000rpm_250707154410d.csv,bearing_ball,bearing_ball,bearing_ball,179,torque_circulation,2000.0,40.0,0.9593575418994411,0.0008659217877094973,0.00952513966480447,0.030251396648044698
47,source_file_seed_47,random_forest,data/raw/mcc5_thu_motor/MCC5-THU Motor/MCC5-THU Motor_torque_circulation/bearing_inner_L_torque_circulation_40Nm_2000rpm_250707113243d.csv,bearing_inner,bearing_inner,bearing_inner,179,torque_circulation,2000.0,40.0,0.0006424581005586592,0.995558659217877,0.0034078212290502797,0.0003910614525139665
47,source_file_seed_47,random_forest,data/raw/mcc5_thu_motor/MCC5-THU Motor/MCC5-THU Motor_torque_circulation/bearing_inner_L_torque_circulation_40Nm_3000rpm_250707113444d.csv,bearing_inner,bearing_inner,bearing_inner,179,torque_circulation,3000.0,40.0,0.0029608938547486035,0.9841061452513965,0.012067039106145252,0.0008659217877094973
47,source_file_seed_47,random_forest,data/raw/mcc5_thu_motor/MCC5-THU Motor/MCC5-THU Motor_torque_circulation/health_torque_circulation_40Nm_2000rpm_250702161114d.csv,healthy,healthy,healthy,179,torque_circulation,2000.0,40.0,0.012122905027932961,0.000977653631284916,0.009636871508379887,0.9772625698324021
47,source_file_seed_47,xgboost,data/raw/mcc5_thu_motor/MCC5-THU Motor/MCC5-THU Motor_speed_circulation/bearing_ball_L_speed_circulation_40Nm_1000rpm_250707155133.csv,bearing_ball,bearing_ball,bearing_ball,179,speed_circulation,1000.0,40.0,0.9681892395019531,0.010843097232282162,0.003309781663119793,0.017657814547419548
47,source_file_seed_47,xgboost,data/raw/mcc5_thu_motor/MCC5-THU Motor/MCC5-THU Motor_speed_circulation/bearing_ball_L_speed_circulation_40Nm_3000rpm_250707160826.csv,bearing_ball,bearing_ball,bearing_ball,179,speed_circulation,3000.0,40.0,0.992048442363739,0.005600314121693373,0.0011792159639298916,0.0011719666654244065
47,source_file_seed_47,xgboost,data/raw/mcc5_thu_motor/MCC5-THU Motor/MCC5-THU Motor_speed_circulation/bearing_inner_H_speed_circulation_40Nm_1000rpm_250704090347.csv,bearing_inner,bearing_inner,bearing_inner,179,speed_circulation,1000.0,40.0,0.0021308239083737135,0.9952436089515686,0.0024509404320269823,0.0001746544148772955
47,source_file_seed_47,xgboost,data/raw/mcc5_thu_motor/MCC5-THU Motor/MCC5-THU Motor_speed_circulation/bearing_inner_L_speed_circulation_40Nm_3000rpm_250707114941.csv,bearing_inner,bearing_inner,bearing_inner,179,speed_circulation,3000.0,40.0,0.0003867919440381229,0.9954634308815002,0.0005875062779523432,0.003562295576557517
47,source_file_seed_47,xgboost,data/raw/mcc5_thu_motor/MCC5-THU Motor/MCC5-THU Motor_speed_circulation/bearing_outer_H_speed_circulation_20Nm_3000rpm_250821110519.csv,bearing_outer,bearing_ball,bearing_ball,179,speed_circulation,3000.0,20.0,0.7633615136146545,0.13147705793380737,0.08814989775419235,0.01701151393353939
47,source_file_seed_47,xgboost,data/raw/mcc5_thu_motor/MCC5-THU Motor/MCC5-THU Motor_speed_circulation/bearing_outer_H_speed_circulation_40Nm_3000rpm_250707105959.csv,bearing_outer,bearing_outer,bearing_outer,179,speed_circulation,3000.0,40.0,0.0004775655979756266,0.014749452471733093,0.9847019910812378,7.092472515068948e-05
47,source_file_seed_47,xgboost,data/raw/mcc5_thu_motor/MCC5-THU Motor/MCC5-THU Motor_speed_circulation/bearing_outer_L_speed_circulation_40Nm_3000rpm_250708100602.csv,bearing_outer,bearing_outer,bearing_outer,179,speed_circulation,3000.0,40.0,0.000466195895569399,0.013119474984705448,0.9835621118545532,0.002852252684533596
47,source_file_seed_47,xgboost,data/raw/mcc5_thu_motor/MCC5-THU Motor/MCC5-THU Motor_speed_circulation/health_speed_circulation_20Nm_3000rpm_250702162533.csv,healthy,healthy,healthy,179,speed_circulation,3000.0,20.0,0.0006239747744984925,0.0018514781259000301,0.0016059547197073698,0.9959185719490051
47,source_file_seed_47,xgboost,data/raw/mcc5_thu_motor/MCC5-THU Motor/MCC5-THU Motor_torque_circulation/bearing_ball_L_torque_circulation_40Nm_2000rpm_250707154410d.csv,bearing_ball,bearing_ball,bearing_ball,179,torque_circulation,2000.0,40.0,0.9994844198226929,9.868860070127994e-05,0.00021777063375338912,0.0001991609315155074
47,source_file_seed_47,xgboost,data/raw/mcc5_thu_motor/MCC5-THU Motor/MCC5-THU Motor_torque_circulation/bearing_inner_L_torque_circulation_40Nm_2000rpm_250707113243d.csv,bearing_inner,bearing_inner,bearing_inner,179,torque_circulation,2000.0,40.0,9.864847379503772e-05,0.9996878504753113,0.00017566519090905786,3.789663969655521e-05
47,source_file_seed_47,xgboost,data/raw/mcc5_thu_motor/MCC5-THU Motor/MCC5-THU Motor_torque_circulation/bearing_inner_L_torque_circulation_40Nm_3000rpm_250707113444d.csv,bearing_inner,bearing_inner,bearing_inner,179,torque_circulation,3000.0,40.0,0.00024844350991770625,0.9992767572402954,0.00033862885902635753,0.00013608041626866907
47,source_file_seed_47,xgboost,data/raw/mcc5_thu_motor/MCC5-THU Motor/MCC5-THU Motor_torque_circulation/health_torque_circulation_40Nm_2000rpm_250702161114d.csv,healthy,healthy,healthy,179,torque_circulation,2000.0,40.0,0.00014163336891215295,0.00012994767166674137,0.00011262428597547114,0.9996157884597778
48,source_file_seed_48,random_forest,data/raw/mcc5_thu_motor/MCC5-THU Motor/MCC5-THU Motor_speed_circulation/bearing_ball_H_speed_circulation_20Nm_1000rpm_250707143259.csv,bearing_ball,bearing_ball,bearing_ball,179,speed_circulation,1000.0,20.0,0.9605586592178771,0.009134078212290503,0.023463687150837995,0.006843575418994414
48,source_file_seed_48,random_forest,data/raw/mcc5_thu_motor/MCC5-THU Motor/MCC5-THU Motor_speed_circulation/bearing_ball_L_speed_circulation_20Nm_2000rpm_250707160043.csv,bearing_ball,bearing_ball,bearing_ball,179,speed_circulation,2000.0,20.0,0.9829050279329609,0.0017877094972067037,0.003631284916201117,0.011675977653631283
48,source_file_seed_48,random_forest,data/raw/mcc5_thu_motor/MCC5-THU Motor/MCC5-THU Motor_speed_circulation/bearing_inner_H_speed_circulation_20Nm_1000rpm_250704090137.csv,bearing_inner,bearing_inner,bearing_inner,179,speed_circulation,1000.0,20.0,0.009860335195530725,0.9597206703910616,0.028659217877094977,0.0017597765363128492
48,source_file_seed_48,random_forest,data/raw/mcc5_thu_motor/MCC5-THU Motor/MCC5-THU Motor_speed_circulation/bearing_inner_L_speed_circulation_40Nm_3000rpm_250707114941.csv,bearing_inner,bearing_inner,bearing_inner,179,speed_circulation,3000.0,40.0,0.01181564245810056,0.9276256983240224,0.05120111731843576,0.00935754189944134
48,source_file_seed_48,random_forest,data/raw/mcc5_thu_motor/MCC5-THU Motor/MCC5-THU Motor_speed_circulation/bearing_outer_H_speed_circulation_20Nm_3000rpm_250821110519.csv,bearing_outer,bearing_ball,bearing_ball,179,speed_circulation,3000.0,20.0,0.6211731843575419,0.19899441340782126,0.17681564245810055,0.003016759776536313
48,source_file_seed_48,random_forest,data/raw/mcc5_thu_motor/MCC5-THU Motor/MCC5-THU Motor_speed_circulation/bearing_outer_L_speed_circulation_40Nm_2000rpm_250708100011.csv,bearing_outer,bearing_outer,bearing_outer,179,speed_circulation,2000.0,40.0,0.01463687150837989,0.023854748603351954,0.9561731843575417,0.005335195530726257
48,source_file_seed_48,random_forest,data/raw/mcc5_thu_motor/MCC5-THU Motor/MCC5-THU Motor_torque_circulation/bearing_ball_L_torque_circulation_40Nm_3000rpm_250707154630d.csv,bearing_ball,bearing_ball,bearing_ball,179,torque_circulation,3000.0,40.0,0.967541899441341,0.003156424581005587,0.01282122905027933,0.0164804469273743
48,source_file_seed_48,random_forest,data/raw/mcc5_thu_motor/MCC5-THU Motor/MCC5-THU Motor_torque_circulation/bearing_inner_H_torque_circulation_20Nm_3000rpm_250704085209d.csv,bearing_inner,bearing_inner,bearing_inner,179,torque_circulation,3000.0,20.0,0.04044692737430168,0.9237988826815643,0.03486033519553073,0.000893854748603352
48,source_file_seed_48,random_forest,data/raw/mcc5_thu_motor/MCC5-THU Motor/MCC5-THU Motor_torque_circulation/bearing_inner_H_torque_circulation_40Nm_2000rpm_250704085637d.csv,bearing_inner,bearing_inner,bearing_inner,179,torque_circulation,2000.0,40.0,0.0005865921787709497,0.994050279329609,0.0032960893854748602,0.0020670391061452516
48,source_file_seed_48,random_forest,data/raw/mcc5_thu_motor/MCC5-THU Motor/MCC5-THU Motor_torque_circulation/bearing_outer_H_torque_circulation_40Nm_1000rpm_250707104154d.csv,bearing_outer,bearing_outer,bearing_outer,179,torque_circulation,1000.0,40.0,0.008324022346368717,0.006843575418994414,0.9843854748603351,0.000446927374301676
48,source_file_seed_48,random_forest,data/raw/mcc5_thu_motor/MCC5-THU Motor/MCC5-THU Motor_torque_circulation/health_torque_circulation_20Nm_1000rpm_250702154813d.csv,healthy,healthy,healthy,179,torque_circulation,1000.0,20.0,0.04634078212290504,0.0009776536312849163,0.002905027932960894,0.9497765363128491
48,source_file_seed_48,random_forest,data/raw/mcc5_thu_motor/MCC5-THU Motor/MCC5-THU Motor_torque_circulation/health_torque_circulation_40Nm_1000rpm_250702161315d.csv,healthy,healthy,healthy,179,torque_circulation,1000.0,40.0,0.04567039106145252,0.006061452513966481,0.007486033519553072,0.9407821229050278
48,source_file_seed_48,xgboost,data/raw/mcc5_thu_motor/MCC5-THU Motor/MCC5-THU Motor_speed_circulation/bearing_ball_H_speed_circulation_20Nm_1000rpm_250707143259.csv,bearing_ball,bearing_ball,bearing_ball,179,speed_circulation,1000.0,20.0,0.9937379956245422,0.0005878250813111663,0.004841867834329605,0.0008322790381498635
48,source_file_seed_48,xgboost,data/raw/mcc5_thu_motor/MCC5-THU Motor/MCC5-THU Motor_speed_circulation/bearing_ball_L_speed_circulation_20Nm_2000rpm_250707160043.csv,bearing_ball,bearing_ball,bearing_ball,179,speed_circulation,2000.0,20.0,0.994920015335083,0.001032531727105379,0.0006481856689788401,0.0033992917742580175
48,source_file_seed_48,xgboost,data/raw/mcc5_thu_motor/MCC5-THU Motor/MCC5-THU Motor_speed_circulation/bearing_inner_H_speed_circulation_20Nm_1000rpm_250704090137.csv,bearing_inner,bearing_inner,bearing_inner,179,speed_circulation,1000.0,20.0,0.004741125740110874,0.9836871027946472,0.01118631474673748,0.0003853980451822281
48,source_file_seed_48,xgboost,data/raw/mcc5_thu_motor/MCC5-THU Motor/MCC5-THU Motor_speed_circulation/bearing_inner_L_speed_circulation_40Nm_3000rpm_250707114941.csv,bearing_inner,bearing_inner,bearing_inner,179,speed_circulation,3000.0,40.0,0.0010284498566761613,0.9968391060829163,0.0014587041223421693,0.0006737362127751112
48,source_file_seed_48,xgboost,data/raw/mcc5_thu_motor/MCC5-THU Motor/MCC5-THU Motor_speed_circulation/bearing_outer_H_speed_circulation_20Nm_3000rpm_250821110519.csv,bearing_outer,bearing_outer,bearing_outer,179,speed_circulation,3000.0,20.0,0.29954013228416443,0.24916110932826996,0.3688746690750122,0.08242405951023102
48,source_file_seed_48,xgboost,data/raw/mcc5_thu_motor/MCC5-THU Motor/MCC5-THU Motor_speed_circulation/bearing_outer_L_speed_circulation_40Nm_2000rpm_250708100011.csv,bearing_outer,bearing_outer,bearing_outer,179,speed_circulation,2000.0,40.0,0.0009785167640075088,0.0006133104907348752,0.9981824159622192,0.00022567847918253392
48,source_file_seed_48,xgboost,data/raw/mcc5_thu_motor/MCC5-THU Motor/MCC5-THU Motor_torque_circulation/bearing_ball_L_torque_circulation_40Nm_3000rpm_250707154630d.csv,bearing_ball,bearing_ball,bearing_ball,179,torque_circulation,3000.0,40.0,0.9991920590400696,0.00018260677461512387,0.0004116975178476423,0.00021367192675825208
48,source_file_seed_48,xgboost,data/raw/mcc5_thu_motor/MCC5-THU Motor/MCC5-THU Motor_torque_circulation/bearing_inner_H_torque_circulation_20Nm_3000rpm_250704085209d.csv,bearing_inner,bearing_inner,bearing_inner,179,torque_circulation,3000.0,20.0,0.000576293095946312,0.9990208745002747,0.0003256906056776643,7.713716331636533e-05
48,source_file_seed_48,xgboost,data/raw/mcc5_thu_motor/MCC5-THU Motor/MCC5-THU Motor_torque_circulation/bearing_inner_H_torque_circulation_40Nm_2000rpm_250704085637d.csv,bearing_inner,bearing_inner,bearing_inner,179,torque_circulation,2000.0,40.0,0.00017588591435924172,0.999523401260376,0.0002332356380065903,6.743283302057534e-05
48,source_file_seed_48,xgboost,data/raw/mcc5_thu_motor/MCC5-THU Motor/MCC5-THU Motor_torque_circulation/bearing_outer_H_torque_circulation_40Nm_1000rpm_250707104154d.csv,bearing_outer,bearing_outer,bearing_outer,179,torque_circulation,1000.0,40.0,0.0006414293893612921,0.0004136405768804252,0.9988825917243958,6.229057180462405e-05
48,source_file_seed_48,xgboost,data/raw/mcc5_thu_motor/MCC5-THU Motor/MCC5-THU Motor_torque_circulation/health_torque_circulation_20Nm_1000rpm_250702154813d.csv,healthy,healthy,healthy,179,torque_circulation,1000.0,20.0,0.0009695649496279657,0.00011989091581199318,0.00014097920211497694,0.9987695813179016
48,source_file_seed_48,xgboost,data/raw/mcc5_thu_motor/MCC5-THU Motor/MCC5-THU Motor_torque_circulation/health_torque_circulation_40Nm_1000rpm_250702161315d.csv,healthy,healthy,healthy,179,torque_circulation,1000.0,40.0,0.0009153783903457224,0.00011617400741670281,0.00013600883539766073,0.9988324046134949
49,source_file_seed_49,random_forest,data/raw/mcc5_thu_motor/MCC5-THU Motor/MCC5-THU Motor_speed_circulation/bearing_ball_L_speed_circulation_40Nm_1000rpm_250707155133.csv,bearing_ball,bearing_ball,bearing_ball,179,speed_circulation,1000.0,40.0,0.9549441340782123,0.005474860335195531,0.010195530726256985,0.029385474860335194
49,source_file_seed_49,random_forest,data/raw/mcc5_thu_motor/MCC5-THU Motor/MCC5-THU Motor_speed_circulation/bearing_inner_L_speed_circulation_40Nm_3000rpm_250707114941.csv,bearing_inner,bearing_inner,bearing_inner,179,speed_circulation,3000.0,40.0,0.008687150837988827,0.9594692737430168,0.02363128491620112,0.008212290502793295
49,source_file_seed_49,random_forest,data/raw/mcc5_thu_motor/MCC5-THU Motor/MCC5-THU Motor_speed_circulation/bearing_outer_H_speed_circulation_20Nm_3000rpm_250707105700.csv,bearing_outer,bearing_outer,bearing_outer,179,speed_circulation,3000.0,20.0,0.014972067039106146,0.03164804469273743,0.9477374301675977,0.005642458100558659
49,source_file_seed_49,random_forest,data/raw/mcc5_thu_motor/MCC5-THU Motor/MCC5-THU Motor_speed_circulation/bearing_outer_H_speed_circulation_40Nm_2000rpm_250707105500.csv,bearing_outer,bearing_outer,bearing_outer,179,speed_circulation,2000.0,40.0,0.02723463687150838,0.04276536312849162,0.9214245810055866,0.008575418994413407
49,source_file_seed_49,random_forest,data/raw/mcc5_thu_motor/MCC5-THU Motor/MCC5-THU Motor_speed_circulation/bearing_outer_H_speed_circulation_40Nm_3000rpm_250707105959.csv,bearing_outer,bearing_outer,bearing_outer,179,speed_circulation,3000.0,40.0,0.028184357541899442,0.055865921787709494,0.9115921787709498,0.00435754189944134
49,source_file_seed_49,random_forest,data/raw/mcc5_thu_motor/MCC5-THU Motor/MCC5-THU Motor_torque_circulation/bearing_ball_H_torque_circulation_20Nm_1000rpm_250707135802d.csv,bearing_ball,bearing_ball,bearing_ball,179,torque_circulation,1000.0,20.0,0.9398324022346368,0.010083798882681565,0.04821229050279329,0.0018715083798882682
49,source_file_seed_49,random_forest,data/raw/mcc5_thu_motor/MCC5-THU Motor/MCC5-THU Motor_torque_circulation/bearing_ball_H_torque_circulation_40Nm_2000rpm_250707142821d.csv,bearing_ball,bearing_ball,bearing_ball,179,torque_circulation,2000.0,40.0,0.9670670391061453,0.008435754189944135,0.022793296089385476,0.0017039106145251399
49,source_file_seed_49,random_forest,data/raw/mcc5_thu_motor/MCC5-THU Motor/MCC5-THU Motor_torque_circulation/bearing_inner_H_torque_circulation_40Nm_3000rpm_250704085907d.csv,bearing_inner,bearing_inner,bearing_inner,179,torque_circulation,3000.0,40.0,0.000111731843575419,0.9905307262569832,0.009273743016759777,8.379888268156425e-05
49,source_file_seed_49,random_forest,data/raw/mcc5_thu_motor/MCC5-THU Motor/MCC5-THU Motor_torque_circulation/bearing_inner_L_torque_circulation_40Nm_1000rpm_250707113035d.csv,bearing_inner,bearing_inner,bearing_inner,179,torque_circulation,1000.0,40.0,0.0035474860335195533,0.9813966480446928,0.014664804469273743,0.0003910614525139665
49,source_file_seed_49,random_forest,data/raw/mcc5_thu_motor/MCC5-THU Motor/MCC5-THU Motor_torque_circulation/bearing_inner_L_torque_circulation_40Nm_3000rpm_250707113444d.csv,bearing_inner,bearing_inner,bearing_inner,179,torque_circulation,3000.0,40.0,0.005279329608938548,0.9841620111731844,0.005111731843575418,0.0054469273743016754
49,source_file_seed_49,random_forest,data/raw/mcc5_thu_motor/MCC5-THU Motor/MCC5-THU Motor_torque_circulation/health_torque_circulation_40Nm_1000rpm_250702161315d.csv,healthy,healthy,healthy,179,torque_circulation,1000.0,40.0,0.01053072625698324,8.379888268156425e-05,0.0027374301675977654,0.9866480446927375
49,source_file_seed_49,random_forest,data/raw/mcc5_thu_motor/MCC5-THU Motor/MCC5-THU Motor_torque_circulation/health_torque_circulation_40Nm_2000rpm_250702161114d.csv,healthy,healthy,healthy,179,torque_circulation,2000.0,40.0,0.03938547486033519,0.031033519553072625,0.010391061452513967,0.9191899441340782
49,source_file_seed_49,xgboost,data/raw/mcc5_thu_motor/MCC5-THU Motor/MCC5-THU Motor_speed_circulation/bearing_ball_L_speed_circulation_40Nm_1000rpm_250707155133.csv,bearing_ball,bearing_ball,bearing_ball,179,speed_circulation,1000.0,40.0,0.974062979221344,0.01022349763661623,0.001731276512145996,0.013982257805764675
49,source_file_seed_49,xgboost,data/raw/mcc5_thu_motor/MCC5-THU Motor/MCC5-THU Motor_speed_circulation/bearing_inner_L_speed_circulation_40Nm_3000rpm_250707114941.csv,bearing_inner,bearing_inner,bearing_inner,179,speed_circulation,3000.0,40.0,0.0002869105082936585,0.9980230331420898,0.0003899936855304986,0.0013001167681068182
49,source_file_seed_49,xgboost,data/raw/mcc5_thu_motor/MCC5-THU Motor/MCC5-THU Motor_speed_circulation/bearing_outer_H_speed_circulation_20Nm_3000rpm_250707105700.csv,bearing_outer,bearing_outer,bearing_outer,179,speed_circulation,3000.0,20.0,0.0005978211993351579,0.0018915784312412143,0.9973819851875305,0.00012859469279646873
49,source_file_seed_49,xgboost,data/raw/mcc5_thu_motor/MCC5-THU Motor/MCC5-THU Motor_speed_circulation/bearing_outer_H_speed_circulation_40Nm_2000rpm_250707105500.csv,bearing_outer,bearing_outer,bearing_outer,179,speed_circulation,2000.0,40.0,0.0033810671884566545,0.005804942920804024,0.9895633459091187,0.0012506286147981882
49,source_file_seed_49,xgboost,data/raw/mcc5_thu_motor/MCC5-THU Motor/MCC5-THU Motor_speed_circulation/bearing_outer_H_speed_circulation_40Nm_3000rpm_250707105959.csv,bearing_outer,bearing_outer,bearing_outer,179,speed_circulation,3000.0,40.0,0.0009948761435225606,0.013641005381941795,0.9852255582809448,0.00013855956785846502
49,source_file_seed_49,xgboost,data/raw/mcc5_thu_motor/MCC5-THU Motor/MCC5-THU Motor_torque_circulation/bearing_ball_H_torque_circulation_20Nm_1000rpm_250707135802d.csv,bearing_ball,bearing_ball,bearing_ball,179,torque_circulation,1000.0,20.0,0.9977875351905823,0.0002228951925644651,0.001873612287454307,0.00011598442506510764
49,source_file_seed_49,xgboost,data/raw/mcc5_thu_motor/MCC5-THU Motor/MCC5-THU Motor_torque_circulation/bearing_ball_H_torque_circulation_40Nm_2000rpm_250707142821d.csv,bearing_ball,bearing_ball,bearing_ball,179,torque_circulation,2000.0,40.0,0.9979941844940186,0.0009504322079010308,0.0007405474316328764,0.0003147770476061851
49,source_file_seed_49,xgboost,data/raw/mcc5_thu_motor/MCC5-THU Motor/MCC5-THU Motor_torque_circulation/bearing_inner_H_torque_circulation_40Nm_3000rpm_250704085907d.csv,bearing_inner,bearing_inner,bearing_inner,179,torque_circulation,3000.0,40.0,0.004699575714766979,0.9887567162513733,0.005474009085446596,0.0010696231620386243
49,source_file_seed_49,xgboost,data/raw/mcc5_thu_motor/MCC5-THU Motor/MCC5-THU Motor_torque_circulation/bearing_inner_L_torque_circulation_40Nm_1000rpm_250707113035d.csv,bearing_inner,bearing_inner,bearing_inner,179,torque_circulation,1000.0,40.0,8.9282140834257e-05,0.9995797276496887,0.00028355090762488544,4.746037666336633e-05
49,source_file_seed_49,xgboost,data/raw/mcc5_thu_motor/MCC5-THU Motor/MCC5-THU Motor_torque_circulation/bearing_inner_L_torque_circulation_40Nm_3000rpm_250707113444d.csv,bearing_inner,bearing_inner,bearing_inner,179,torque_circulation,3000.0,40.0,0.00019808993965853006,0.9993405342102051,0.0003236547054257244,0.00013763626338914037
49,source_file_seed_49,xgboost,data/raw/mcc5_thu_motor/MCC5-THU Motor/MCC5-THU Motor_torque_circulation/health_torque_circulation_40Nm_1000rpm_250702161315d.csv,healthy,healthy,healthy,179,torque_circulation,1000.0,40.0,0.0002231196267530322,8.992053335532546e-05,0.00014720081526320428,0.999539852142334
49,source_file_seed_49,xgboost,data/raw/mcc5_thu_motor/MCC5-THU Motor/MCC5-THU Motor_torque_circulation/health_torque_circulation_40Nm_2000rpm_250702161114d.csv,healthy,healthy,healthy,179,torque_circulation,2000.0,40.0,0.00018303752585779876,0.00017193863459397107,0.00017467074212618172,0.9994703531265259
50,source_file_seed_50,random_forest,data/raw/mcc5_thu_motor/MCC5-THU Motor/MCC5-THU Motor_speed_circulation/bearing_ball_H_speed_circulation_20Nm_1000rpm_250707143259.csv,bearing_ball,bearing_ball,bearing_ball,179,speed_circulation,1000.0,20.0,0.9522625698324021,0.010083798882681565,0.02430167597765363,0.01335195530726257
50,source_file_seed_50,random_forest,data/raw/mcc5_thu_motor/MCC5-THU Motor/MCC5-THU Motor_speed_circulation/bearing_inner_L_speed_circulation_20Nm_3000rpm_250707114743.csv,bearing_inner,bearing_inner,bearing_inner,179,speed_circulation,3000.0,20.0,0.010502793296089385,0.91536312849162,0.05807262569832402,0.01606145251396648
50,source_file_seed_50,random_forest,data/raw/mcc5_thu_motor/MCC5-THU Motor/MCC5-THU Motor_speed_circulation/bearing_inner_L_speed_circulation_40Nm_3000rpm_250707114941.csv,bearing_inner,bearing_inner,bearing_inner,179,speed_circulation,3000.0,40.0,0.016229050279329606,0.9056703910614525,0.059916201117318435,0.01818435754189944
50,source_file_seed_50,random_forest,data/raw/mcc5_thu_motor/MCC5-THU Motor/MCC5-THU Motor_speed_circulation/bearing_outer_L_speed_circulation_20Nm_2000rpm_250708095712.csv,bearing_outer,bearing_outer,bearing_outer,179,speed_circulation,2000.0,20.0,0.025837988826815643,0.026620111731843577,0.9396368715083798,0.007905027932960895
50,source_file_seed_50,random_forest,data/raw/mcc5_thu_motor/MCC5-THU Motor/MCC5-THU Motor_speed_circulation/bearing_outer_L_speed_circulation_40Nm_2000rpm_250708100011.csv,bearing_outer,bearing_outer,bearing_outer,179,speed_circulation,2000.0,40.0,0.033016759776536314,0.02717877094972067,0.9316759776536313,0.008128491620111733
50,source_file_seed_50,random_forest,data/raw/mcc5_thu_motor/MCC5-THU Motor/MCC5-THU Motor_speed_circulation/bearing_outer_L_speed_circulation_40Nm_3000rpm_250708100602.csv,bearing_outer,bearing_outer,bearing_outer,179,speed_circulation,3000.0,40.0,0.02888268156424581,0.03731843575418995,0.9252513966480447,0.008547486033519555
50,source_file_seed_50,random_forest,data/raw/mcc5_thu_motor/MCC5-THU Motor/MCC5-THU Motor_speed_circulation/health_speed_circulation_40Nm_1000rpm_250702161900.csv,healthy,healthy,healthy,179,speed_circulation,1000.0,40.0,0.07435754189944135,0.007765363128491619,0.018743016759776538,0.8991340782122904
50,source_file_seed_50,random_forest,data/raw/mcc5_thu_motor/MCC5-THU Motor/MCC5-THU Motor_torque_circulation/bearing_ball_H_torque_circulation_20Nm_2000rpm_250707140027d.csv,bearing_ball,bearing_ball,bearing_ball,179,torque_circulation,2000.0,20.0,0.9614525139664805,0.001452513966480447,0.025307262569832404,0.011787709497206705
50,source_file_seed_50,random_forest,data/raw/mcc5_thu_motor/MCC5-THU Motor/MCC5-THU Motor_torque_circulation/bearing_ball_L_torque_circulation_40Nm_1000rpm_250707154144d.csv,bearing_ball,bearing_ball,bearing_ball,179,torque_circulation,1000.0,40.0,0.9929608938547485,0.0008659217877094973,0.0012011173184357544,0.0049720670391061456
50,source_file_seed_50,random_forest,data/raw/mcc5_thu_motor/MCC5-THU Motor/MCC5-THU Motor_torque_circulation/bearing_inner_L_torque_circulation_20Nm_1000rpm_250707112415d.csv,bearing_inner,bearing_inner,bearing_inner,179,torque_circulation,1000.0,20.0,0.001452513966480447,0.9837988826815642,0.012011173184357541,0.0027374301675977654
50,source_file_seed_50,random_forest,data/raw/mcc5_thu_motor/MCC5-THU Motor/MCC5-THU Motor_torque_circulation/bearing_inner_L_torque_circulation_20Nm_3000rpm_250707112823d.csv,bearing_inner,bearing_inner,bearing_inner,179,torque_circulation,3000.0,20.0,0.0018435754189944135,0.9823743016759776,0.0038826815642458105,0.011899441340782121
50,source_file_seed_50,random_forest,data/raw/mcc5_thu_motor/MCC5-THU Motor/MCC5-THU Motor_torque_circulation/health_torque_circulation_40Nm_2000rpm_250702161114d.csv,healthy,healthy,healthy,179,torque_circulation,2000.0,40.0,0.010530726256983241,0.0005027932960893855,0.004888268156424581,0.9840782122905029
50,source_file_seed_50,xgboost,data/raw/mcc5_thu_motor/MCC5-THU Motor/MCC5-THU Motor_speed_circulation/bearing_ball_H_speed_circulation_20Nm_1000rpm_250707143259.csv,bearing_ball,bearing_ball,bearing_ball,179,speed_circulation,1000.0,20.0,0.9959970116615295,0.0014146585017442703,0.002185830846428871,0.00040244191768579185
50,source_file_seed_50,xgboost,data/raw/mcc5_thu_motor/MCC5-THU Motor/MCC5-THU Motor_speed_circulation/bearing_inner_L_speed_circulation_20Nm_3000rpm_250707114743.csv,bearing_inner,bearing_inner,bearing_inner,179,speed_circulation,3000.0,20.0,0.0019207531586289406,0.9945492744445801,0.0023497645743191242,0.0011801624204963446
50,source_file_seed_50,xgboost,data/raw/mcc5_thu_motor/MCC5-THU Motor/MCC5-THU Motor_speed_circulation/bearing_inner_L_speed_circulation_40Nm_3000rpm_250707114941.csv,bearing_inner,bearing_inner,bearing_inner,179,speed_circulation,3000.0,40.0,0.0015744157135486603,0.9923359751701355,0.0023913930635899305,0.003698250511661172
50,source_file_seed_50,xgboost,data/raw/mcc5_thu_motor/MCC5-THU Motor/MCC5-THU Motor_speed_circulation/bearing_outer_L_speed_circulation_20Nm_2000rpm_250708095712.csv,bearing_outer,bearing_outer,bearing_outer,179,speed_circulation,2000.0,20.0,0.0013690197374671698,0.0009444336756132543,0.9975733160972595,0.00011318631004542112
50,source_file_seed_50,xgboost,data/raw/mcc5_thu_motor/MCC5-THU Motor/MCC5-THU Motor_speed_circulation/bearing_outer_L_speed_circulation_40Nm_2000rpm_250708100011.csv,bearing_outer,bearing_outer,bearing_outer,179,speed_circulation,2000.0,40.0,0.0014087901217862964,0.0004918302875012159,0.9978898763656616,0.00020950888574589044
50,source_file_seed_50,xgboost,data/raw/mcc5_thu_motor/MCC5-THU Motor/MCC5-THU Motor_speed_circulation/bearing_outer_L_speed_circulation_40Nm_3000rpm_250708100602.csv,bearing_outer,bearing_outer,bearing_outer,179,speed_circulation,3000.0,40.0,0.0008756695897318423,0.010247993282973766,0.9833213686943054,0.005555031355470419
50,source_file_seed_50,xgboost,data/raw/mcc5_thu_motor/MCC5-THU Motor/MCC5-THU Motor_speed_circulation/health_speed_circulation_40Nm_1000rpm_250702161900.csv,healthy,healthy,healthy,179,speed_circulation,1000.0,40.0,0.018562039360404015,0.00934518687427044,0.000969762506429106,0.9711230397224426
50,source_file_seed_50,xgboost,data/raw/mcc5_thu_motor/MCC5-THU Motor/MCC5-THU Motor_torque_circulation/bearing_ball_H_torque_circulation_20Nm_2000rpm_250707140027d.csv,bearing_ball,bearing_ball,bearing_ball,179,torque_circulation,2000.0,20.0,0.996788740158081,0.00029567780438810587,0.002734699286520481,0.00018090369121637195
50,source_file_seed_50,xgboost,data/raw/mcc5_thu_motor/MCC5-THU Motor/MCC5-THU Motor_torque_circulation/bearing_ball_L_torque_circulation_40Nm_1000rpm_250707154144d.csv,bearing_ball,bearing_ball,bearing_ball,179,torque_circulation,1000.0,40.0,0.9996745586395264,7.940251816762611e-05,0.00014399692008737475,0.00010209730680799112
50,source_file_seed_50,xgboost,data/raw/mcc5_thu_motor/MCC5-THU Motor/MCC5-THU Motor_torque_circulation/bearing_inner_L_torque_circulation_20Nm_1000rpm_250707112415d.csv,bearing_inner,bearing_inner,bearing_inner,179,torque_circulation,1000.0,20.0,0.00010755440598586574,0.9993167519569397,0.000529199605807662,4.6514978748746216e-05
50,source_file_seed_50,xgboost,data/raw/mcc5_thu_motor/MCC5-THU Motor/MCC5-THU Motor_torque_circulation/bearing_inner_L_torque_circulation_20Nm_3000rpm_250707112823d.csv,bearing_inner,bearing_inner,bearing_inner,179,torque_circulation,3000.0,20.0,0.0002788722049444914,0.9992278814315796,0.00023189619241748005,0.00026146048912778497
50,source_file_seed_50,xgboost,data/raw/mcc5_thu_motor/MCC5-THU Motor/MCC5-THU Motor_torque_circulation/health_torque_circulation_40Nm_2000rpm_250702161114d.csv,healthy,healthy,healthy,179,torque_circulation,2000.0,40.0,0.00012779691314790398,0.00010570586164249107,0.00015435928071383387,0.9996121525764465
51,source_file_seed_51,random_forest,data/raw/mcc5_thu_motor/MCC5-THU Motor/MCC5-THU Motor_speed_circulation/bearing_ball_H_speed_circulation_20Nm_3000rpm_250707144104.csv,bearing_ball,bearing_ball,bearing_ball,179,speed_circulation,3000.0,20.0,0.9652793296089387,0.005642458100558659,0.027430167597765363,0.0016480446927374301
51,source_file_seed_51,random_forest,data/raw/mcc5_thu_motor/MCC5-THU Motor/MCC5-THU Motor_speed_circulation/bearing_ball_H_speed_circulation_40Nm_2000rpm_250707143905.csv,bearing_ball,bearing_ball,bearing_ball,179,speed_circulation,2000.0,40.0,0.9646089385474862,0.0060055865921787716,0.021452513966480447,0.007932960893854748
51,source_file_seed_51,random_forest,data/raw/mcc5_thu_motor/MCC5-THU Motor/MCC5-THU Motor_speed_circulation/bearing_ball_L_speed_circulation_20Nm_1000rpm_250707154858.csv,bearing_ball,bearing_ball,bearing_ball,179,speed_circulation,1000.0,20.0,0.9597206703910616,0.0019273743016759777,0.010502793296089385,0.02784916201117319
51,source_file_seed_51,random_forest,data/raw/mcc5_thu_motor/MCC5-THU Motor/MCC5-THU Motor_speed_circulation/bearing_inner_H_speed_circulation_40Nm_3000rpm_250704091435.csv,bearing_inner,bearing_inner,bearing_inner,179,speed_circulation,3000.0,40.0,0.014860335195530724,0.9202234636871508,0.05340782122905028,0.01150837988826816
51,source_file_seed_51,random_forest,data/raw/mcc5_thu_motor/MCC5-THU Motor/MCC5-THU Motor_speed_circulation/bearing_inner_L_speed_circulation_40Nm_1000rpm_250707114105.csv,bearing_inner,bearing_inner,bearing_inner,179,speed_circulation,1000.0,40.0,0.013491620111731844,0.7530167597765365,0.22737430167597766,0.00611731843575419
51,source_file_seed_51,random_forest,data/raw/mcc5_thu_motor/MCC5-THU Motor/MCC5-THU Motor_speed_circulation/health_speed_circulation_40Nm_1000rpm_250702161900.csv,healthy,healthy,healthy,179,speed_circulation,1000.0,40.0,0.055586592178770954,0.007094972067039107,0.017988826815642456,0.9193296089385475
51,source_file_seed_51,random_forest,data/raw/mcc5_thu_motor/MCC5-THU Motor/MCC5-THU Motor_torque_circulation/bearing_inner_H_torque_circulation_40Nm_2000rpm_250704085637d.csv,bearing_inner,bearing_inner,bearing_inner,179,torque_circulation,2000.0,40.0,0.0007262569832402235,0.9939106145251398,0.005,0.00036312849162011175
51,source_file_seed_51,random_forest,data/raw/mcc5_thu_motor/MCC5-THU Motor/MCC5-THU Motor_torque_circulation/bearing_inner_L_torque_circulation_40Nm_1000rpm_250707113035d.csv,bearing_inner,bearing_inner,bearing_inner,179,torque_circulation,1000.0,40.0,0.004664804469273743,0.8485474860335195,0.14198324022346367,0.004804469273743016
51,source_file_seed_51,random_forest,data/raw/mcc5_thu_motor/MCC5-THU Motor/MCC5-THU Motor_torque_circulation/bearing_outer_H_torque_circulation_20Nm_2000rpm_250707103802d.csv,bearing_outer,bearing_outer,bearing_outer,179,torque_circulation,2000.0,20.0,0.000893854748603352,0.00036312849162011175,0.9986312849162011,0.000111731843575419
51,source_file_seed_51,random_forest,data/raw/mcc5_thu_motor/MCC5-THU Motor/MCC5-THU Motor_torque_circulation/bearing_outer_L_torque_circulation_40Nm_1000rpm_250708094205d.csv,bearing_outer,bearing_outer,bearing_outer,179,torque_circulation,1000.0,40.0,0.0027374301675977654,0.003603351955307263,0.9899162011173184,0.0037430167597765364
51,source_file_seed_51,random_forest,data/raw/mcc5_thu_motor/MCC5-THU Motor/MCC5-THU Motor_torque_circulation/bearing_outer_L_torque_circulation_40Nm_2000rpm_250708094403d.csv,bearing_outer,bearing_outer,bearing_outer,179,torque_circulation,2000.0,40.0,0.006675977653631285,0.0008659217877094973,0.9914804469273742,0.0009776536312849163
51,source_file_seed_51,random_forest,data/raw/mcc5_thu_motor/MCC5-THU Motor/MCC5-THU Motor_torque_circulation/health_torque_circulation_40Nm_1000rpm_250702161315d.csv,healthy,healthy,healthy,179,torque_circulation,1000.0,40.0,0.026815642458100558,0.0026536312849162014,0.006480446927374302,0.964050279329609
51,source_file_seed_51,xgboost,data/raw/mcc5_thu_motor/MCC5-THU Motor/MCC5-THU Motor_speed_circulation/bearing_ball_H_speed_circulation_20Nm_3000rpm_250707144104.csv,bearing_ball,bearing_ball,bearing_ball,179,speed_circulation,3000.0,20.0,0.9963157176971436,0.0021860164124518633,0.0013481973437592387,0.0001499503996456042
51,source_file_seed_51,xgboost,data/raw/mcc5_thu_motor/MCC5-THU Motor/MCC5-THU Motor_speed_circulation/bearing_ball_H_speed_circulation_40Nm_2000rpm_250707143905.csv,bearing_ball,bearing_ball,bearing_ball,179,speed_circulation,2000.0,40.0,0.9907276034355164,0.005391466431319714,0.0028313803486526012,0.001049583894200623
51,source_file_seed_51,xgboost,data/raw/mcc5_thu_motor/MCC5-THU Motor/MCC5-THU Motor_speed_circulation/bearing_ball_L_speed_circulation_20Nm_1000rpm_250707154858.csv,bearing_ball,bearing_ball,bearing_ball,179,speed_circulation,1000.0,20.0,0.9893866777420044,0.0015205887611955404,0.00701817125082016,0.0020745256915688515
51,source_file_seed_51,xgboost,data/raw/mcc5_thu_motor/MCC5-THU Motor/MCC5-THU Motor_speed_circulation/bearing_inner_H_speed_circulation_40Nm_3000rpm_250704091435.csv,bearing_inner,bearing_inner,bearing_inner,179,speed_circulation,3000.0,40.0,0.002201296156272292,0.9468727111816406,0.050621651113033295,0.00030435272492468357
51,source_file_seed_51,xgboost,data/raw/mcc5_thu_motor/MCC5-THU Motor/MCC5-THU Motor_speed_circulation/bearing_inner_L_speed_circulation_40Nm_1000rpm_250707114105.csv,bearing_inner,bearing_inner,bearing_inner,179,speed_circulation,1000.0,40.0,0.016363833099603653,0.9000061750411987,0.0736413225531578,0.009988706558942795
51,source_file_seed_51,xgboost,data/raw/mcc5_thu_motor/MCC5-THU Motor/MCC5-THU Motor_speed_circulation/health_speed_circulation_40Nm_1000rpm_250702161900.csv,healthy,healthy,healthy,179,speed_circulation,1000.0,40.0,0.02443961426615715,0.005873269401490688,0.002427748404443264,0.967259407043457
51,source_file_seed_51,xgboost,data/raw/mcc5_thu_motor/MCC5-THU Motor/MCC5-THU Motor_torque_circulation/bearing_inner_H_torque_circulation_40Nm_2000rpm_250704085637d.csv,bearing_inner,bearing_inner,bearing_inner,179,torque_circulation,2000.0,40.0,0.00037421489832922816,0.9989538788795471,0.0005357691552489996,0.0001360649330308661
51,source_file_seed_51,xgboost,data/raw/mcc5_thu_motor/MCC5-THU Motor/MCC5-THU Motor_torque_circulation/bearing_inner_L_torque_circulation_40Nm_1000rpm_250707113035d.csv,bearing_inner,bearing_inner,bearing_inner,179,torque_circulation,1000.0,40.0,0.004703028127551079,0.9704399108886719,0.022546129301190376,0.002310967305675149
51,source_file_seed_51,xgboost,data/raw/mcc5_thu_motor/MCC5-THU Motor/MCC5-THU Motor_torque_circulation/bearing_outer_H_torque_circulation_20Nm_2000rpm_250707103802d.csv,bearing_outer,bearing_outer,bearing_outer,179,torque_circulation,2000.0,20.0,0.000126241851830855,0.00011861242091981694,0.9996942281723022,6.0955666413065046e-05
51,source_file_seed_51,xgboost,data/raw/mcc5_thu_motor/MCC5-THU Motor/MCC5-THU Motor_torque_circulation/bearing_outer_L_torque_circulation_40Nm_1000rpm_250708094205d.csv,bearing_outer,bearing_outer,bearing_outer,179,torque_circulation,1000.0,40.0,0.00028288993053138256,0.0001556356728542596,0.9995108842849731,5.069606049801223e-05
51,source_file_seed_51,xgboost,data/raw/mcc5_thu_motor/MCC5-THU Motor/MCC5-THU Motor_torque_circulation/bearing_outer_L_torque_circulation_40Nm_2000rpm_250708094403d.csv,bearing_outer,bearing_outer,bearing_outer,179,torque_circulation,2000.0,40.0,0.0004922616644762456,0.00014716545410919935,0.9992864727973938,7.4113326263614e-05
51,source_file_seed_51,xgboost,data/raw/mcc5_thu_motor/MCC5-THU Motor/MCC5-THU Motor_torque_circulation/health_torque_circulation_40Nm_1000rpm_250702161315d.csv,healthy,healthy,healthy,179,torque_circulation,1000.0,40.0,0.000721513875760138,9.307304571848363e-05,0.0001243452716153115,0.999061107635498
