prediction_file,aggregation,source_count,split_name,model,setting,seed,scalar_feature_count,setting_label,evidence_status,run_tag,sequence_length,accuracy,macro_precision,macro_recall,macro_f1,weighted_f1,worst_class_recall
corrected_fusion_full_engineered_features_254_cross_condition_seed42_predictions.csv,mean_probability,42,cross_condition,MultisourceFusionNet,full_engineered_features_254,42,254.0,full_engineered_254,corrected_formal_train_only_zscore,,,0.9761904761904762,0.9807692307692308,0.9791666666666666,0.9791304347826086,0.9761490683229812,0.9166666666666666
corrected_fusion_full_engineered_features_254_cross_condition_seed42_predictions.csv,majority_vote,42,cross_condition,MultisourceFusionNet,full_engineered_features_254,42,254.0,full_engineered_254,corrected_formal_train_only_zscore,,,0.9761904761904762,0.9807692307692308,0.9791666666666666,0.9791304347826086,0.9761490683229812,0.9166666666666666
corrected_fusion_full_engineered_features_254_cross_condition_seed43_predictions.csv,mean_probability,42,cross_condition,MultisourceFusionNet,full_engineered_features_254,43,254.0,full_engineered_254,corrected_formal_train_only_zscore,,,0.9761904761904762,0.9807692307692308,0.9791666666666666,0.9791304347826086,0.9761490683229812,0.9166666666666666
corrected_fusion_full_engineered_features_254_cross_condition_seed43_predictions.csv,majority_vote,42,cross_condition,MultisourceFusionNet,full_engineered_features_254,43,254.0,full_engineered_254,corrected_formal_train_only_zscore,,,0.9761904761904762,0.9807692307692308,0.9791666666666666,0.9791304347826086,0.9761490683229812,0.9166666666666666
corrected_fusion_full_engineered_features_254_cross_condition_seed44_predictions.csv,mean_probability,42,cross_condition,MultisourceFusionNet,full_engineered_features_254,44,254.0,full_engineered_254,corrected_formal_train_only_zscore,,,0.9761904761904762,0.9807692307692308,0.9791666666666666,0.9791304347826086,0.9761490683229812,0.9166666666666666
corrected_fusion_full_engineered_features_254_cross_condition_seed44_predictions.csv,majority_vote,42,cross_condition,MultisourceFusionNet,full_engineered_features_254,44,254.0,full_engineered_254,corrected_formal_train_only_zscore,,,0.9761904761904762,0.9807692307692308,0.9791666666666666,0.9791304347826086,0.9761490683229812,0.9166666666666666
corrected_fusion_full_engineered_features_254_cross_load_seed42_predictions.csv,mean_probability,42,cross_load,MultisourceFusionNet,full_engineered_features_254,42,254.0,full_engineered_254,corrected_formal_train_only_zscore,,,1.0,1.0,1.0,1.0,1.0,1.0
corrected_fusion_full_engineered_features_254_cross_load_seed42_predictions.csv,majority_vote,42,cross_load,MultisourceFusionNet,full_engineered_features_254,42,254.0,full_engineered_254,corrected_formal_train_only_zscore,,,1.0,1.0,1.0,1.0,1.0,1.0
corrected_fusion_full_engineered_features_254_cross_load_seed43_predictions.csv,mean_probability,42,cross_load,MultisourceFusionNet,full_engineered_features_254,43,254.0,full_engineered_254,corrected_formal_train_only_zscore,,,0.9523809523809524,0.9375,0.9583333333333331,0.9425465838509316,0.9547471162377994,0.9166666666666666
corrected_fusion_full_engineered_features_254_cross_load_seed43_predictions.csv,majority_vote,42,cross_load,MultisourceFusionNet,full_engineered_features_254,43,254.0,full_engineered_254,corrected_formal_train_only_zscore,,,0.9523809523809524,0.9375,0.9583333333333331,0.9425465838509316,0.9547471162377994,0.9166666666666666
corrected_fusion_full_engineered_features_254_cross_load_seed44_predictions.csv,mean_probability,42,cross_load,MultisourceFusionNet,full_engineered_features_254,44,254.0,full_engineered_254,corrected_formal_train_only_zscore,,,0.9047619047619048,0.9017857142857144,0.9166666666666666,0.8950549450549451,0.9004709576138146,0.6666666666666666
corrected_fusion_full_engineered_features_254_cross_load_seed44_predictions.csv,majority_vote,42,cross_load,MultisourceFusionNet,full_engineered_features_254,44,254.0,full_engineered_254,corrected_formal_train_only_zscore,,,0.9047619047619048,0.9017857142857144,0.9166666666666666,0.8950549450549451,0.9004709576138146,0.6666666666666666
corrected_fusion_full_engineered_features_254_cross_rpm_seed42_predictions.csv,mean_probability,28,cross_rpm,MultisourceFusionNet,full_engineered_features_254,42,254.0,full_engineered_254,corrected_formal_train_only_zscore,,,0.6428571428571429,0.4990530303030303,0.5763888888888888,0.5348039215686274,0.5957282913165266,0.0
corrected_fusion_full_engineered_features_254_cross_rpm_seed42_predictions.csv,majority_vote,28,cross_rpm,MultisourceFusionNet,full_engineered_features_254,42,254.0,full_engineered_254,corrected_formal_train_only_zscore,,,0.6428571428571429,0.4990530303030303,0.5763888888888888,0.5348039215686274,0.5957282913165266,0.0
corrected_fusion_full_engineered_features_254_cross_rpm_seed43_predictions.csv,mean_probability,28,cross_rpm,MultisourceFusionNet,full_engineered_features_254,43,254.0,full_engineered_254,corrected_formal_train_only_zscore,,,0.4285714285714285,0.2326203208556149,0.3888888888888889,0.2905982905982906,0.3180708180708181,0.0
corrected_fusion_full_engineered_features_254_cross_rpm_seed43_predictions.csv,majority_vote,28,cross_rpm,MultisourceFusionNet,full_engineered_features_254,43,254.0,full_engineered_254,corrected_formal_train_only_zscore,,,0.4285714285714285,0.2326203208556149,0.3888888888888889,0.2905982905982906,0.3180708180708181,0.0
corrected_fusion_full_engineered_features_254_cross_rpm_seed44_predictions.csv,mean_probability,28,cross_rpm,MultisourceFusionNet,full_engineered_features_254,44,254.0,full_engineered_254,corrected_formal_train_only_zscore,,,0.5714285714285714,0.453125,0.5243055555555556,0.4478469899665552,0.5010750119445772,0.0
corrected_fusion_full_engineered_features_254_cross_rpm_seed44_predictions.csv,majority_vote,28,cross_rpm,MultisourceFusionNet,full_engineered_features_254,44,254.0,full_engineered_254,corrected_formal_train_only_zscore,,,0.5714285714285714,0.5659722222222222,0.5243055555555556,0.4496590909090909,0.5068831168831169,0.0
corrected_fusion_full_engineered_features_254_cross_rpm_seed45_predictions.csv,mean_probability,28,cross_rpm,MultisourceFusionNet,full_engineered_features_254,45,254.0,full_engineered_254,corrected_formal_train_only_zscore,,,0.3571428571428571,0.1711229946524064,0.3333333333333333,0.2208333333333333,0.2422619047619047,0.0
corrected_fusion_full_engineered_features_254_cross_rpm_seed45_predictions.csv,majority_vote,28,cross_rpm,MultisourceFusionNet,full_engineered_features_254,45,254.0,full_engineered_254,corrected_formal_train_only_zscore,,,0.3571428571428571,0.1711229946524064,0.3333333333333333,0.2208333333333333,0.2422619047619047,0.0
corrected_fusion_full_engineered_features_254_cross_rpm_seed46_predictions.csv,mean_probability,28,cross_rpm,MultisourceFusionNet,full_engineered_features_254,46,254.0,full_engineered_254,corrected_formal_train_only_zscore,,,0.4642857142857143,0.4711538461538461,0.4201388888888889,0.3358585858585858,0.3762626262626262,0.0
corrected_fusion_full_engineered_features_254_cross_rpm_seed46_predictions.csv,majority_vote,28,cross_rpm,MultisourceFusionNet,full_engineered_features_254,46,254.0,full_engineered_254,corrected_formal_train_only_zscore,,,0.4642857142857143,0.4711538461538461,0.4201388888888889,0.3358585858585858,0.3762626262626262,0.0
corrected_fusion_full_engineered_features_254_source_file_seed42_predictions.csv,mean_probability,12,source_file,MultisourceFusionNet,full_engineered_features_254,42,254.0,full_engineered_254,corrected_formal_train_only_zscore,,,1.0,1.0,1.0,1.0,1.0,1.0
corrected_fusion_full_engineered_features_254_source_file_seed42_predictions.csv,majority_vote,12,source_file,MultisourceFusionNet,full_engineered_features_254,42,254.0,full_engineered_254,corrected_formal_train_only_zscore,,,1.0,1.0,1.0,1.0,1.0,1.0
corrected_fusion_full_engineered_features_254_source_file_seed43_predictions.csv,mean_probability,12,source_file,MultisourceFusionNet,full_engineered_features_254,43,254.0,full_engineered_254,corrected_formal_train_only_zscore,,,1.0,1.0,1.0,1.0,1.0,1.0
corrected_fusion_full_engineered_features_254_source_file_seed43_predictions.csv,majority_vote,12,source_file,MultisourceFusionNet,full_engineered_features_254,43,254.0,full_engineered_254,corrected_formal_train_only_zscore,,,1.0,1.0,1.0,1.0,1.0,1.0
corrected_fusion_full_engineered_features_254_source_file_seed44_predictions.csv,mean_probability,12,source_file,MultisourceFusionNet,full_engineered_features_254,44,254.0,full_engineered_254,corrected_formal_train_only_zscore,,,1.0,1.0,1.0,1.0,1.0,1.0
corrected_fusion_full_engineered_features_254_source_file_seed44_predictions.csv,majority_vote,12,source_file,MultisourceFusionNet,full_engineered_features_254,44,254.0,full_engineered_254,corrected_formal_train_only_zscore,,,1.0,1.0,1.0,1.0,1.0,1.0
corrected_fusion_full_multisource_fusion_cross_condition_seed42_predictions.csv,mean_probability,42,cross_condition,MultisourceFusionNet,full_multisource_fusion,42,262.0,full_fusion_legacy_262,corrected_formal_train_only_zscore,,,0.9523809523809524,0.9599358974358976,0.9583333333333331,0.9582971014492754,0.9523395445134576,0.9166666666666666
corrected_fusion_full_multisource_fusion_cross_condition_seed42_predictions.csv,majority_vote,42,cross_condition,MultisourceFusionNet,full_multisource_fusion,42,262.0,full_fusion_legacy_262,corrected_formal_train_only_zscore,,,0.9523809523809524,0.9599358974358976,0.9583333333333331,0.9582971014492754,0.9523395445134576,0.9166666666666666
corrected_fusion_full_multisource_fusion_cross_condition_seed43_predictions.csv,mean_probability,42,cross_condition,MultisourceFusionNet,full_multisource_fusion,43,262.0,full_fusion_legacy_262,corrected_formal_train_only_zscore,,,0.9761904761904762,0.9807692307692308,0.9791666666666666,0.9791304347826086,0.9761490683229812,0.9166666666666666
corrected_fusion_full_multisource_fusion_cross_condition_seed43_predictions.csv,majority_vote,42,cross_condition,MultisourceFusionNet,full_multisource_fusion,43,262.0,full_fusion_legacy_262,corrected_formal_train_only_zscore,,,0.9761904761904762,0.9807692307692308,0.9791666666666666,0.9791304347826086,0.9761490683229812,0.9166666666666666
corrected_fusion_full_multisource_fusion_cross_condition_seed44_predictions.csv,mean_probability,42,cross_condition,MultisourceFusionNet,full_multisource_fusion,44,262.0,full_fusion_legacy_262,corrected_formal_train_only_zscore,,,0.9761904761904762,0.9807692307692308,0.9791666666666666,0.9791304347826086,0.9761490683229812,0.9166666666666666
corrected_fusion_full_multisource_fusion_cross_condition_seed44_predictions.csv,majority_vote,42,cross_condition,MultisourceFusionNet,full_multisource_fusion,44,262.0,full_fusion_legacy_262,corrected_formal_train_only_zscore,,,0.9761904761904762,0.9807692307692308,0.9791666666666666,0.9791304347826086,0.9761490683229812,0.9166666666666666
corrected_fusion_full_multisource_fusion_cross_load_seed42_predictions.csv,mean_probability,42,cross_load,MultisourceFusionNet,full_multisource_fusion,42,262.0,full_fusion_legacy_262,corrected_formal_train_only_zscore,,,1.0,1.0,1.0,1.0,1.0,1.0
corrected_fusion_full_multisource_fusion_cross_load_seed42_predictions.csv,majority_vote,42,cross_load,MultisourceFusionNet,full_multisource_fusion,42,262.0,full_fusion_legacy_262,corrected_formal_train_only_zscore,,,1.0,1.0,1.0,1.0,1.0,1.0
corrected_fusion_full_multisource_fusion_cross_load_seed43_predictions.csv,mean_probability,42,cross_load,MultisourceFusionNet,full_multisource_fusion,43,262.0,full_fusion_legacy_262,corrected_formal_train_only_zscore,,,1.0,1.0,1.0,1.0,1.0,1.0
corrected_fusion_full_multisource_fusion_cross_load_seed43_predictions.csv,majority_vote,42,cross_load,MultisourceFusionNet,full_multisource_fusion,43,262.0,full_fusion_legacy_262,corrected_formal_train_only_zscore,,,1.0,1.0,1.0,1.0,1.0,1.0
corrected_fusion_full_multisource_fusion_cross_load_seed44_predictions.csv,mean_probability,42,cross_load,MultisourceFusionNet,full_multisource_fusion,44,262.0,full_fusion_legacy_262,corrected_formal_train_only_zscore,,,1.0,1.0,1.0,1.0,1.0,1.0
corrected_fusion_full_multisource_fusion_cross_load_seed44_predictions.csv,majority_vote,42,cross_load,MultisourceFusionNet,full_multisource_fusion,44,262.0,full_fusion_legacy_262,corrected_formal_train_only_zscore,,,1.0,1.0,1.0,1.0,1.0,1.0
corrected_fusion_full_multisource_fusion_cross_rpm_seed42_predictions.csv,mean_probability,28,cross_rpm,MultisourceFusionNet,full_multisource_fusion,42,262.0,full_fusion_legacy_262,corrected_formal_train_only_zscore,,,0.6071428571428571,0.5538194444444444,0.5381944444444444,0.4951136363636363,0.5545941558441558,0.0
corrected_fusion_full_multisource_fusion_cross_rpm_seed42_predictions.csv,majority_vote,28,cross_rpm,MultisourceFusionNet,full_multisource_fusion,42,262.0,full_fusion_legacy_262,corrected_formal_train_only_zscore,,,0.6071428571428571,0.5538194444444444,0.5381944444444444,0.4951136363636363,0.5545941558441558,0.0
corrected_fusion_full_multisource_fusion_cross_rpm_seed43_predictions.csv,mean_probability,28,cross_rpm,MultisourceFusionNet,full_multisource_fusion,43,262.0,full_fusion_legacy_262,corrected_formal_train_only_zscore,,,0.5714285714285714,0.5740131578947368,0.5034722222222222,0.4317460317460317,0.4804988662131518,0.0
corrected_fusion_full_multisource_fusion_cross_rpm_seed43_predictions.csv,majority_vote,28,cross_rpm,MultisourceFusionNet,full_multisource_fusion,43,262.0,full_fusion_legacy_262,corrected_formal_train_only_zscore,,,0.5714285714285714,0.5740131578947368,0.5034722222222222,0.4317460317460317,0.4804988662131518,0.0
corrected_fusion_full_multisource_fusion_cross_rpm_seed44_predictions.csv,mean_probability,28,cross_rpm,MultisourceFusionNet,full_multisource_fusion,44,262.0,full_fusion_legacy_262,corrected_formal_train_only_zscore,,,0.4642857142857143,0.3607142857142857,0.4340277777777778,0.3689123376623376,0.4033511131725417,0.0
corrected_fusion_full_multisource_fusion_cross_rpm_seed44_predictions.csv,majority_vote,28,cross_rpm,MultisourceFusionNet,full_multisource_fusion,44,262.0,full_fusion_legacy_262,corrected_formal_train_only_zscore,,,0.4285714285714285,0.2952380952380952,0.40625,0.3257575757575757,0.3495670995670995,0.0
corrected_fusion_full_multisource_fusion_cross_rpm_seed45_predictions.csv,mean_probability,28,cross_rpm,MultisourceFusionNet,full_multisource_fusion,45,262.0,full_fusion_legacy_262,corrected_formal_train_only_zscore,,,0.3928571428571428,0.1927083333333333,0.3611111111111111,0.2474120082815735,0.274622892635315,0.0
corrected_fusion_full_multisource_fusion_cross_rpm_seed45_predictions.csv,majority_vote,28,cross_rpm,MultisourceFusionNet,full_multisource_fusion,45,262.0,full_fusion_legacy_262,corrected_formal_train_only_zscore,,,0.3928571428571428,0.1927083333333333,0.3611111111111111,0.2474120082815735,0.274622892635315,0.0
corrected_fusion_full_multisource_fusion_cross_rpm_seed46_predictions.csv,mean_probability,28,cross_rpm,MultisourceFusionNet,full_multisource_fusion,46,262.0,full_fusion_legacy_262,corrected_formal_train_only_zscore,,,0.5357142857142857,0.31875,0.4722222222222222,0.3712643678160919,0.4106732348111658,0.0
corrected_fusion_full_multisource_fusion_cross_rpm_seed46_predictions.csv,majority_vote,28,cross_rpm,MultisourceFusionNet,full_multisource_fusion,46,262.0,full_fusion_legacy_262,corrected_formal_train_only_zscore,,,0.5357142857142857,0.31875,0.4722222222222222,0.3712643678160919,0.4106732348111658,0.0
corrected_fusion_full_multisource_fusion_source_file_seed42_predictions.csv,mean_probability,12,source_file,MultisourceFusionNet,full_multisource_fusion,42,262.0,full_fusion_legacy_262,corrected_formal_train_only_zscore,,,1.0,1.0,1.0,1.0,1.0,1.0
corrected_fusion_full_multisource_fusion_source_file_seed42_predictions.csv,majority_vote,12,source_file,MultisourceFusionNet,full_multisource_fusion,42,262.0,full_fusion_legacy_262,corrected_formal_train_only_zscore,,,1.0,1.0,1.0,1.0,1.0,1.0
corrected_fusion_full_multisource_fusion_source_file_seed43_predictions.csv,mean_probability,12,source_file,MultisourceFusionNet,full_multisource_fusion,43,262.0,full_fusion_legacy_262,corrected_formal_train_only_zscore,,,1.0,1.0,1.0,1.0,1.0,1.0
corrected_fusion_full_multisource_fusion_source_file_seed43_predictions.csv,majority_vote,12,source_file,MultisourceFusionNet,full_multisource_fusion,43,262.0,full_fusion_legacy_262,corrected_formal_train_only_zscore,,,1.0,1.0,1.0,1.0,1.0,1.0
corrected_fusion_full_multisource_fusion_source_file_seed44_predictions.csv,mean_probability,12,source_file,MultisourceFusionNet,full_multisource_fusion,44,262.0,full_fusion_legacy_262,corrected_formal_train_only_zscore,,,1.0,1.0,1.0,1.0,1.0,1.0
corrected_fusion_full_multisource_fusion_source_file_seed44_predictions.csv,majority_vote,12,source_file,MultisourceFusionNet,full_multisource_fusion,44,262.0,full_fusion_legacy_262,corrected_formal_train_only_zscore,,,1.0,1.0,1.0,1.0,1.0,1.0
corrected_fusion_vibration_current_auxiliary_only_cross_condition_seed42_predictions.csv,mean_probability,42,cross_condition,MultisourceFusionNet,vibration_current_auxiliary_only,42,26.0,auxiliary_26,posthoc_exploratory_same_holdout,,,1.0,1.0,1.0,1.0,1.0,1.0
corrected_fusion_vibration_current_auxiliary_only_cross_condition_seed42_predictions.csv,majority_vote,42,cross_condition,MultisourceFusionNet,vibration_current_auxiliary_only,42,26.0,auxiliary_26,posthoc_exploratory_same_holdout,,,1.0,1.0,1.0,1.0,1.0,1.0
corrected_fusion_vibration_current_auxiliary_only_cross_condition_seed43_predictions.csv,mean_probability,42,cross_condition,MultisourceFusionNet,vibration_current_auxiliary_only,43,26.0,auxiliary_26,posthoc_exploratory_same_holdout,,,0.9761904761904762,0.9807692307692308,0.9791666666666666,0.9791304347826086,0.9761490683229812,0.9166666666666666
corrected_fusion_vibration_current_auxiliary_only_cross_condition_seed43_predictions.csv,majority_vote,42,cross_condition,MultisourceFusionNet,vibration_current_auxiliary_only,43,26.0,auxiliary_26,posthoc_exploratory_same_holdout,,,0.9761904761904762,0.9807692307692308,0.9791666666666666,0.9791304347826086,0.9761490683229812,0.9166666666666666
corrected_fusion_vibration_current_auxiliary_only_cross_condition_seed44_predictions.csv,mean_probability,42,cross_condition,MultisourceFusionNet,vibration_current_auxiliary_only,44,26.0,auxiliary_26,posthoc_exploratory_same_holdout,,,0.9761904761904762,0.9807692307692308,0.9791666666666666,0.9791304347826086,0.9761490683229812,0.9166666666666666
corrected_fusion_vibration_current_auxiliary_only_cross_condition_seed44_predictions.csv,majority_vote,42,cross_condition,MultisourceFusionNet,vibration_current_auxiliary_only,44,26.0,auxiliary_26,posthoc_exploratory_same_holdout,,,0.9761904761904762,0.9807692307692308,0.9791666666666666,0.9791304347826086,0.9761490683229812,0.9166666666666666
corrected_fusion_vibration_current_auxiliary_only_cross_load_seed42_predictions.csv,mean_probability,42,cross_load,MultisourceFusionNet,vibration_current_auxiliary_only,42,26.0,auxiliary_26,posthoc_exploratory_same_holdout,,,0.9761904761904762,0.9807692307692308,0.9791666666666666,0.9791304347826086,0.9761490683229812,0.9166666666666666
corrected_fusion_vibration_current_auxiliary_only_cross_load_seed42_predictions.csv,majority_vote,42,cross_load,MultisourceFusionNet,vibration_current_auxiliary_only,42,26.0,auxiliary_26,posthoc_exploratory_same_holdout,,,0.9761904761904762,0.9807692307692308,0.9791666666666666,0.9791304347826086,0.9761490683229812,0.9166666666666666
corrected_fusion_vibration_current_auxiliary_only_cross_load_seed43_predictions.csv,mean_probability,42,cross_load,MultisourceFusionNet,vibration_current_auxiliary_only,43,26.0,auxiliary_26,posthoc_exploratory_same_holdout,,,0.9523809523809524,0.9642857142857144,0.9583333333333334,0.958041958041958,0.952047952047952,0.8333333333333334
corrected_fusion_vibration_current_auxiliary_only_cross_load_seed43_predictions.csv,majority_vote,42,cross_load,MultisourceFusionNet,vibration_current_auxiliary_only,43,26.0,auxiliary_26,posthoc_exploratory_same_holdout,,,0.9523809523809524,0.9642857142857144,0.9583333333333334,0.958041958041958,0.952047952047952,0.8333333333333334
corrected_fusion_vibration_current_auxiliary_only_cross_load_seed44_predictions.csv,mean_probability,42,cross_load,MultisourceFusionNet,vibration_current_auxiliary_only,44,26.0,auxiliary_26,posthoc_exploratory_same_holdout,,,0.8809523809523809,0.9264705882352942,0.8958333333333334,0.8911070780399274,0.8755509463313454,0.5833333333333334
corrected_fusion_vibration_current_auxiliary_only_cross_load_seed44_predictions.csv,majority_vote,42,cross_load,MultisourceFusionNet,vibration_current_auxiliary_only,44,26.0,auxiliary_26,posthoc_exploratory_same_holdout,,,0.8571428571428571,0.9166666666666666,0.875,0.8666666666666667,0.8476190476190476,0.5
corrected_fusion_vibration_current_auxiliary_only_cross_rpm_seed42_predictions.csv,mean_probability,28,cross_rpm,MultisourceFusionNet,vibration_current_auxiliary_only,42,26.0,auxiliary_26,posthoc_exploratory_same_holdout,,,0.9285714285714286,0.9444444444444444,0.9409722222222222,0.9373774509803922,0.9307948179271708,0.875
corrected_fusion_vibration_current_auxiliary_only_cross_rpm_seed42_predictions.csv,majority_vote,28,cross_rpm,MultisourceFusionNet,vibration_current_auxiliary_only,42,26.0,auxiliary_26,posthoc_exploratory_same_holdout,,,0.9642857142857144,0.96875,0.9722222222222222,0.9686274509803922,0.9644257703081232,0.8888888888888888
corrected_fusion_vibration_current_auxiliary_only_cross_rpm_seed43_predictions.csv,mean_probability,28,cross_rpm,MultisourceFusionNet,vibration_current_auxiliary_only,43,26.0,auxiliary_26,posthoc_exploratory_same_holdout,,,0.9642857142857144,0.96875,0.9722222222222222,0.9686274509803922,0.9644257703081232,0.8888888888888888
corrected_fusion_vibration_current_auxiliary_only_cross_rpm_seed43_predictions.csv,majority_vote,28,cross_rpm,MultisourceFusionNet,vibration_current_auxiliary_only,43,26.0,auxiliary_26,posthoc_exploratory_same_holdout,,,0.9642857142857144,0.96875,0.9722222222222222,0.9686274509803922,0.9644257703081232,0.8888888888888888
corrected_fusion_vibration_current_auxiliary_only_cross_rpm_seed44_predictions.csv,mean_probability,28,cross_rpm,MultisourceFusionNet,vibration_current_auxiliary_only,44,26.0,auxiliary_26,posthoc_exploratory_same_holdout,,,0.9642857142857144,0.96875,0.9722222222222222,0.9686274509803922,0.9644257703081232,0.8888888888888888
corrected_fusion_vibration_current_auxiliary_only_cross_rpm_seed44_predictions.csv,majority_vote,28,cross_rpm,MultisourceFusionNet,vibration_current_auxiliary_only,44,26.0,auxiliary_26,posthoc_exploratory_same_holdout,,,0.9642857142857144,0.96875,0.9722222222222222,0.9686274509803922,0.9644257703081232,0.8888888888888888
corrected_fusion_vibration_current_auxiliary_only_cross_rpm_seed45_predictions.csv,mean_probability,28,cross_rpm,MultisourceFusionNet,vibration_current_auxiliary_only,45,26.0,auxiliary_26,posthoc_exploratory_same_holdout,,,0.9285714285714286,0.9444444444444444,0.9444444444444444,0.9375,0.9285714285714286,0.7777777777777778
corrected_fusion_vibration_current_auxiliary_only_cross_rpm_seed45_predictions.csv,majority_vote,28,cross_rpm,MultisourceFusionNet,vibration_current_auxiliary_only,45,26.0,auxiliary_26,posthoc_exploratory_same_holdout,,,0.9285714285714286,0.9444444444444444,0.9444444444444444,0.9375,0.9285714285714286,0.7777777777777778
corrected_fusion_vibration_current_auxiliary_only_cross_rpm_seed46_predictions.csv,mean_probability,28,cross_rpm,MultisourceFusionNet,vibration_current_auxiliary_only,46,26.0,auxiliary_26,posthoc_exploratory_same_holdout,,,0.8928571428571429,0.925,0.9097222222222222,0.9054621848739496,0.8961584633853541,0.75
corrected_fusion_vibration_current_auxiliary_only_cross_rpm_seed46_predictions.csv,majority_vote,28,cross_rpm,MultisourceFusionNet,vibration_current_auxiliary_only,46,26.0,auxiliary_26,posthoc_exploratory_same_holdout,,,0.8928571428571429,0.925,0.9097222222222222,0.9054621848739496,0.8961584633853541,0.75
corrected_fusion_vibration_current_auxiliary_only_source_file_seed42_predictions.csv,mean_probability,12,source_file,MultisourceFusionNet,vibration_current_auxiliary_only,42,26.0,auxiliary_26,posthoc_exploratory_same_holdout,,,1.0,1.0,1.0,1.0,1.0,1.0
corrected_fusion_vibration_current_auxiliary_only_source_file_seed42_predictions.csv,majority_vote,12,source_file,MultisourceFusionNet,vibration_current_auxiliary_only,42,26.0,auxiliary_26,posthoc_exploratory_same_holdout,,,1.0,1.0,1.0,1.0,1.0,1.0
corrected_fusion_vibration_current_auxiliary_only_source_file_seed43_predictions.csv,mean_probability,12,source_file,MultisourceFusionNet,vibration_current_auxiliary_only,43,26.0,auxiliary_26,posthoc_exploratory_same_holdout,,,1.0,1.0,1.0,1.0,1.0,1.0
corrected_fusion_vibration_current_auxiliary_only_source_file_seed43_predictions.csv,majority_vote,12,source_file,MultisourceFusionNet,vibration_current_auxiliary_only,43,26.0,auxiliary_26,posthoc_exploratory_same_holdout,,,1.0,1.0,1.0,1.0,1.0,1.0
corrected_fusion_vibration_current_auxiliary_only_source_file_seed44_predictions.csv,mean_probability,12,source_file,MultisourceFusionNet,vibration_current_auxiliary_only,44,26.0,auxiliary_26,posthoc_exploratory_same_holdout,,,1.0,1.0,1.0,1.0,1.0,1.0
corrected_fusion_vibration_current_auxiliary_only_source_file_seed44_predictions.csv,majority_vote,12,source_file,MultisourceFusionNet,vibration_current_auxiliary_only,44,26.0,auxiliary_26,posthoc_exploratory_same_holdout,,,1.0,1.0,1.0,1.0,1.0,1.0
corrected_fusion_vibration_current_cross_condition_seed42_predictions.csv,mean_probability,42,cross_condition,MultisourceFusionNet,vibration_current,42,0.0,no_scalars,corrected_formal_train_only_zscore,,,0.9523809523809524,0.9583333333333331,0.9583333333333331,0.9583333333333331,0.9523809523809524,0.9166666666666666
corrected_fusion_vibration_current_cross_condition_seed42_predictions.csv,majority_vote,42,cross_condition,MultisourceFusionNet,vibration_current,42,0.0,no_scalars,corrected_formal_train_only_zscore,,,0.9523809523809524,0.9583333333333331,0.9583333333333331,0.9583333333333331,0.9523809523809524,0.9166666666666666
corrected_fusion_vibration_current_cross_condition_seed43_predictions.csv,mean_probability,42,cross_condition,MultisourceFusionNet,vibration_current,43,0.0,no_scalars,corrected_formal_train_only_zscore,,,0.9285714285714286,0.9407051282051282,0.9375,0.9382971014492754,0.9294824016563148,0.9166666666666666
corrected_fusion_vibration_current_cross_condition_seed43_predictions.csv,majority_vote,42,cross_condition,MultisourceFusionNet,vibration_current,43,0.0,no_scalars,corrected_formal_train_only_zscore,,,0.9285714285714286,0.9407051282051282,0.9375,0.9382971014492754,0.9294824016563148,0.9166666666666666
corrected_fusion_vibration_current_cross_condition_seed44_predictions.csv,mean_probability,42,cross_condition,MultisourceFusionNet,vibration_current,44,0.0,no_scalars,corrected_formal_train_only_zscore,,,0.9285714285714286,0.95,0.9375,0.9386253842775582,0.9298575820314948,0.8333333333333334
corrected_fusion_vibration_current_cross_condition_seed44_predictions.csv,majority_vote,42,cross_condition,MultisourceFusionNet,vibration_current,44,0.0,no_scalars,corrected_formal_train_only_zscore,,,0.9285714285714286,0.95,0.9375,0.9386253842775582,0.9298575820314948,0.8333333333333334
corrected_fusion_vibration_current_cross_load_seed42_predictions.csv,mean_probability,42,cross_load,MultisourceFusionNet,vibration_current,42,0.0,no_scalars,corrected_formal_train_only_zscore,,,0.8333333333333334,0.8205357142857144,0.8333333333333334,0.8184315684315684,0.8333095475952619,0.6666666666666666
corrected_fusion_vibration_current_cross_load_seed42_predictions.csv,majority_vote,42,cross_load,MultisourceFusionNet,vibration_current,42,0.0,no_scalars,corrected_formal_train_only_zscore,,,0.8095238095238095,0.7928571428571429,0.7916666666666666,0.7851592851592851,0.8094128094128094,0.6666666666666666
corrected_fusion_vibration_current_cross_load_seed43_predictions.csv,mean_probability,42,cross_load,MultisourceFusionNet,vibration_current,43,0.0,no_scalars,corrected_formal_train_only_zscore,,,0.7857142857142857,0.8453947368421053,0.8125,0.8078341013824885,0.7803818301514154,0.5
corrected_fusion_vibration_current_cross_load_seed43_predictions.csv,majority_vote,42,cross_load,MultisourceFusionNet,vibration_current,43,0.0,no_scalars,corrected_formal_train_only_zscore,,,0.7857142857142857,0.8453947368421053,0.8125,0.8078341013824885,0.7803818301514154,0.5
corrected_fusion_vibration_current_cross_load_seed44_predictions.csv,mean_probability,42,cross_load,MultisourceFusionNet,vibration_current,44,0.0,no_scalars,corrected_formal_train_only_zscore,,,0.9761904761904762,0.9807692307692308,0.9791666666666666,0.9791304347826086,0.9761490683229812,0.9166666666666666
corrected_fusion_vibration_current_cross_load_seed44_predictions.csv,majority_vote,42,cross_load,MultisourceFusionNet,vibration_current,44,0.0,no_scalars,corrected_formal_train_only_zscore,,,0.9523809523809524,0.9642857142857144,0.9583333333333334,0.958041958041958,0.952047952047952,0.8333333333333334
corrected_fusion_vibration_current_cross_rpm_seed42_predictions.csv,mean_probability,28,cross_rpm,MultisourceFusionNet,vibration_current,42,0.0,no_scalars,corrected_formal_train_only_zscore,,,0.5714285714285714,0.7666666666666667,0.5416666666666666,0.5169856459330143,0.533526999316473,0.25
corrected_fusion_vibration_current_cross_rpm_seed42_predictions.csv,majority_vote,28,cross_rpm,MultisourceFusionNet,vibration_current,42,0.0,no_scalars,corrected_formal_train_only_zscore,,,0.5714285714285714,0.7760416666666666,0.5416666666666666,0.5188405797101449,0.537888198757764,0.25
corrected_fusion_vibration_current_cross_rpm_seed43_predictions.csv,mean_probability,28,cross_rpm,MultisourceFusionNet,vibration_current,43,0.0,no_scalars,corrected_formal_train_only_zscore,,,0.8214285714285714,0.8958333333333334,0.8194444444444444,0.8315319548872181,0.8328074650912997,0.75
corrected_fusion_vibration_current_cross_rpm_seed43_predictions.csv,majority_vote,28,cross_rpm,MultisourceFusionNet,vibration_current,43,0.0,no_scalars,corrected_formal_train_only_zscore,,,0.8214285714285714,0.8958333333333334,0.8194444444444444,0.8315319548872181,0.8328074650912997,0.75
corrected_fusion_vibration_current_cross_rpm_seed44_predictions.csv,mean_probability,28,cross_rpm,MultisourceFusionNet,vibration_current,44,0.0,no_scalars,corrected_formal_train_only_zscore,,,0.75,0.834090909090909,0.7881944444444444,0.7650186071238703,0.729987848408901,0.375
corrected_fusion_vibration_current_cross_rpm_seed44_predictions.csv,majority_vote,28,cross_rpm,MultisourceFusionNet,vibration_current,44,0.0,no_scalars,corrected_formal_train_only_zscore,,,0.75,0.8533653846153846,0.7881944444444444,0.7672459893048128,0.7384071810542397,0.375
corrected_fusion_vibration_current_cross_rpm_seed45_predictions.csv,mean_probability,28,cross_rpm,MultisourceFusionNet,vibration_current,45,0.0,no_scalars,corrected_formal_train_only_zscore,,,0.8571428571428571,0.8909722222222223,0.7847222222222222,0.7777777777777778,0.8301587301587302,0.25
corrected_fusion_vibration_current_cross_rpm_seed45_predictions.csv,majority_vote,28,cross_rpm,MultisourceFusionNet,vibration_current,45,0.0,no_scalars,corrected_formal_train_only_zscore,,,0.8571428571428571,0.8909722222222223,0.7847222222222222,0.7777777777777778,0.8301587301587302,0.25
corrected_fusion_vibration_current_cross_rpm_seed46_predictions.csv,mean_probability,28,cross_rpm,MultisourceFusionNet,vibration_current,46,0.0,no_scalars,corrected_formal_train_only_zscore,,,0.6428571428571429,0.8177083333333334,0.6701388888888888,0.6694899303594956,0.644752762765185,0.375
corrected_fusion_vibration_current_cross_rpm_seed46_predictions.csv,majority_vote,28,cross_rpm,MultisourceFusionNet,vibration_current,46,0.0,no_scalars,corrected_formal_train_only_zscore,,,0.6428571428571429,0.8177083333333334,0.6701388888888888,0.6694899303594956,0.644752762765185,0.375
corrected_fusion_vibration_current_rpm_load_cross_condition_seed42_predictions.csv,mean_probability,42,cross_condition,MultisourceFusionNet,vibration_current_rpm_load,42,28.0,auxiliary_context_28,posthoc_exploratory_same_holdout,,,1.0,1.0,1.0,1.0,1.0,1.0
corrected_fusion_vibration_current_rpm_load_cross_condition_seed42_predictions.csv,majority_vote,42,cross_condition,MultisourceFusionNet,vibration_current_rpm_load,42,28.0,auxiliary_context_28,posthoc_exploratory_same_holdout,,,1.0,1.0,1.0,1.0,1.0,1.0
corrected_fusion_vibration_current_rpm_load_cross_condition_seed43_predictions.csv,mean_probability,42,cross_condition,MultisourceFusionNet,vibration_current_rpm_load,43,28.0,auxiliary_context_28,posthoc_exploratory_same_holdout,,,1.0,1.0,1.0,1.0,1.0,1.0
corrected_fusion_vibration_current_rpm_load_cross_condition_seed43_predictions.csv,majority_vote,42,cross_condition,MultisourceFusionNet,vibration_current_rpm_load,43,28.0,auxiliary_context_28,posthoc_exploratory_same_holdout,,,1.0,1.0,1.0,1.0,1.0,1.0
corrected_fusion_vibration_current_rpm_load_cross_condition_seed44_predictions.csv,mean_probability,42,cross_condition,MultisourceFusionNet,vibration_current_rpm_load,44,28.0,auxiliary_context_28,posthoc_exploratory_same_holdout,,,0.9761904761904762,0.9642857142857144,0.9791666666666666,0.9698996655518396,0.9765886287625418,0.9166666666666666
corrected_fusion_vibration_current_rpm_load_cross_condition_seed44_predictions.csv,majority_vote,42,cross_condition,MultisourceFusionNet,vibration_current_rpm_load,44,28.0,auxiliary_context_28,posthoc_exploratory_same_holdout,,,0.9761904761904762,0.9642857142857144,0.9791666666666666,0.9698996655518396,0.9765886287625418,0.9166666666666666
corrected_fusion_vibration_current_rpm_load_cross_load_seed42_predictions.csv,mean_probability,42,cross_load,MultisourceFusionNet,vibration_current_rpm_load,42,28.0,auxiliary_context_28,posthoc_exploratory_same_holdout,,,0.9523809523809524,0.9642857142857144,0.9583333333333334,0.958041958041958,0.952047952047952,0.8333333333333334
corrected_fusion_vibration_current_rpm_load_cross_load_seed42_predictions.csv,majority_vote,42,cross_load,MultisourceFusionNet,vibration_current_rpm_load,42,28.0,auxiliary_context_28,posthoc_exploratory_same_holdout,,,0.9523809523809524,0.9642857142857144,0.9583333333333334,0.958041958041958,0.952047952047952,0.8333333333333334
corrected_fusion_vibration_current_rpm_load_cross_load_seed43_predictions.csv,mean_probability,42,cross_load,MultisourceFusionNet,vibration_current_rpm_load,43,28.0,auxiliary_context_28,posthoc_exploratory_same_holdout,,,1.0,1.0,1.0,1.0,1.0,1.0
corrected_fusion_vibration_current_rpm_load_cross_load_seed43_predictions.csv,majority_vote,42,cross_load,MultisourceFusionNet,vibration_current_rpm_load,43,28.0,auxiliary_context_28,posthoc_exploratory_same_holdout,,,1.0,1.0,1.0,1.0,1.0,1.0
corrected_fusion_vibration_current_rpm_load_cross_load_seed44_predictions.csv,mean_probability,42,cross_load,MultisourceFusionNet,vibration_current_rpm_load,44,28.0,auxiliary_context_28,posthoc_exploratory_same_holdout,,,0.9523809523809524,0.9434523809523808,0.9583333333333331,0.9490663322185062,0.952779104953018,0.9166666666666666
corrected_fusion_vibration_current_rpm_load_cross_load_seed44_predictions.csv,majority_vote,42,cross_load,MultisourceFusionNet,vibration_current_rpm_load,44,28.0,auxiliary_context_28,posthoc_exploratory_same_holdout,,,0.9523809523809524,0.9434523809523808,0.9583333333333331,0.9490663322185062,0.952779104953018,0.9166666666666666
corrected_fusion_vibration_current_rpm_load_cross_rpm_seed42_predictions.csv,mean_probability,28,cross_rpm,MultisourceFusionNet,vibration_current_rpm_load,42,28.0,auxiliary_context_28,posthoc_exploratory_same_holdout,,,0.8928571428571429,0.925,0.9097222222222222,0.9054621848739496,0.8961584633853541,0.75
corrected_fusion_vibration_current_rpm_load_cross_rpm_seed42_predictions.csv,majority_vote,28,cross_rpm,MultisourceFusionNet,vibration_current_rpm_load,42,28.0,auxiliary_context_28,posthoc_exploratory_same_holdout,,,0.8928571428571429,0.925,0.9097222222222222,0.9054621848739496,0.8961584633853541,0.75
corrected_fusion_vibration_current_rpm_load_cross_rpm_seed43_predictions.csv,mean_probability,28,cross_rpm,MultisourceFusionNet,vibration_current_rpm_load,43,28.0,auxiliary_context_28,posthoc_exploratory_same_holdout,,,0.8571428571428571,0.8972222222222221,0.8784722222222222,0.870412267471091,0.8542340012928248,0.625
corrected_fusion_vibration_current_rpm_load_cross_rpm_seed43_predictions.csv,majority_vote,28,cross_rpm,MultisourceFusionNet,vibration_current_rpm_load,43,28.0,auxiliary_context_28,posthoc_exploratory_same_holdout,,,0.8571428571428571,0.9090909090909092,0.8784722222222222,0.8720462543991956,0.8596028154851686,0.625
corrected_fusion_vibration_current_rpm_load_cross_rpm_seed44_predictions.csv,mean_probability,28,cross_rpm,MultisourceFusionNet,vibration_current_rpm_load,44,28.0,auxiliary_context_28,posthoc_exploratory_same_holdout,,,0.9642857142857144,0.9722222222222222,0.9722222222222222,0.9705882352941176,0.9642857142857144,0.8888888888888888
corrected_fusion_vibration_current_rpm_load_cross_rpm_seed44_predictions.csv,majority_vote,28,cross_rpm,MultisourceFusionNet,vibration_current_rpm_load,44,28.0,auxiliary_context_28,posthoc_exploratory_same_holdout,,,0.9642857142857144,0.9722222222222222,0.9722222222222222,0.9705882352941176,0.9642857142857144,0.8888888888888888
corrected_fusion_vibration_current_rpm_load_cross_rpm_seed45_predictions.csv,mean_probability,28,cross_rpm,MultisourceFusionNet,vibration_current_rpm_load,45,28.0,auxiliary_context_28,posthoc_exploratory_same_holdout,,,1.0,1.0,1.0,1.0,1.0,1.0
corrected_fusion_vibration_current_rpm_load_cross_rpm_seed45_predictions.csv,majority_vote,28,cross_rpm,MultisourceFusionNet,vibration_current_rpm_load,45,28.0,auxiliary_context_28,posthoc_exploratory_same_holdout,,,1.0,1.0,1.0,1.0,1.0,1.0
corrected_fusion_vibration_current_rpm_load_cross_rpm_seed46_predictions.csv,mean_probability,28,cross_rpm,MultisourceFusionNet,vibration_current_rpm_load,46,28.0,auxiliary_context_28,posthoc_exploratory_same_holdout,,,0.9285714285714286,0.9444444444444444,0.9409722222222222,0.9373774509803922,0.9307948179271708,0.875
corrected_fusion_vibration_current_rpm_load_cross_rpm_seed46_predictions.csv,majority_vote,28,cross_rpm,MultisourceFusionNet,vibration_current_rpm_load,46,28.0,auxiliary_context_28,posthoc_exploratory_same_holdout,,,0.9285714285714286,0.9444444444444444,0.9409722222222222,0.9373774509803922,0.9307948179271708,0.875
corrected_fusion_vibration_current_rpm_load_only_cross_condition_seed42_predictions.csv,mean_probability,42,cross_condition,MultisourceFusionNet,vibration_current_rpm_load_only,42,2.0,context_2,corrected_formal_train_only_zscore,,,0.9761904761904762,0.9807692307692308,0.9791666666666666,0.9791304347826086,0.9761490683229812,0.9166666666666666
corrected_fusion_vibration_current_rpm_load_only_cross_condition_seed42_predictions.csv,majority_vote,42,cross_condition,MultisourceFusionNet,vibration_current_rpm_load_only,42,2.0,context_2,corrected_formal_train_only_zscore,,,0.9761904761904762,0.9807692307692308,0.9791666666666666,0.9791304347826086,0.9761490683229812,0.9166666666666666
corrected_fusion_vibration_current_rpm_load_only_cross_condition_seed43_predictions.csv,mean_probability,42,cross_condition,MultisourceFusionNet,vibration_current_rpm_load_only,43,2.0,context_2,corrected_formal_train_only_zscore,,,0.9285714285714286,0.9407051282051282,0.9375,0.9382971014492754,0.9294824016563148,0.9166666666666666
corrected_fusion_vibration_current_rpm_load_only_cross_condition_seed43_predictions.csv,majority_vote,42,cross_condition,MultisourceFusionNet,vibration_current_rpm_load_only,43,2.0,context_2,corrected_formal_train_only_zscore,,,0.9285714285714286,0.9407051282051282,0.9375,0.9382971014492754,0.9294824016563148,0.9166666666666666
corrected_fusion_vibration_current_rpm_load_only_cross_condition_seed44_predictions.csv,mean_probability,42,cross_condition,MultisourceFusionNet,vibration_current_rpm_load_only,44,2.0,context_2,corrected_formal_train_only_zscore,,,0.9285714285714286,0.95,0.9375,0.9365079365079364,0.927437641723356,0.75
corrected_fusion_vibration_current_rpm_load_only_cross_condition_seed44_predictions.csv,majority_vote,42,cross_condition,MultisourceFusionNet,vibration_current_rpm_load_only,44,2.0,context_2,corrected_formal_train_only_zscore,,,0.9523809523809524,0.9642857142857144,0.9583333333333334,0.958041958041958,0.952047952047952,0.8333333333333334
corrected_fusion_vibration_current_rpm_load_only_cross_load_seed42_predictions.csv,mean_probability,42,cross_load,MultisourceFusionNet,vibration_current_rpm_load_only,42,2.0,context_2,corrected_formal_train_only_zscore,,,0.7380952380952381,0.8373015873015873,0.7083333333333334,0.7294372294372293,0.738404452690167,0.5
corrected_fusion_vibration_current_rpm_load_only_cross_load_seed42_predictions.csv,majority_vote,42,cross_load,MultisourceFusionNet,vibration_current_rpm_load_only,42,2.0,context_2,corrected_formal_train_only_zscore,,,0.7142857142857143,0.8308080808080808,0.6666666666666667,0.6824229691876751,0.7084833933573429,0.3333333333333333
corrected_fusion_vibration_current_rpm_load_only_cross_load_seed43_predictions.csv,mean_probability,42,cross_load,MultisourceFusionNet,vibration_current_rpm_load_only,43,2.0,context_2,corrected_formal_train_only_zscore,,,0.9761904761904762,0.9807692307692308,0.9791666666666666,0.9791304347826086,0.9761490683229812,0.9166666666666666
corrected_fusion_vibration_current_rpm_load_only_cross_load_seed43_predictions.csv,majority_vote,42,cross_load,MultisourceFusionNet,vibration_current_rpm_load_only,43,2.0,context_2,corrected_formal_train_only_zscore,,,0.9761904761904762,0.9807692307692308,0.9791666666666666,0.9791304347826086,0.9761490683229812,0.9166666666666666
corrected_fusion_vibration_current_rpm_load_only_cross_load_seed44_predictions.csv,mean_probability,42,cross_load,MultisourceFusionNet,vibration_current_rpm_load_only,44,2.0,context_2,corrected_formal_train_only_zscore,,,0.9761904761904762,0.9807692307692308,0.9791666666666666,0.9791304347826086,0.9761490683229812,0.9166666666666666
corrected_fusion_vibration_current_rpm_load_only_cross_load_seed44_predictions.csv,majority_vote,42,cross_load,MultisourceFusionNet,vibration_current_rpm_load_only,44,2.0,context_2,corrected_formal_train_only_zscore,,,0.9523809523809524,0.9642857142857144,0.9583333333333334,0.958041958041958,0.952047952047952,0.8333333333333334
corrected_fusion_vibration_current_rpm_load_only_cross_rpm_seed42_predictions.csv,mean_probability,28,cross_rpm,MultisourceFusionNet,vibration_current_rpm_load_only,42,2.0,context_2,corrected_formal_train_only_zscore,,,0.7857142857142857,0.8590909090909091,0.7847222222222222,0.7859231411862991,0.7780463062417949,0.5
corrected_fusion_vibration_current_rpm_load_only_cross_rpm_seed42_predictions.csv,majority_vote,28,cross_rpm,MultisourceFusionNet,vibration_current_rpm_load_only,42,2.0,context_2,corrected_formal_train_only_zscore,,,0.7857142857142857,0.8590909090909091,0.7847222222222222,0.7859231411862991,0.7780463062417949,0.5
corrected_fusion_vibration_current_rpm_load_only_cross_rpm_seed43_predictions.csv,mean_probability,28,cross_rpm,MultisourceFusionNet,vibration_current_rpm_load_only,43,2.0,context_2,corrected_formal_train_only_zscore,,,0.6428571428571429,0.7569444444444444,0.6006944444444444,0.586111111111111,0.6166666666666666,0.25
corrected_fusion_vibration_current_rpm_load_only_cross_rpm_seed43_predictions.csv,majority_vote,28,cross_rpm,MultisourceFusionNet,vibration_current_rpm_load_only,43,2.0,context_2,corrected_formal_train_only_zscore,,,0.6428571428571429,0.74375,0.6006944444444444,0.5879336349924585,0.6203835380305968,0.25
corrected_fusion_vibration_current_rpm_load_only_cross_rpm_seed44_predictions.csv,mean_probability,28,cross_rpm,MultisourceFusionNet,vibration_current_rpm_load_only,44,2.0,context_2,corrected_formal_train_only_zscore,,,0.8571428571428571,0.8854166666666666,0.8159722222222222,0.8281045751633986,0.8495798319327731,0.5
corrected_fusion_vibration_current_rpm_load_only_cross_rpm_seed44_predictions.csv,majority_vote,28,cross_rpm,MultisourceFusionNet,vibration_current_rpm_load_only,44,2.0,context_2,corrected_formal_train_only_zscore,,,0.8571428571428571,0.8854166666666666,0.8159722222222222,0.8281045751633986,0.8495798319327731,0.5
corrected_fusion_vibration_current_rpm_load_only_cross_rpm_seed45_predictions.csv,mean_probability,28,cross_rpm,MultisourceFusionNet,vibration_current_rpm_load_only,45,2.0,context_2,corrected_formal_train_only_zscore,,,0.7857142857142857,0.8381944444444445,0.7256944444444444,0.7176470588235294,0.7630252100840336,0.25
corrected_fusion_vibration_current_rpm_load_only_cross_rpm_seed45_predictions.csv,majority_vote,28,cross_rpm,MultisourceFusionNet,vibration_current_rpm_load_only,45,2.0,context_2,corrected_formal_train_only_zscore,,,0.75,0.8104166666666667,0.6944444444444444,0.688235294117647,0.7294117647058824,0.25
corrected_fusion_vibration_current_rpm_load_only_cross_rpm_seed46_predictions.csv,mean_probability,28,cross_rpm,MultisourceFusionNet,vibration_current_rpm_load_only,46,2.0,context_2,corrected_formal_train_only_zscore,,,0.7142857142857143,0.8392857142857143,0.7291666666666666,0.7351190476190476,0.7206632653061223,0.5
corrected_fusion_vibration_current_rpm_load_only_cross_rpm_seed46_predictions.csv,majority_vote,28,cross_rpm,MultisourceFusionNet,vibration_current_rpm_load_only,46,2.0,context_2,corrected_formal_train_only_zscore,,,0.7142857142857143,0.8392857142857143,0.7291666666666666,0.7351190476190476,0.7206632653061223,0.5
corrected_fusion_vibration_current_rpm_load_only_source_file_seed42_predictions.csv,mean_probability,12,source_file,MultisourceFusionNet,vibration_current_rpm_load_only,42,2.0,context_2,corrected_formal_train_only_zscore,,,0.9166666666666666,0.9375,0.9375,0.9285714285714286,0.9166666666666666,0.75
corrected_fusion_vibration_current_rpm_load_only_source_file_seed42_predictions.csv,majority_vote,12,source_file,MultisourceFusionNet,vibration_current_rpm_load_only,42,2.0,context_2,corrected_formal_train_only_zscore,,,0.9166666666666666,0.9375,0.9375,0.9285714285714286,0.9166666666666666,0.75
corrected_fusion_vibration_current_rpm_load_only_source_file_seed43_predictions.csv,mean_probability,12,source_file,MultisourceFusionNet,vibration_current_rpm_load_only,43,2.0,context_2,corrected_formal_train_only_zscore,,,0.75,0.7916666666666666,0.7916666666666666,0.7857142857142857,0.75,0.5
corrected_fusion_vibration_current_rpm_load_only_source_file_seed43_predictions.csv,majority_vote,12,source_file,MultisourceFusionNet,vibration_current_rpm_load_only,43,2.0,context_2,corrected_formal_train_only_zscore,,,0.8333333333333334,0.8541666666666666,0.8541666666666666,0.8541666666666666,0.8333333333333334,0.6666666666666666
corrected_fusion_vibration_current_rpm_load_only_source_file_seed44_predictions.csv,mean_probability,12,source_file,MultisourceFusionNet,vibration_current_rpm_load_only,44,2.0,context_2,corrected_formal_train_only_zscore,,,0.8333333333333334,0.9,0.875,0.8541666666666666,0.8263888888888888,0.5
corrected_fusion_vibration_current_rpm_load_only_source_file_seed44_predictions.csv,majority_vote,12,source_file,MultisourceFusionNet,vibration_current_rpm_load_only,44,2.0,context_2,corrected_formal_train_only_zscore,,,0.8333333333333334,0.9,0.875,0.8541666666666666,0.8263888888888888,0.5
corrected_fusion_vibration_current_rpm_load_source_file_seed42_predictions.csv,mean_probability,12,source_file,MultisourceFusionNet,vibration_current_rpm_load,42,28.0,auxiliary_context_28,posthoc_exploratory_same_holdout,,,1.0,1.0,1.0,1.0,1.0,1.0
corrected_fusion_vibration_current_rpm_load_source_file_seed42_predictions.csv,majority_vote,12,source_file,MultisourceFusionNet,vibration_current_rpm_load,42,28.0,auxiliary_context_28,posthoc_exploratory_same_holdout,,,1.0,1.0,1.0,1.0,1.0,1.0
corrected_fusion_vibration_current_rpm_load_source_file_seed43_predictions.csv,mean_probability,12,source_file,MultisourceFusionNet,vibration_current_rpm_load,43,28.0,auxiliary_context_28,posthoc_exploratory_same_holdout,,,1.0,1.0,1.0,1.0,1.0,1.0
corrected_fusion_vibration_current_rpm_load_source_file_seed43_predictions.csv,majority_vote,12,source_file,MultisourceFusionNet,vibration_current_rpm_load,43,28.0,auxiliary_context_28,posthoc_exploratory_same_holdout,,,1.0,1.0,1.0,1.0,1.0,1.0
corrected_fusion_vibration_current_rpm_load_source_file_seed44_predictions.csv,mean_probability,12,source_file,MultisourceFusionNet,vibration_current_rpm_load,44,28.0,auxiliary_context_28,posthoc_exploratory_same_holdout,,,1.0,1.0,1.0,1.0,1.0,1.0
corrected_fusion_vibration_current_rpm_load_source_file_seed44_predictions.csv,majority_vote,12,source_file,MultisourceFusionNet,vibration_current_rpm_load,44,28.0,auxiliary_context_28,posthoc_exploratory_same_holdout,,,1.0,1.0,1.0,1.0,1.0,1.0
corrected_fusion_vibration_current_source_file_seed42_predictions.csv,mean_probability,12,source_file,MultisourceFusionNet,vibration_current,42,0.0,no_scalars,corrected_formal_train_only_zscore,,,0.9166666666666666,0.9375,0.9375,0.9285714285714286,0.9166666666666666,0.75
corrected_fusion_vibration_current_source_file_seed42_predictions.csv,majority_vote,12,source_file,MultisourceFusionNet,vibration_current,42,0.0,no_scalars,corrected_formal_train_only_zscore,,,0.9166666666666666,0.9375,0.9375,0.9285714285714286,0.9166666666666666,0.75
corrected_fusion_vibration_current_source_file_seed43_predictions.csv,mean_probability,12,source_file,MultisourceFusionNet,vibration_current,43,0.0,no_scalars,corrected_formal_train_only_zscore,,,0.9166666666666666,0.9375,0.9375,0.9285714285714286,0.9166666666666666,0.75
corrected_fusion_vibration_current_source_file_seed43_predictions.csv,majority_vote,12,source_file,MultisourceFusionNet,vibration_current,43,0.0,no_scalars,corrected_formal_train_only_zscore,,,0.9166666666666666,0.9375,0.9375,0.9285714285714286,0.9166666666666666,0.75
corrected_fusion_vibration_current_source_file_seed44_predictions.csv,mean_probability,12,source_file,MultisourceFusionNet,vibration_current,44,0.0,no_scalars,corrected_formal_train_only_zscore,,,0.9166666666666666,0.9375,0.9375,0.9285714285714286,0.9166666666666666,0.75
corrected_fusion_vibration_current_source_file_seed44_predictions.csv,majority_vote,12,source_file,MultisourceFusionNet,vibration_current,44,0.0,no_scalars,corrected_formal_train_only_zscore,,,0.9166666666666666,0.9375,0.9375,0.9285714285714286,0.9166666666666666,0.75
formal_dl_cnn_vib_current_cross_condition_length8192_seed42_predictions.csv,mean_probability,42,cross_condition,cnn,vib_current,42,,vib_current,corrected_formal_train_only_zscore,length8192,8192.0,0.9523809523809524,0.9599358974358976,0.9583333333333331,0.9582971014492754,0.9523395445134576,0.9166666666666666
formal_dl_cnn_vib_current_cross_condition_length8192_seed42_predictions.csv,majority_vote,42,cross_condition,cnn,vib_current,42,,vib_current,corrected_formal_train_only_zscore,length8192,8192.0,0.9523809523809524,0.9599358974358976,0.9583333333333331,0.9582971014492754,0.9523395445134576,0.9166666666666666
formal_dl_cnn_vib_current_cross_condition_length8192_seed43_predictions.csv,mean_probability,42,cross_condition,cnn,vib_current,43,,vib_current,corrected_formal_train_only_zscore,length8192,8192.0,0.9523809523809524,0.9615384615384616,0.9583333333333334,0.9572727272727272,0.9511688311688312,0.8333333333333334
formal_dl_cnn_vib_current_cross_condition_length8192_seed43_predictions.csv,majority_vote,42,cross_condition,cnn,vib_current,43,,vib_current,corrected_formal_train_only_zscore,length8192,8192.0,0.9523809523809524,0.9615384615384616,0.9583333333333334,0.9572727272727272,0.9511688311688312,0.8333333333333334
formal_dl_cnn_vib_current_cross_condition_length8192_seed44_predictions.csv,mean_probability,42,cross_condition,cnn,vib_current,44,,vib_current,corrected_formal_train_only_zscore,length8192,8192.0,0.9523809523809524,0.9599358974358976,0.9583333333333331,0.9582971014492754,0.9523395445134576,0.9166666666666666
formal_dl_cnn_vib_current_cross_condition_length8192_seed44_predictions.csv,majority_vote,42,cross_condition,cnn,vib_current,44,,vib_current,corrected_formal_train_only_zscore,length8192,8192.0,0.9523809523809524,0.9599358974358976,0.9583333333333331,0.9582971014492754,0.9523395445134576,0.9166666666666666
formal_dl_cnn_vib_current_cross_load_length8192_seed42_predictions.csv,mean_probability,42,cross_load,cnn,vib_current,42,,vib_current,corrected_formal_train_only_zscore,length8192,8192.0,0.9047619047619048,0.9375,0.9166666666666666,0.9142857142857144,0.9020408163265308,0.6666666666666666
formal_dl_cnn_vib_current_cross_load_length8192_seed42_predictions.csv,majority_vote,42,cross_load,cnn,vib_current,42,,vib_current,corrected_formal_train_only_zscore,length8192,8192.0,0.9047619047619048,0.9375,0.9166666666666666,0.9142857142857144,0.9020408163265308,0.6666666666666666
formal_dl_cnn_vib_current_cross_load_length8192_seed43_predictions.csv,mean_probability,42,cross_load,cnn,vib_current,43,,vib_current,corrected_formal_train_only_zscore,length8192,8192.0,0.9285714285714286,0.95,0.9375,0.9365079365079364,0.927437641723356,0.75
formal_dl_cnn_vib_current_cross_load_length8192_seed43_predictions.csv,majority_vote,42,cross_load,cnn,vib_current,43,,vib_current,corrected_formal_train_only_zscore,length8192,8192.0,0.9047619047619048,0.9375,0.8958333333333334,0.905844155844156,0.9053803339517624,0.75
formal_dl_cnn_vib_current_cross_load_length8192_seed44_predictions.csv,mean_probability,42,cross_load,cnn,vib_current,44,,vib_current,corrected_formal_train_only_zscore,length8192,8192.0,0.9761904761904762,0.9807692307692308,0.9791666666666666,0.9791304347826086,0.9761490683229812,0.9166666666666666
formal_dl_cnn_vib_current_cross_load_length8192_seed44_predictions.csv,majority_vote,42,cross_load,cnn,vib_current,44,,vib_current,corrected_formal_train_only_zscore,length8192,8192.0,1.0,1.0,1.0,1.0,1.0,1.0
formal_dl_cnn_vib_current_cross_rpm_length8192_seed42_predictions.csv,mean_probability,28,cross_rpm,cnn,vib_current,42,,vib_current,corrected_formal_train_only_zscore,length8192,8192.0,0.5357142857142857,0.5138888888888888,0.4861111111111111,0.4367032967032967,0.5010675039246467,0.0
formal_dl_cnn_vib_current_cross_rpm_length8192_seed42_predictions.csv,majority_vote,28,cross_rpm,cnn,vib_current,42,,vib_current,corrected_formal_train_only_zscore,length8192,8192.0,0.5357142857142857,0.5138888888888888,0.4861111111111111,0.4367032967032967,0.5010675039246467,0.0
formal_dl_cnn_vib_current_cross_rpm_length8192_seed43_predictions.csv,mean_probability,28,cross_rpm,cnn,vib_current,43,,vib_current,corrected_formal_train_only_zscore,length8192,8192.0,0.8928571428571429,0.9097222222222222,0.8819444444444444,0.888795518207283,0.8893957583033212,0.75
formal_dl_cnn_vib_current_cross_rpm_length8192_seed43_predictions.csv,majority_vote,28,cross_rpm,cnn,vib_current,43,,vib_current,corrected_formal_train_only_zscore,length8192,8192.0,0.8928571428571429,0.91875,0.8819444444444444,0.8885912698412698,0.891000566893424,0.75
formal_dl_cnn_vib_current_cross_rpm_length8192_seed44_predictions.csv,mean_probability,28,cross_rpm,cnn,vib_current,44,,vib_current,corrected_formal_train_only_zscore,length8192,8192.0,0.8214285714285714,0.8733766233766234,0.8541666666666666,0.8444444444444446,0.823015873015873,0.6666666666666666
formal_dl_cnn_vib_current_cross_rpm_length8192_seed44_predictions.csv,majority_vote,28,cross_rpm,cnn,vib_current,44,,vib_current,corrected_formal_train_only_zscore,length8192,8192.0,0.8214285714285714,0.8733766233766234,0.8541666666666666,0.8444444444444446,0.823015873015873,0.6666666666666666
formal_dl_cnn_vib_current_cross_rpm_sensitivity12800_seed42_predictions.csv,mean_probability,28,cross_rpm,cnn,vib_current,42,,vib_current,corrected_input_length_sensitivity,sensitivity12800,12800.0,0.75,0.8257575757575757,0.7291666666666666,0.7375816993464052,0.7485060690943044,0.5
formal_dl_cnn_vib_current_cross_rpm_sensitivity12800_seed42_predictions.csv,majority_vote,28,cross_rpm,cnn,vib_current,42,,vib_current,corrected_input_length_sensitivity,sensitivity12800,12800.0,0.75,0.8257575757575757,0.7291666666666666,0.7375816993464052,0.7485060690943044,0.5
formal_dl_cnn_vib_current_cross_rpm_sensitivity12800_seed43_predictions.csv,mean_probability,28,cross_rpm,cnn,vib_current,43,,vib_current,corrected_input_length_sensitivity,sensitivity12800,12800.0,0.8928571428571429,0.9166666666666666,0.8819444444444444,0.8870798319327732,0.8913565426170468,0.75
formal_dl_cnn_vib_current_cross_rpm_sensitivity12800_seed43_predictions.csv,majority_vote,28,cross_rpm,cnn,vib_current,43,,vib_current,corrected_input_length_sensitivity,sensitivity12800,12800.0,0.8928571428571429,0.9166666666666666,0.8819444444444444,0.8870798319327732,0.8913565426170468,0.75
formal_dl_cnn_vib_current_cross_rpm_sensitivity12800_seed44_predictions.csv,mean_probability,28,cross_rpm,cnn,vib_current,44,,vib_current,corrected_input_length_sensitivity,sensitivity12800,12800.0,0.75,0.8340909090909091,0.6979166666666666,0.6900928792569659,0.7306943830163645,0.25
formal_dl_cnn_vib_current_cross_rpm_sensitivity12800_seed44_predictions.csv,majority_vote,28,cross_rpm,cnn,vib_current,44,,vib_current,corrected_input_length_sensitivity,sensitivity12800,12800.0,0.75,0.8340909090909091,0.6979166666666666,0.6900928792569659,0.7306943830163645,0.25
formal_dl_cnn_vib_current_cross_rpm_sensitivity8192_seed42_predictions.csv,mean_probability,28,cross_rpm,cnn,vib_current,42,,vib_current,corrected_input_length_sensitivity,sensitivity8192,8192.0,0.5357142857142857,0.5138888888888888,0.4861111111111111,0.4367032967032967,0.5010675039246467,0.0
formal_dl_cnn_vib_current_cross_rpm_sensitivity8192_seed42_predictions.csv,majority_vote,28,cross_rpm,cnn,vib_current,42,,vib_current,corrected_input_length_sensitivity,sensitivity8192,8192.0,0.5357142857142857,0.5138888888888888,0.4861111111111111,0.4367032967032967,0.5010675039246467,0.0
formal_dl_cnn_vib_current_cross_rpm_sensitivity8192_seed43_predictions.csv,mean_probability,28,cross_rpm,cnn,vib_current,43,,vib_current,corrected_input_length_sensitivity,sensitivity8192,8192.0,0.8928571428571429,0.9097222222222222,0.8819444444444444,0.888795518207283,0.8893957583033212,0.75
formal_dl_cnn_vib_current_cross_rpm_sensitivity8192_seed43_predictions.csv,majority_vote,28,cross_rpm,cnn,vib_current,43,,vib_current,corrected_input_length_sensitivity,sensitivity8192,8192.0,0.8928571428571429,0.91875,0.8819444444444444,0.8885912698412698,0.891000566893424,0.75
formal_dl_cnn_vib_current_cross_rpm_sensitivity8192_seed44_predictions.csv,mean_probability,28,cross_rpm,cnn,vib_current,44,,vib_current,corrected_input_length_sensitivity,sensitivity8192,8192.0,0.8214285714285714,0.8733766233766234,0.8541666666666666,0.8444444444444446,0.823015873015873,0.6666666666666666
formal_dl_cnn_vib_current_cross_rpm_sensitivity8192_seed44_predictions.csv,majority_vote,28,cross_rpm,cnn,vib_current,44,,vib_current,corrected_input_length_sensitivity,sensitivity8192,8192.0,0.8214285714285714,0.8733766233766234,0.8541666666666666,0.8444444444444446,0.823015873015873,0.6666666666666666
formal_dl_cnn_vib_current_source_file_length8192_seed42_predictions.csv,mean_probability,12,source_file,cnn,vib_current,42,,vib_current,corrected_formal_train_only_zscore,length8192,8192.0,0.8333333333333334,0.9,0.875,0.8541666666666666,0.8263888888888888,0.5
formal_dl_cnn_vib_current_source_file_length8192_seed42_predictions.csv,majority_vote,12,source_file,cnn,vib_current,42,,vib_current,corrected_formal_train_only_zscore,length8192,8192.0,0.8333333333333334,0.9,0.875,0.8541666666666666,0.8263888888888888,0.5
formal_dl_cnn_vib_current_source_file_length8192_seed43_predictions.csv,mean_probability,12,source_file,cnn,vib_current,43,,vib_current,corrected_formal_train_only_zscore,length8192,8192.0,0.8333333333333334,0.9,0.875,0.8541666666666666,0.8263888888888888,0.5
formal_dl_cnn_vib_current_source_file_length8192_seed43_predictions.csv,majority_vote,12,source_file,cnn,vib_current,43,,vib_current,corrected_formal_train_only_zscore,length8192,8192.0,0.9166666666666666,0.9375,0.9375,0.9285714285714286,0.9166666666666666,0.75
formal_dl_cnn_vib_current_source_file_length8192_seed44_predictions.csv,mean_probability,12,source_file,cnn,vib_current,44,,vib_current,corrected_formal_train_only_zscore,length8192,8192.0,0.8333333333333334,0.9,0.875,0.8541666666666666,0.8263888888888888,0.5
formal_dl_cnn_vib_current_source_file_length8192_seed44_predictions.csv,majority_vote,12,source_file,cnn,vib_current,44,,vib_current,corrected_formal_train_only_zscore,length8192,8192.0,0.8333333333333334,0.9,0.875,0.8541666666666666,0.8263888888888888,0.5
formal_dl_tcn_vib_current_cross_condition_length8192_seed42_predictions.csv,mean_probability,42,cross_condition,tcn,vib_current,42,,vib_current,corrected_formal_train_only_zscore,length8192,8192.0,0.9523809523809524,0.9599358974358976,0.9583333333333331,0.9582971014492754,0.9523395445134576,0.9166666666666666
formal_dl_tcn_vib_current_cross_condition_length8192_seed42_predictions.csv,majority_vote,42,cross_condition,tcn,vib_current,42,,vib_current,corrected_formal_train_only_zscore,length8192,8192.0,0.9523809523809524,0.9599358974358976,0.9583333333333331,0.9582971014492754,0.9523395445134576,0.9166666666666666
formal_dl_tcn_vib_current_cross_condition_length8192_seed43_predictions.csv,mean_probability,42,cross_condition,tcn,vib_current,43,,vib_current,corrected_formal_train_only_zscore,length8192,8192.0,0.9523809523809524,0.9599358974358976,0.9583333333333331,0.9582971014492754,0.9523395445134576,0.9166666666666666
formal_dl_tcn_vib_current_cross_condition_length8192_seed43_predictions.csv,majority_vote,42,cross_condition,tcn,vib_current,43,,vib_current,corrected_formal_train_only_zscore,length8192,8192.0,0.9523809523809524,0.9599358974358976,0.9583333333333331,0.9582971014492754,0.9523395445134576,0.9166666666666666
formal_dl_tcn_vib_current_cross_condition_length8192_seed44_predictions.csv,mean_probability,42,cross_condition,tcn,vib_current,44,,vib_current,corrected_formal_train_only_zscore,length8192,8192.0,0.9285714285714286,0.9372086247086248,0.9375,0.9365579710144928,0.9274948240165632,0.8333333333333334
formal_dl_tcn_vib_current_cross_condition_length8192_seed44_predictions.csv,majority_vote,42,cross_condition,tcn,vib_current,44,,vib_current,corrected_formal_train_only_zscore,length8192,8192.0,0.9285714285714286,0.9372086247086248,0.9375,0.9365579710144928,0.9274948240165632,0.8333333333333334
formal_dl_tcn_vib_current_cross_load_length8192_seed42_predictions.csv,mean_probability,42,cross_load,tcn,vib_current,42,,vib_current,corrected_formal_train_only_zscore,length8192,8192.0,0.7857142857142857,0.85,0.8125,0.767188693659282,0.7951544254065261,0.4166666666666667
formal_dl_tcn_vib_current_cross_load_length8192_seed42_predictions.csv,majority_vote,42,cross_load,tcn,vib_current,42,,vib_current,corrected_formal_train_only_zscore,length8192,8192.0,0.7619047619047619,0.84375,0.7916666666666667,0.7386363636363636,0.7662337662337662,0.3333333333333333
formal_dl_tcn_vib_current_cross_load_length8192_seed43_predictions.csv,mean_probability,42,cross_load,tcn,vib_current,43,,vib_current,corrected_formal_train_only_zscore,length8192,8192.0,0.6666666666666666,0.8081140350877193,0.7083333333333333,0.6491666666666667,0.6733333333333333,0.25
formal_dl_tcn_vib_current_cross_load_length8192_seed43_predictions.csv,majority_vote,42,cross_load,tcn,vib_current,43,,vib_current,corrected_formal_train_only_zscore,length8192,8192.0,0.6666666666666666,0.8097165991902835,0.7083333333333334,0.6442105263157895,0.6676691729323307,0.25
formal_dl_tcn_vib_current_cross_load_length8192_seed44_predictions.csv,mean_probability,42,cross_load,tcn,vib_current,44,,vib_current,corrected_formal_train_only_zscore,length8192,8192.0,0.8571428571428571,0.8671328671328672,0.875,0.8331372549019608,0.8513165266106443,0.5
formal_dl_tcn_vib_current_cross_load_length8192_seed44_predictions.csv,majority_vote,42,cross_load,tcn,vib_current,44,,vib_current,corrected_formal_train_only_zscore,length8192,8192.0,0.8333333333333334,0.8557692307692308,0.8541666666666666,0.8037254901960784,0.8233053221288515,0.4166666666666667
formal_dl_tcn_vib_current_cross_rpm_length8192_seed42_predictions.csv,mean_probability,28,cross_rpm,tcn,vib_current,42,,vib_current,corrected_formal_train_only_zscore,length8192,8192.0,0.4642857142857143,0.5833333333333333,0.4861111111111111,0.4455128205128205,0.418040293040293,0.0
formal_dl_tcn_vib_current_cross_rpm_length8192_seed42_predictions.csv,majority_vote,28,cross_rpm,tcn,vib_current,42,,vib_current,corrected_formal_train_only_zscore,length8192,8192.0,0.5,0.5875,0.5138888888888888,0.4748677248677249,0.4544595616024187,0.0
formal_dl_tcn_vib_current_cross_rpm_length8192_seed43_predictions.csv,mean_probability,28,cross_rpm,tcn,vib_current,43,,vib_current,corrected_formal_train_only_zscore,length8192,8192.0,0.5714285714285714,0.8421052631578947,0.5729166666666666,0.5568376068376069,0.5504884004884005,0.125
formal_dl_tcn_vib_current_cross_rpm_length8192_seed43_predictions.csv,majority_vote,28,cross_rpm,tcn,vib_current,43,,vib_current,corrected_formal_train_only_zscore,length8192,8192.0,0.5714285714285714,0.8421052631578947,0.5729166666666666,0.5568376068376069,0.5504884004884005,0.125
formal_dl_tcn_vib_current_cross_rpm_length8192_seed44_predictions.csv,mean_probability,28,cross_rpm,tcn,vib_current,44,,vib_current,corrected_formal_train_only_zscore,length8192,8192.0,0.5357142857142857,0.7171052631578947,0.5451388888888888,0.5298534798534799,0.5165881737310308,0.125
formal_dl_tcn_vib_current_cross_rpm_length8192_seed44_predictions.csv,majority_vote,28,cross_rpm,tcn,vib_current,44,,vib_current,corrected_formal_train_only_zscore,length8192,8192.0,0.5,0.7125,0.4826388888888889,0.4582010582010581,0.4735071806500378,0.125
formal_dl_tcn_vib_current_source_file_length8192_seed42_predictions.csv,mean_probability,12,source_file,tcn,vib_current,42,,vib_current,corrected_formal_train_only_zscore,length8192,8192.0,0.9166666666666666,0.9375,0.9375,0.9285714285714286,0.9166666666666666,0.75
formal_dl_tcn_vib_current_source_file_length8192_seed42_predictions.csv,majority_vote,12,source_file,tcn,vib_current,42,,vib_current,corrected_formal_train_only_zscore,length8192,8192.0,0.9166666666666666,0.9375,0.9375,0.9285714285714286,0.9166666666666666,0.75
formal_dl_tcn_vib_current_source_file_length8192_seed43_predictions.csv,mean_probability,12,source_file,tcn,vib_current,43,,vib_current,corrected_formal_train_only_zscore,length8192,8192.0,0.8333333333333334,0.9,0.875,0.8541666666666666,0.8263888888888888,0.5
formal_dl_tcn_vib_current_source_file_length8192_seed43_predictions.csv,majority_vote,12,source_file,tcn,vib_current,43,,vib_current,corrected_formal_train_only_zscore,length8192,8192.0,0.9166666666666666,0.9375,0.9375,0.9285714285714286,0.9166666666666666,0.75
formal_dl_tcn_vib_current_source_file_length8192_seed44_predictions.csv,mean_probability,12,source_file,tcn,vib_current,44,,vib_current,corrected_formal_train_only_zscore,length8192,8192.0,0.8333333333333334,0.9,0.875,0.8541666666666666,0.8263888888888888,0.5
formal_dl_tcn_vib_current_source_file_length8192_seed44_predictions.csv,majority_vote,12,source_file,tcn,vib_current,44,,vib_current,corrected_formal_train_only_zscore,length8192,8192.0,0.8333333333333334,0.9,0.875,0.8541666666666666,0.8263888888888888,0.5
formal_dl_transformer_vib_current_cross_condition_length8192_seed42_predictions.csv,mean_probability,42,cross_condition,transformer,vib_current,42,,vib_current,corrected_formal_train_only_zscore,length8192,8192.0,0.9285714285714286,0.9407051282051282,0.9375,0.9382971014492754,0.9294824016563148,0.9166666666666666
formal_dl_transformer_vib_current_cross_condition_length8192_seed42_predictions.csv,majority_vote,42,cross_condition,transformer,vib_current,42,,vib_current,corrected_formal_train_only_zscore,length8192,8192.0,0.9285714285714286,0.9407051282051282,0.9375,0.9382971014492754,0.9294824016563148,0.9166666666666666
formal_dl_transformer_vib_current_cross_condition_length8192_seed43_predictions.csv,mean_probability,42,cross_condition,transformer,vib_current,43,,vib_current,corrected_formal_train_only_zscore,length8192,8192.0,0.9285714285714286,0.9388111888111887,0.9375,0.937391304347826,0.9284472049689444,0.8333333333333334
formal_dl_transformer_vib_current_cross_condition_length8192_seed43_predictions.csv,majority_vote,42,cross_condition,transformer,vib_current,43,,vib_current,corrected_formal_train_only_zscore,length8192,8192.0,0.9285714285714286,0.9388111888111887,0.9375,0.937391304347826,0.9284472049689444,0.8333333333333334
formal_dl_transformer_vib_current_cross_condition_length8192_seed44_predictions.csv,mean_probability,42,cross_condition,transformer,vib_current,44,,vib_current,corrected_formal_train_only_zscore,length8192,8192.0,0.9523809523809524,0.9583333333333331,0.9583333333333331,0.9583333333333331,0.9523809523809524,0.9166666666666666
formal_dl_transformer_vib_current_cross_condition_length8192_seed44_predictions.csv,majority_vote,42,cross_condition,transformer,vib_current,44,,vib_current,corrected_formal_train_only_zscore,length8192,8192.0,0.9523809523809524,0.9583333333333331,0.9583333333333331,0.9583333333333331,0.9523809523809524,0.9166666666666666
formal_dl_transformer_vib_current_cross_load_length8192_seed42_predictions.csv,mean_probability,42,cross_load,transformer,vib_current,42,,vib_current,corrected_formal_train_only_zscore,length8192,8192.0,1.0,1.0,1.0,1.0,1.0,1.0
formal_dl_transformer_vib_current_cross_load_length8192_seed42_predictions.csv,majority_vote,42,cross_load,transformer,vib_current,42,,vib_current,corrected_formal_train_only_zscore,length8192,8192.0,1.0,1.0,1.0,1.0,1.0,1.0
formal_dl_transformer_vib_current_cross_load_length8192_seed43_predictions.csv,mean_probability,42,cross_load,transformer,vib_current,43,,vib_current,corrected_formal_train_only_zscore,length8192,8192.0,0.9761904761904762,0.9642857142857144,0.9791666666666666,0.9698996655518396,0.9765886287625418,0.9166666666666666
formal_dl_transformer_vib_current_cross_load_length8192_seed43_predictions.csv,majority_vote,42,cross_load,transformer,vib_current,43,,vib_current,corrected_formal_train_only_zscore,length8192,8192.0,0.9761904761904762,0.9642857142857144,0.9791666666666666,0.9698996655518396,0.9765886287625418,0.9166666666666666
formal_dl_transformer_vib_current_cross_load_length8192_seed44_predictions.csv,mean_probability,42,cross_load,transformer,vib_current,44,,vib_current,corrected_formal_train_only_zscore,length8192,8192.0,0.8809523809523809,0.8696581196581196,0.8958333333333333,0.8696066252587991,0.8795504288671991,0.6666666666666666
formal_dl_transformer_vib_current_cross_load_length8192_seed44_predictions.csv,majority_vote,42,cross_load,transformer,vib_current,44,,vib_current,corrected_formal_train_only_zscore,length8192,8192.0,0.8809523809523809,0.8696581196581196,0.8958333333333333,0.8696066252587991,0.8795504288671991,0.6666666666666666
formal_dl_transformer_vib_current_cross_rpm_length8192_seed42_predictions.csv,mean_probability,28,cross_rpm,transformer,vib_current,42,,vib_current,corrected_formal_train_only_zscore,length8192,8192.0,0.4285714285714285,0.7045454545454546,0.4270833333333333,0.3956896551724138,0.3956896551724138,0.125
formal_dl_transformer_vib_current_cross_rpm_length8192_seed42_predictions.csv,majority_vote,28,cross_rpm,transformer,vib_current,42,,vib_current,corrected_formal_train_only_zscore,length8192,8192.0,0.4285714285714285,0.7045454545454546,0.4270833333333333,0.3956896551724138,0.3956896551724138,0.125
formal_dl_transformer_vib_current_cross_rpm_length8192_seed43_predictions.csv,mean_probability,28,cross_rpm,transformer,vib_current,43,,vib_current,corrected_formal_train_only_zscore,length8192,8192.0,0.6071428571428571,0.8251633986928104,0.5659722222222222,0.5236111111111111,0.5521825396825396,0.125
formal_dl_transformer_vib_current_cross_rpm_length8192_seed43_predictions.csv,majority_vote,28,cross_rpm,transformer,vib_current,43,,vib_current,corrected_formal_train_only_zscore,length8192,8192.0,0.6071428571428571,0.8251633986928104,0.5659722222222222,0.5236111111111111,0.5521825396825396,0.125
formal_dl_transformer_vib_current_cross_rpm_length8192_seed44_predictions.csv,mean_probability,28,cross_rpm,transformer,vib_current,44,,vib_current,corrected_formal_train_only_zscore,length8192,8192.0,0.4285714285714285,0.3260869565217391,0.3888888888888889,0.2952380952380952,0.3462585034013606,0.0
formal_dl_transformer_vib_current_cross_rpm_length8192_seed44_predictions.csv,majority_vote,28,cross_rpm,transformer,vib_current,44,,vib_current,corrected_formal_train_only_zscore,length8192,8192.0,0.3928571428571428,0.3229166666666667,0.3611111111111111,0.2667493796526055,0.3107054236086494,0.0
formal_dl_transformer_vib_current_source_file_length8192_seed42_predictions.csv,mean_probability,12,source_file,transformer,vib_current,42,,vib_current,corrected_formal_train_only_zscore,length8192,8192.0,0.9166666666666666,0.9375,0.9375,0.9285714285714286,0.9166666666666666,0.75
formal_dl_transformer_vib_current_source_file_length8192_seed42_predictions.csv,majority_vote,12,source_file,transformer,vib_current,42,,vib_current,corrected_formal_train_only_zscore,length8192,8192.0,0.9166666666666666,0.9375,0.9375,0.9285714285714286,0.9166666666666666,0.75
formal_dl_transformer_vib_current_source_file_length8192_seed43_predictions.csv,mean_probability,12,source_file,transformer,vib_current,43,,vib_current,corrected_formal_train_only_zscore,length8192,8192.0,1.0,1.0,1.0,1.0,1.0,1.0
formal_dl_transformer_vib_current_source_file_length8192_seed43_predictions.csv,majority_vote,12,source_file,transformer,vib_current,43,,vib_current,corrected_formal_train_only_zscore,length8192,8192.0,1.0,1.0,1.0,1.0,1.0,1.0
formal_dl_transformer_vib_current_source_file_length8192_seed44_predictions.csv,mean_probability,12,source_file,transformer,vib_current,44,,vib_current,corrected_formal_train_only_zscore,length8192,8192.0,0.9166666666666666,0.9375,0.9375,0.9285714285714286,0.9166666666666666,0.75
formal_dl_transformer_vib_current_source_file_length8192_seed44_predictions.csv,majority_vote,12,source_file,transformer,vib_current,44,,vib_current,corrected_formal_train_only_zscore,length8192,8192.0,0.9166666666666666,0.9375,0.9375,0.9285714285714286,0.9166666666666666,0.75
