split_name,model,setting,run_tag,sequence_length,scalar_feature_count,setting_label,evidence_status,aggregation,accuracy_mean,accuracy_std,macro_f1_mean,macro_f1_std,worst_class_recall_mean,worst_class_recall_std
cross_condition,OrderNormalizedMultisourceFusionNet,full_engineered_features_254,,,254.0,full_engineered_254,corrected_formal_train_only_zscore,majority_vote,0.9761904761904762,0.0,0.9791304347826086,0.0,0.9166666666666666,0.0
cross_condition,OrderNormalizedMultisourceFusionNet,full_engineered_features_254,,,254.0,full_engineered_254,corrected_formal_train_only_zscore,mean_probability,0.9761904761904762,0.0,0.9791304347826086,0.0,0.9166666666666666,0.0
cross_condition,OrderNormalizedMultisourceFusionNet,full_multisource_fusion,,,262.0,full_fusion_legacy_262,corrected_formal_train_only_zscore,majority_vote,0.9682539682539684,0.0137464349807054,0.9721859903381644,0.0120281306081171,0.9166666666666666,0.0
cross_condition,OrderNormalizedMultisourceFusionNet,full_multisource_fusion,,,262.0,full_fusion_legacy_262,corrected_formal_train_only_zscore,mean_probability,0.9682539682539684,0.0137464349807054,0.9721859903381644,0.0120281306081171,0.9166666666666666,0.0
cross_condition,OrderNormalizedMultisourceFusionNet,vibration_current,,,0.0,no_scalars,corrected_formal_train_only_zscore,majority_vote,0.9365079365079364,0.0137464349807053,0.9450852730200556,0.0114743308716464,0.8888888888888888,0.0481125224324687
cross_condition,OrderNormalizedMultisourceFusionNet,vibration_current,,,0.0,no_scalars,corrected_formal_train_only_zscore,mean_probability,0.9365079365079364,0.0137464349807053,0.9450852730200556,0.0114743308716464,0.8888888888888888,0.0481125224324687
cross_condition,OrderNormalizedMultisourceFusionNet,vibration_current_auxiliary_only,,,26.0,auxiliary_26,posthoc_exploratory_same_holdout,majority_vote,0.9841269841269842,0.0137464349807054,0.986086956521739,0.0120490490961313,0.9444444444444444,0.0481125224324688
cross_condition,OrderNormalizedMultisourceFusionNet,vibration_current_auxiliary_only,,,26.0,auxiliary_26,posthoc_exploratory_same_holdout,mean_probability,0.9841269841269842,0.0137464349807054,0.986086956521739,0.0120490490961313,0.9444444444444444,0.0481125224324688
cross_condition,OrderNormalizedMultisourceFusionNet,vibration_current_rpm_load,,,28.0,auxiliary_context_28,posthoc_exploratory_same_holdout,majority_vote,0.992063492063492,0.0137464349807054,0.9899665551839464,0.0173784361963432,0.9722222222222222,0.0481125224324688
cross_condition,OrderNormalizedMultisourceFusionNet,vibration_current_rpm_load,,,28.0,auxiliary_context_28,posthoc_exploratory_same_holdout,mean_probability,0.992063492063492,0.0137464349807054,0.9899665551839464,0.0173784361963432,0.9722222222222222,0.0481125224324688
cross_condition,OrderNormalizedMultisourceFusionNet,vibration_current_rpm_load_only,,,2.0,context_2,corrected_formal_train_only_zscore,majority_vote,0.9523809523809524,0.0238095238095237,0.958489831424614,0.0204203506508322,0.8888888888888888,0.0481125224324687
cross_condition,OrderNormalizedMultisourceFusionNet,vibration_current_rpm_load_only,,,2.0,context_2,corrected_formal_train_only_zscore,mean_probability,0.9444444444444444,0.0274928699614106,0.9513118242466068,0.0241082267475677,0.861111111111111,0.0962250448649375
cross_condition,cnn,vib_current,length8192,8192.0,,vib_current,corrected_formal_train_only_zscore,majority_vote,0.9523809523809522,0.0,0.957955643390426,0.0005914227065809,0.8888888888888888,0.0481125224324687
cross_condition,cnn,vib_current,length8192,8192.0,,vib_current,corrected_formal_train_only_zscore,mean_probability,0.9523809523809522,0.0,0.957955643390426,0.0005914227065809,0.8888888888888888,0.0481125224324687
cross_condition,tcn,vib_current,length8192,8192.0,,vib_current,corrected_formal_train_only_zscore,majority_vote,0.9444444444444444,0.0137464349807053,0.9510507246376813,0.0125510928084701,0.8888888888888888,0.0481125224324687
cross_condition,tcn,vib_current,length8192,8192.0,,vib_current,corrected_formal_train_only_zscore,mean_probability,0.9444444444444444,0.0137464349807053,0.9510507246376813,0.0125510928084701,0.8888888888888888,0.0481125224324687
cross_condition,transformer,vib_current,length8192,8192.0,,vib_current,corrected_formal_train_only_zscore,majority_vote,0.9365079365079364,0.0137464349807053,0.944673913043478,0.0118380715950033,0.8888888888888888,0.0481125224324687
cross_condition,transformer,vib_current,length8192,8192.0,,vib_current,corrected_formal_train_only_zscore,mean_probability,0.9365079365079364,0.0137464349807053,0.944673913043478,0.0118380715950033,0.8888888888888888,0.0481125224324687
cross_load,OrderNormalizedMultisourceFusionNet,full_engineered_features_254,,,254.0,full_engineered_254,corrected_formal_train_only_zscore,majority_vote,0.9523809523809524,0.0476190476190476,0.9458671763019588,0.0525512691571241,0.861111111111111,0.1734721666221777
cross_load,OrderNormalizedMultisourceFusionNet,full_engineered_features_254,,,254.0,full_engineered_254,corrected_formal_train_only_zscore,mean_probability,0.9523809523809524,0.0476190476190476,0.9458671763019588,0.0525512691571241,0.861111111111111,0.1734721666221777
cross_load,OrderNormalizedMultisourceFusionNet,full_multisource_fusion,,,262.0,full_fusion_legacy_262,corrected_formal_train_only_zscore,majority_vote,1.0,0.0,1.0,0.0,1.0,0.0
cross_load,OrderNormalizedMultisourceFusionNet,full_multisource_fusion,,,262.0,full_fusion_legacy_262,corrected_formal_train_only_zscore,mean_probability,1.0,0.0,1.0,0.0,1.0,0.0
cross_load,OrderNormalizedMultisourceFusionNet,vibration_current,,,0.0,no_scalars,corrected_formal_train_only_zscore,majority_vote,0.8492063492063492,0.09014140231429,0.8503451148612439,0.0939547462665272,0.6666666666666666,0.1666666666666667
cross_load,OrderNormalizedMultisourceFusionNet,vibration_current,,,0.0,no_scalars,corrected_formal_train_only_zscore,mean_probability,0.8650793650793651,0.0991269523555301,0.8684653681988884,0.0959851254020564,0.6944444444444443,0.2097176232019652
cross_load,OrderNormalizedMultisourceFusionNet,vibration_current_auxiliary_only,,,26.0,auxiliary_26,posthoc_exploratory_same_holdout,majority_vote,0.9285714285714284,0.0629940788348711,0.9346130198304112,0.0597805247885918,0.75,0.2204792759220492
cross_load,OrderNormalizedMultisourceFusionNet,vibration_current_auxiliary_only,,,26.0,auxiliary_26,posthoc_exploratory_same_holdout,mean_probability,0.9365079365079364,0.049563476177765,0.942759823621498,0.0459585199652478,0.7777777777777778,0.1734721666221777
cross_load,OrderNormalizedMultisourceFusionNet,vibration_current_rpm_load,,,28.0,auxiliary_context_28,posthoc_exploratory_same_holdout,majority_vote,0.9682539682539684,0.0274928699614107,0.969036096753488,0.0271884707720968,0.9166666666666666,0.0833333333333332
cross_load,OrderNormalizedMultisourceFusionNet,vibration_current_rpm_load,,,28.0,auxiliary_context_28,posthoc_exploratory_same_holdout,mean_probability,0.9682539682539684,0.0274928699614107,0.969036096753488,0.0271884707720968,0.9166666666666666,0.0833333333333332
cross_load,OrderNormalizedMultisourceFusionNet,vibration_current_rpm_load_only,,,2.0,context_2,corrected_formal_train_only_zscore,majority_vote,0.8809523809523809,0.1448276792928147,0.8731984540040806,0.1655525450363453,0.6944444444444443,0.3154949081000152
cross_load,OrderNormalizedMultisourceFusionNet,vibration_current_rpm_load_only,,,2.0,context_2,corrected_formal_train_only_zscore,mean_probability,0.8968253968253969,0.1374643498070537,0.8958993663341488,0.1441604393209752,0.7777777777777777,0.2405626121623441
cross_load,cnn,vib_current,length8192,8192.0,,vib_current,corrected_formal_train_only_zscore,majority_vote,0.9365079365079364,0.0549857399228215,0.94004329004329,0.0520952999689543,0.8055555555555555,0.1734721666221778
cross_load,cnn,vib_current,length8192,8192.0,,vib_current,corrected_formal_train_only_zscore,mean_probability,0.9365079365079364,0.0363696483726653,0.9433080285254198,0.0329528509034463,0.7777777777777777,0.1272937693043289
cross_load,tcn,vib_current,length8192,8192.0,,vib_current,corrected_formal_train_only_zscore,majority_vote,0.753968253968254,0.0836162996258154,0.7288574600494105,0.080205836084132,0.3333333333333333,0.0833333333333333
cross_load,tcn,vib_current,length8192,8192.0,,vib_current,corrected_formal_train_only_zscore,mean_probability,0.7698412698412698,0.0962250448649376,0.7498308717426365,0.0932054978001701,0.3888888888888889,0.1272937693043289
cross_load,transformer,vib_current,length8192,8192.0,,vib_current,corrected_formal_train_only_zscore,majority_vote,0.9523809523809524,0.0629940788348712,0.9465020969368796,0.068272928067563,0.861111111111111,0.1734721666221777
cross_load,transformer,vib_current,length8192,8192.0,,vib_current,corrected_formal_train_only_zscore,mean_probability,0.9523809523809524,0.0629940788348712,0.9465020969368796,0.068272928067563,0.861111111111111,0.1734721666221777
cross_rpm,OrderNormalizedMultisourceFusionNet,full_engineered_features_254,,,254.0,full_engineered_254,corrected_formal_train_only_zscore,majority_vote,0.4928571428571429,0.1140622815905093,0.3663506444535856,0.1256585417005882,0.0,0.0
cross_rpm,OrderNormalizedMultisourceFusionNet,full_engineered_features_254,,,254.0,full_engineered_254,corrected_formal_train_only_zscore,mean_probability,0.4928571428571429,0.1140622815905093,0.3659882242650785,0.1253604570313624,0.0,0.0
cross_rpm,OrderNormalizedMultisourceFusionNet,full_multisource_fusion,,,262.0,full_fusion_legacy_262,corrected_formal_train_only_zscore,majority_vote,0.5071428571428571,0.0924441364681769,0.3742587239929819,0.0953442673062337,0.0,0.0
cross_rpm,OrderNormalizedMultisourceFusionNet,full_multisource_fusion,,,262.0,full_fusion_legacy_262,corrected_formal_train_only_zscore,mean_probability,0.5142857142857142,0.0860113898485163,0.3828896763739342,0.0917413115835534,0.0,0.0
cross_rpm,OrderNormalizedMultisourceFusionNet,vibration_current,,,0.0,no_scalars,corrected_formal_train_only_zscore,majority_vote,0.7285714285714285,0.1200552593855114,0.7129772464078898,0.1232676115588102,0.4,0.2053959590644373
cross_rpm,OrderNormalizedMultisourceFusionNet,vibration_current,,,0.0,no_scalars,corrected_formal_train_only_zscore,mean_probability,0.7285714285714285,0.1200552593855114,0.7121607832162752,0.1237569715679575,0.4,0.2053959590644373
cross_rpm,OrderNormalizedMultisourceFusionNet,vibration_current_auxiliary_only,,,26.0,auxiliary_26,posthoc_exploratory_same_holdout,majority_vote,0.9428571428571428,0.031943828249997,0.9497689075630252,0.0281981637155278,0.8388888888888889,0.0691661088777151
cross_rpm,OrderNormalizedMultisourceFusionNet,vibration_current_auxiliary_only,,,26.0,auxiliary_26,posthoc_exploratory_same_holdout,mean_probability,0.9357142857142856,0.0298807152333598,0.9435189075630253,0.0263777215852953,0.836111111111111,0.0668977476599571
cross_rpm,OrderNormalizedMultisourceFusionNet,vibration_current_rpm_load,,,28.0,auxiliary_context_28,posthoc_exploratory_same_holdout,majority_vote,0.9285714285714286,0.0564692439315782,0.937094825109531,0.0507712761089072,0.8277777777777778,0.1438690462508728
cross_rpm,OrderNormalizedMultisourceFusionNet,vibration_current_rpm_load,,,28.0,auxiliary_context_28,posthoc_exploratory_same_holdout,mean_probability,0.9285714285714286,0.0564692439315782,0.93676802772391,0.051297180404964,0.8277777777777778,0.1438690462508728
cross_rpm,OrderNormalizedMultisourceFusionNet,vibration_current_rpm_load_only,,,2.0,context_2,corrected_formal_train_only_zscore,majority_vote,0.75,0.0798595706249924,0.7250631386157702,0.0929830492064544,0.4,0.1369306393762915
cross_rpm,OrderNormalizedMultisourceFusionNet,vibration_current_rpm_load_only,,,2.0,context_2,corrected_formal_train_only_zscore,mean_probability,0.7571428571428571,0.0814411017927955,0.7305809867806772,0.0916965509300261,0.4,0.1369306393762915
cross_rpm,cnn,vib_current,length8192,8192.0,,vib_current,corrected_formal_train_only_zscore,majority_vote,0.75,0.1889822365046136,0.723246336996337,0.2491333398070973,0.4722222222222221,0.4110735718596873
cross_rpm,cnn,vib_current,length8192,8192.0,,vib_current,corrected_formal_train_only_zscore,mean_probability,0.75,0.1889822365046136,0.723314419785008,0.2492011363168296,0.4722222222222221,0.4110735718596873
cross_rpm,cnn,vib_current,sensitivity12800,12800.0,,vib_current,corrected_input_length_sensitivity,majority_vote,0.7976190476190476,0.0824786098842322,0.7715848035120482,0.1028013774265688,0.5,0.25
cross_rpm,cnn,vib_current,sensitivity12800,12800.0,,vib_current,corrected_input_length_sensitivity,mean_probability,0.7976190476190476,0.0824786098842322,0.7715848035120482,0.1028013774265688,0.5,0.25
cross_rpm,cnn,vib_current,sensitivity8192,8192.0,,vib_current,corrected_input_length_sensitivity,majority_vote,0.75,0.1889822365046136,0.723246336996337,0.2491333398070973,0.4722222222222221,0.4110735718596873
cross_rpm,cnn,vib_current,sensitivity8192,8192.0,,vib_current,corrected_input_length_sensitivity,mean_probability,0.75,0.1889822365046136,0.723314419785008,0.2492011363168296,0.4722222222222221,0.4110735718596873
cross_rpm,tcn,vib_current,length8192,8192.0,,vib_current,corrected_formal_train_only_zscore,majority_vote,0.5238095238095238,0.0412393049421161,0.4966354633021299,0.052798371273592,0.0833333333333333,0.0721687836487032
cross_rpm,tcn,vib_current,length8192,8192.0,,vib_current,corrected_formal_train_only_zscore,mean_probability,0.5238095238095238,0.0545544725589981,0.5107346357346357,0.0580727962379575,0.0833333333333333,0.0721687836487032
cross_rpm,transformer,vib_current,length8192,8192.0,,vib_current,corrected_formal_train_only_zscore,majority_vote,0.4761904761904762,0.114805366202297,0.3953500486453769,0.1284312024837043,0.0833333333333333,0.0721687836487032
cross_rpm,transformer,vib_current,length8192,8192.0,,vib_current,corrected_formal_train_only_zscore,mean_probability,0.4880952380952381,0.1030982623552903,0.4048462871738734,0.1144615285890495,0.0833333333333333,0.0721687836487032
source_file,OrderNormalizedMultisourceFusionNet,full_engineered_features_254,,,254.0,full_engineered_254,corrected_formal_train_only_zscore,majority_vote,1.0,0.0,1.0,0.0,1.0,0.0
source_file,OrderNormalizedMultisourceFusionNet,full_engineered_features_254,,,254.0,full_engineered_254,corrected_formal_train_only_zscore,mean_probability,1.0,0.0,1.0,0.0,1.0,0.0
source_file,OrderNormalizedMultisourceFusionNet,full_multisource_fusion,,,262.0,full_fusion_legacy_262,corrected_formal_train_only_zscore,majority_vote,1.0,0.0,1.0,0.0,1.0,0.0
source_file,OrderNormalizedMultisourceFusionNet,full_multisource_fusion,,,262.0,full_fusion_legacy_262,corrected_formal_train_only_zscore,mean_probability,1.0,0.0,1.0,0.0,1.0,0.0
source_file,OrderNormalizedMultisourceFusionNet,vibration_current,,,0.0,no_scalars,corrected_formal_train_only_zscore,majority_vote,0.9166666666666666,0.0,0.9285714285714284,0.0,0.75,0.0
source_file,OrderNormalizedMultisourceFusionNet,vibration_current,,,0.0,no_scalars,corrected_formal_train_only_zscore,mean_probability,0.9166666666666666,0.0,0.9285714285714284,0.0,0.75,0.0
source_file,OrderNormalizedMultisourceFusionNet,vibration_current_auxiliary_only,,,26.0,auxiliary_26,posthoc_exploratory_same_holdout,majority_vote,1.0,0.0,1.0,0.0,1.0,0.0
source_file,OrderNormalizedMultisourceFusionNet,vibration_current_auxiliary_only,,,26.0,auxiliary_26,posthoc_exploratory_same_holdout,mean_probability,1.0,0.0,1.0,0.0,1.0,0.0
source_file,OrderNormalizedMultisourceFusionNet,vibration_current_rpm_load,,,28.0,auxiliary_context_28,posthoc_exploratory_same_holdout,majority_vote,1.0,0.0,1.0,0.0,1.0,0.0
source_file,OrderNormalizedMultisourceFusionNet,vibration_current_rpm_load,,,28.0,auxiliary_context_28,posthoc_exploratory_same_holdout,mean_probability,1.0,0.0,1.0,0.0,1.0,0.0
source_file,OrderNormalizedMultisourceFusionNet,vibration_current_rpm_load_only,,,2.0,context_2,corrected_formal_train_only_zscore,majority_vote,0.8611111111111112,0.0481125224324687,0.878968253968254,0.0429576093147043,0.6388888888888888,0.1272937693043288
source_file,OrderNormalizedMultisourceFusionNet,vibration_current_rpm_load_only,,,2.0,context_2,corrected_formal_train_only_zscore,mean_probability,0.8333333333333334,0.0833333333333332,0.8561507936507936,0.0714492364286938,0.5833333333333334,0.1443375672974064
source_file,cnn,vib_current,length8192,8192.0,,vib_current,corrected_formal_train_only_zscore,majority_vote,0.8611111111111112,0.0481125224324687,0.878968253968254,0.0429576093147043,0.5833333333333334,0.1443375672974064
source_file,cnn,vib_current,length8192,8192.0,,vib_current,corrected_formal_train_only_zscore,mean_probability,0.8333333333333334,0.0,0.8541666666666666,0.0,0.5,0.0
source_file,tcn,vib_current,length8192,8192.0,,vib_current,corrected_formal_train_only_zscore,majority_vote,0.8888888888888888,0.0481125224324687,0.9037698412698412,0.0429576093147043,0.6666666666666666,0.1443375672974064
source_file,tcn,vib_current,length8192,8192.0,,vib_current,corrected_formal_train_only_zscore,mean_probability,0.8611111111111112,0.0481125224324687,0.878968253968254,0.0429576093147043,0.5833333333333334,0.1443375672974064
source_file,transformer,vib_current,length8192,8192.0,,vib_current,corrected_formal_train_only_zscore,majority_vote,0.9444444444444444,0.0481125224324688,0.9523809523809524,0.0412393049421161,0.8333333333333334,0.1443375672974064
source_file,transformer,vib_current,length8192,8192.0,,vib_current,corrected_formal_train_only_zscore,mean_probability,0.9444444444444444,0.0481125224324688,0.9523809523809524,0.0412393049421161,0.8333333333333334,0.1443375672974064
