split_seed,task,acquisition_date,severity,split,model,source_file,true_label,mean_probability_prediction,majority_vote_prediction,window_count,condition_type,rpm_nominal,load_nm,mean_probability_bearing_ball,mean_probability_bearing_outer,mean_probability_bearing_inner
42,same_date_250707_high_ball_vs_outer,250707,H,same_date_250707_high_ball_vs_outer,random_forest,data/raw/mcc5_thu_motor/MCC5-THU Motor/MCC5-THU Motor_speed_circulation/bearing_ball_H_speed_circulation_20Nm_2000rpm_250707143705.csv,bearing_ball,bearing_ball,bearing_ball,179,speed_circulation,2000.0,20.0,0.9860335195530726,0.013966480446927373,
42,same_date_250707_high_ball_vs_outer,250707,H,same_date_250707_high_ball_vs_outer,random_forest,data/raw/mcc5_thu_motor/MCC5-THU Motor/MCC5-THU Motor_speed_circulation/bearing_outer_H_speed_circulation_20Nm_1000rpm_250707104821.csv,bearing_outer,bearing_outer,bearing_outer,179,speed_circulation,1000.0,20.0,0.06907821229050279,0.9309217877094972,
42,same_date_250707_high_ball_vs_outer,250707,H,same_date_250707_high_ball_vs_outer,random_forest,data/raw/mcc5_thu_motor/MCC5-THU Motor/MCC5-THU Motor_torque_circulation/bearing_ball_H_torque_circulation_20Nm_3000rpm_250707140229d.csv,bearing_ball,bearing_ball,bearing_ball,179,torque_circulation,3000.0,20.0,0.9831284916201116,0.01687150837988827,
42,same_date_250707_high_ball_vs_outer,250707,H,same_date_250707_high_ball_vs_outer,xgboost,data/raw/mcc5_thu_motor/MCC5-THU Motor/MCC5-THU Motor_speed_circulation/bearing_ball_H_speed_circulation_20Nm_2000rpm_250707143705.csv,bearing_ball,bearing_ball,bearing_ball,179,speed_circulation,2000.0,20.0,0.9954525232315063,0.004547441843897104,
42,same_date_250707_high_ball_vs_outer,250707,H,same_date_250707_high_ball_vs_outer,xgboost,data/raw/mcc5_thu_motor/MCC5-THU Motor/MCC5-THU Motor_speed_circulation/bearing_outer_H_speed_circulation_20Nm_1000rpm_250707104821.csv,bearing_outer,bearing_outer,bearing_outer,179,speed_circulation,1000.0,20.0,0.03089938312768936,0.9691005349159241,
42,same_date_250707_high_ball_vs_outer,250707,H,same_date_250707_high_ball_vs_outer,xgboost,data/raw/mcc5_thu_motor/MCC5-THU Motor/MCC5-THU Motor_torque_circulation/bearing_ball_H_torque_circulation_20Nm_3000rpm_250707140229d.csv,bearing_ball,bearing_ball,bearing_ball,179,torque_circulation,3000.0,20.0,0.9989340901374817,0.0010658790124580264,
43,same_date_250707_high_ball_vs_outer,250707,H,same_date_250707_high_ball_vs_outer,random_forest,data/raw/mcc5_thu_motor/MCC5-THU Motor/MCC5-THU Motor_speed_circulation/bearing_ball_H_speed_circulation_20Nm_1000rpm_250707143259.csv,bearing_ball,bearing_ball,bearing_ball,179,speed_circulation,1000.0,20.0,0.9068994413407824,0.09310055865921787,
43,same_date_250707_high_ball_vs_outer,250707,H,same_date_250707_high_ball_vs_outer,random_forest,data/raw/mcc5_thu_motor/MCC5-THU Motor/MCC5-THU Motor_speed_circulation/bearing_ball_H_speed_circulation_40Nm_1000rpm_250707143453.csv,bearing_ball,bearing_ball,bearing_ball,179,speed_circulation,1000.0,40.0,0.8964804469273743,0.10351955307262571,
43,same_date_250707_high_ball_vs_outer,250707,H,same_date_250707_high_ball_vs_outer,random_forest,data/raw/mcc5_thu_motor/MCC5-THU Motor/MCC5-THU Motor_speed_circulation/bearing_outer_H_speed_circulation_40Nm_2000rpm_250707105500.csv,bearing_outer,bearing_outer,bearing_outer,179,speed_circulation,2000.0,40.0,0.011592178770949722,0.9884078212290504,
43,same_date_250707_high_ball_vs_outer,250707,H,same_date_250707_high_ball_vs_outer,xgboost,data/raw/mcc5_thu_motor/MCC5-THU Motor/MCC5-THU Motor_speed_circulation/bearing_ball_H_speed_circulation_20Nm_1000rpm_250707143259.csv,bearing_ball,bearing_ball,bearing_ball,179,speed_circulation,1000.0,20.0,0.9809432029724121,0.01905680261552334,
43,same_date_250707_high_ball_vs_outer,250707,H,same_date_250707_high_ball_vs_outer,xgboost,data/raw/mcc5_thu_motor/MCC5-THU Motor/MCC5-THU Motor_speed_circulation/bearing_ball_H_speed_circulation_40Nm_1000rpm_250707143453.csv,bearing_ball,bearing_ball,bearing_ball,179,speed_circulation,1000.0,40.0,0.9763672947883606,0.023632682859897614,
43,same_date_250707_high_ball_vs_outer,250707,H,same_date_250707_high_ball_vs_outer,xgboost,data/raw/mcc5_thu_motor/MCC5-THU Motor/MCC5-THU Motor_speed_circulation/bearing_outer_H_speed_circulation_40Nm_2000rpm_250707105500.csv,bearing_outer,bearing_outer,bearing_outer,179,speed_circulation,2000.0,40.0,0.0017406614497303963,0.9982593059539795,
44,same_date_250707_high_ball_vs_outer,250707,H,same_date_250707_high_ball_vs_outer,random_forest,data/raw/mcc5_thu_motor/MCC5-THU Motor/MCC5-THU Motor_speed_circulation/bearing_outer_H_speed_circulation_40Nm_1000rpm_250707105055.csv,bearing_outer,bearing_outer,bearing_outer,179,speed_circulation,1000.0,40.0,0.08055865921787711,0.9194413407821228,
44,same_date_250707_high_ball_vs_outer,250707,H,same_date_250707_high_ball_vs_outer,random_forest,data/raw/mcc5_thu_motor/MCC5-THU Motor/MCC5-THU Motor_torque_circulation/bearing_ball_H_torque_circulation_20Nm_2000rpm_250707140027d.csv,bearing_ball,bearing_ball,bearing_ball,179,torque_circulation,2000.0,20.0,0.9977374301675977,0.0022625698324022347,
44,same_date_250707_high_ball_vs_outer,250707,H,same_date_250707_high_ball_vs_outer,random_forest,data/raw/mcc5_thu_motor/MCC5-THU Motor/MCC5-THU Motor_torque_circulation/bearing_ball_H_torque_circulation_40Nm_3000rpm_250707143025d.csv,bearing_ball,bearing_ball,bearing_ball,179,torque_circulation,3000.0,40.0,0.9972625698324021,0.0027374301675977654,
44,same_date_250707_high_ball_vs_outer,250707,H,same_date_250707_high_ball_vs_outer,xgboost,data/raw/mcc5_thu_motor/MCC5-THU Motor/MCC5-THU Motor_speed_circulation/bearing_outer_H_speed_circulation_40Nm_1000rpm_250707105055.csv,bearing_outer,bearing_outer,bearing_outer,179,speed_circulation,1000.0,40.0,0.014536294154822826,0.9854637384414673,
44,same_date_250707_high_ball_vs_outer,250707,H,same_date_250707_high_ball_vs_outer,xgboost,data/raw/mcc5_thu_motor/MCC5-THU Motor/MCC5-THU Motor_torque_circulation/bearing_ball_H_torque_circulation_20Nm_2000rpm_250707140027d.csv,bearing_ball,bearing_ball,bearing_ball,179,torque_circulation,2000.0,20.0,0.9993621706962585,0.0006378257530741394,
44,same_date_250707_high_ball_vs_outer,250707,H,same_date_250707_high_ball_vs_outer,xgboost,data/raw/mcc5_thu_motor/MCC5-THU Motor/MCC5-THU Motor_torque_circulation/bearing_ball_H_torque_circulation_40Nm_3000rpm_250707143025d.csv,bearing_ball,bearing_ball,bearing_ball,179,torque_circulation,3000.0,40.0,0.9994646906852722,0.0005353886517696083,
45,same_date_250707_high_ball_vs_outer,250707,H,same_date_250707_high_ball_vs_outer,random_forest,data/raw/mcc5_thu_motor/MCC5-THU Motor/MCC5-THU Motor_speed_circulation/bearing_ball_H_speed_circulation_20Nm_2000rpm_250707143705.csv,bearing_ball,bearing_ball,bearing_ball,179,speed_circulation,2000.0,20.0,0.9817877094972067,0.018212290502793296,
45,same_date_250707_high_ball_vs_outer,250707,H,same_date_250707_high_ball_vs_outer,random_forest,data/raw/mcc5_thu_motor/MCC5-THU Motor/MCC5-THU Motor_speed_circulation/bearing_ball_H_speed_circulation_40Nm_1000rpm_250707143453.csv,bearing_ball,bearing_ball,bearing_ball,179,speed_circulation,1000.0,40.0,0.9539385474860335,0.046061452513966476,
45,same_date_250707_high_ball_vs_outer,250707,H,same_date_250707_high_ball_vs_outer,random_forest,data/raw/mcc5_thu_motor/MCC5-THU Motor/MCC5-THU Motor_torque_circulation/bearing_outer_H_torque_circulation_40Nm_2000rpm_250707104408d.csv,bearing_outer,bearing_outer,bearing_outer,179,torque_circulation,2000.0,40.0,0.0032960893854748602,0.9967039106145252,
45,same_date_250707_high_ball_vs_outer,250707,H,same_date_250707_high_ball_vs_outer,xgboost,data/raw/mcc5_thu_motor/MCC5-THU Motor/MCC5-THU Motor_speed_circulation/bearing_ball_H_speed_circulation_20Nm_2000rpm_250707143705.csv,bearing_ball,bearing_ball,bearing_ball,179,speed_circulation,2000.0,20.0,0.9897355437278748,0.010264378972351551,
45,same_date_250707_high_ball_vs_outer,250707,H,same_date_250707_high_ball_vs_outer,xgboost,data/raw/mcc5_thu_motor/MCC5-THU Motor/MCC5-THU Motor_speed_circulation/bearing_ball_H_speed_circulation_40Nm_1000rpm_250707143453.csv,bearing_ball,bearing_ball,bearing_ball,179,speed_circulation,1000.0,40.0,0.9834386706352234,0.01656131073832512,
45,same_date_250707_high_ball_vs_outer,250707,H,same_date_250707_high_ball_vs_outer,xgboost,data/raw/mcc5_thu_motor/MCC5-THU Motor/MCC5-THU Motor_torque_circulation/bearing_outer_H_torque_circulation_40Nm_2000rpm_250707104408d.csv,bearing_outer,bearing_outer,bearing_outer,179,torque_circulation,2000.0,40.0,0.0005417925422079861,0.9994581937789917,
46,same_date_250707_high_ball_vs_outer,250707,H,same_date_250707_high_ball_vs_outer,random_forest,data/raw/mcc5_thu_motor/MCC5-THU Motor/MCC5-THU Motor_speed_circulation/bearing_ball_H_speed_circulation_40Nm_1000rpm_250707143453.csv,bearing_ball,bearing_ball,bearing_ball,179,speed_circulation,1000.0,40.0,0.9626256983240222,0.037374301675977654,
46,same_date_250707_high_ball_vs_outer,250707,H,same_date_250707_high_ball_vs_outer,random_forest,data/raw/mcc5_thu_motor/MCC5-THU Motor/MCC5-THU Motor_torque_circulation/bearing_ball_H_torque_circulation_40Nm_2000rpm_250707142821d.csv,bearing_ball,bearing_ball,bearing_ball,179,torque_circulation,2000.0,40.0,0.9606983240223463,0.03930167597765363,
46,same_date_250707_high_ball_vs_outer,250707,H,same_date_250707_high_ball_vs_outer,random_forest,data/raw/mcc5_thu_motor/MCC5-THU Motor/MCC5-THU Motor_torque_circulation/bearing_outer_H_torque_circulation_40Nm_2000rpm_250707104408d.csv,bearing_outer,bearing_outer,bearing_outer,179,torque_circulation,2000.0,40.0,0.008324022346368715,0.9916759776536314,
46,same_date_250707_high_ball_vs_outer,250707,H,same_date_250707_high_ball_vs_outer,xgboost,data/raw/mcc5_thu_motor/MCC5-THU Motor/MCC5-THU Motor_speed_circulation/bearing_ball_H_speed_circulation_40Nm_1000rpm_250707143453.csv,bearing_ball,bearing_ball,bearing_ball,179,speed_circulation,1000.0,40.0,0.9908679127693176,0.009132045321166515,
46,same_date_250707_high_ball_vs_outer,250707,H,same_date_250707_high_ball_vs_outer,xgboost,data/raw/mcc5_thu_motor/MCC5-THU Motor/MCC5-THU Motor_torque_circulation/bearing_ball_H_torque_circulation_40Nm_2000rpm_250707142821d.csv,bearing_ball,bearing_ball,bearing_ball,179,torque_circulation,2000.0,40.0,0.9986883997917175,0.0013115229085087776,
46,same_date_250707_high_ball_vs_outer,250707,H,same_date_250707_high_ball_vs_outer,xgboost,data/raw/mcc5_thu_motor/MCC5-THU Motor/MCC5-THU Motor_torque_circulation/bearing_outer_H_torque_circulation_40Nm_2000rpm_250707104408d.csv,bearing_outer,bearing_outer,bearing_outer,179,torque_circulation,2000.0,40.0,0.000622797932010144,0.9993771910667419,
47,same_date_250707_high_ball_vs_outer,250707,H,same_date_250707_high_ball_vs_outer,random_forest,data/raw/mcc5_thu_motor/MCC5-THU Motor/MCC5-THU Motor_speed_circulation/bearing_outer_H_speed_circulation_40Nm_1000rpm_250707105055.csv,bearing_outer,bearing_outer,bearing_outer,179,speed_circulation,1000.0,40.0,0.062262569832402234,0.9377374301675976,
47,same_date_250707_high_ball_vs_outer,250707,H,same_date_250707_high_ball_vs_outer,random_forest,data/raw/mcc5_thu_motor/MCC5-THU Motor/MCC5-THU Motor_torque_circulation/bearing_ball_H_torque_circulation_20Nm_1000rpm_250707135802d.csv,bearing_ball,bearing_ball,bearing_ball,179,torque_circulation,1000.0,20.0,0.9950279329608936,0.0049720670391061456,
47,same_date_250707_high_ball_vs_outer,250707,H,same_date_250707_high_ball_vs_outer,random_forest,data/raw/mcc5_thu_motor/MCC5-THU Motor/MCC5-THU Motor_torque_circulation/bearing_ball_H_torque_circulation_40Nm_1000rpm_250707140440d.csv,bearing_ball,bearing_ball,bearing_ball,179,torque_circulation,1000.0,40.0,0.9746648044692736,0.02533519553072626,
47,same_date_250707_high_ball_vs_outer,250707,H,same_date_250707_high_ball_vs_outer,xgboost,data/raw/mcc5_thu_motor/MCC5-THU Motor/MCC5-THU Motor_speed_circulation/bearing_outer_H_speed_circulation_40Nm_1000rpm_250707105055.csv,bearing_outer,bearing_outer,bearing_outer,179,speed_circulation,1000.0,40.0,0.034343596547842026,0.9656564593315125,
47,same_date_250707_high_ball_vs_outer,250707,H,same_date_250707_high_ball_vs_outer,xgboost,data/raw/mcc5_thu_motor/MCC5-THU Motor/MCC5-THU Motor_torque_circulation/bearing_ball_H_torque_circulation_20Nm_1000rpm_250707135802d.csv,bearing_ball,bearing_ball,bearing_ball,179,torque_circulation,1000.0,20.0,0.9989009499549866,0.001099098357371986,
47,same_date_250707_high_ball_vs_outer,250707,H,same_date_250707_high_ball_vs_outer,xgboost,data/raw/mcc5_thu_motor/MCC5-THU Motor/MCC5-THU Motor_torque_circulation/bearing_ball_H_torque_circulation_40Nm_1000rpm_250707140440d.csv,bearing_ball,bearing_ball,bearing_ball,179,torque_circulation,1000.0,40.0,0.9990566968917847,0.000943271501455456,
48,same_date_250707_high_ball_vs_outer,250707,H,same_date_250707_high_ball_vs_outer,random_forest,data/raw/mcc5_thu_motor/MCC5-THU Motor/MCC5-THU Motor_speed_circulation/bearing_ball_H_speed_circulation_20Nm_1000rpm_250707143259.csv,bearing_ball,bearing_ball,bearing_ball,179,speed_circulation,1000.0,20.0,0.9731005586592179,0.02689944134078212,
48,same_date_250707_high_ball_vs_outer,250707,H,same_date_250707_high_ball_vs_outer,random_forest,data/raw/mcc5_thu_motor/MCC5-THU Motor/MCC5-THU Motor_speed_circulation/bearing_outer_H_speed_circulation_40Nm_3000rpm_250707105959.csv,bearing_outer,bearing_outer,bearing_outer,179,speed_circulation,3000.0,40.0,0.12905027932960894,0.8709497206703911,
48,same_date_250707_high_ball_vs_outer,250707,H,same_date_250707_high_ball_vs_outer,random_forest,data/raw/mcc5_thu_motor/MCC5-THU Motor/MCC5-THU Motor_torque_circulation/bearing_ball_H_torque_circulation_40Nm_1000rpm_250707140440d.csv,bearing_ball,bearing_ball,bearing_ball,179,torque_circulation,1000.0,40.0,0.9861731843575418,0.013826815642458098,
48,same_date_250707_high_ball_vs_outer,250707,H,same_date_250707_high_ball_vs_outer,xgboost,data/raw/mcc5_thu_motor/MCC5-THU Motor/MCC5-THU Motor_speed_circulation/bearing_ball_H_speed_circulation_20Nm_1000rpm_250707143259.csv,bearing_ball,bearing_ball,bearing_ball,179,speed_circulation,1000.0,20.0,0.997344434261322,0.0026555429212749004,
48,same_date_250707_high_ball_vs_outer,250707,H,same_date_250707_high_ball_vs_outer,xgboost,data/raw/mcc5_thu_motor/MCC5-THU Motor/MCC5-THU Motor_speed_circulation/bearing_outer_H_speed_circulation_40Nm_3000rpm_250707105959.csv,bearing_outer,bearing_outer,bearing_outer,179,speed_circulation,3000.0,40.0,0.004916546866297722,0.9950834512710571,
48,same_date_250707_high_ball_vs_outer,250707,H,same_date_250707_high_ball_vs_outer,xgboost,data/raw/mcc5_thu_motor/MCC5-THU Motor/MCC5-THU Motor_torque_circulation/bearing_ball_H_torque_circulation_40Nm_1000rpm_250707140440d.csv,bearing_ball,bearing_ball,bearing_ball,179,torque_circulation,1000.0,40.0,0.9994060397148132,0.0005938493413850665,
49,same_date_250707_high_ball_vs_outer,250707,H,same_date_250707_high_ball_vs_outer,random_forest,data/raw/mcc5_thu_motor/MCC5-THU Motor/MCC5-THU Motor_speed_circulation/bearing_ball_H_speed_circulation_20Nm_1000rpm_250707143259.csv,bearing_ball,bearing_ball,bearing_ball,179,speed_circulation,1000.0,20.0,0.9754189944134076,0.02458100558659218,
49,same_date_250707_high_ball_vs_outer,250707,H,same_date_250707_high_ball_vs_outer,random_forest,data/raw/mcc5_thu_motor/MCC5-THU Motor/MCC5-THU Motor_torque_circulation/bearing_ball_H_torque_circulation_40Nm_1000rpm_250707140440d.csv,bearing_ball,bearing_ball,bearing_ball,179,torque_circulation,1000.0,40.0,0.9958100558659218,0.004189944134078212,
49,same_date_250707_high_ball_vs_outer,250707,H,same_date_250707_high_ball_vs_outer,random_forest,data/raw/mcc5_thu_motor/MCC5-THU Motor/MCC5-THU Motor_torque_circulation/bearing_outer_H_torque_circulation_20Nm_1000rpm_250707103949d.csv,bearing_outer,bearing_outer,bearing_outer,179,torque_circulation,1000.0,20.0,0.02539106145251397,0.974608938547486,
49,same_date_250707_high_ball_vs_outer,250707,H,same_date_250707_high_ball_vs_outer,xgboost,data/raw/mcc5_thu_motor/MCC5-THU Motor/MCC5-THU Motor_speed_circulation/bearing_ball_H_speed_circulation_20Nm_1000rpm_250707143259.csv,bearing_ball,bearing_ball,bearing_ball,179,speed_circulation,1000.0,20.0,0.9977163076400757,0.0022836450953036547,
49,same_date_250707_high_ball_vs_outer,250707,H,same_date_250707_high_ball_vs_outer,xgboost,data/raw/mcc5_thu_motor/MCC5-THU Motor/MCC5-THU Motor_torque_circulation/bearing_ball_H_torque_circulation_40Nm_1000rpm_250707140440d.csv,bearing_ball,bearing_ball,bearing_ball,179,torque_circulation,1000.0,40.0,0.9994972348213196,0.0005027206498198211,
49,same_date_250707_high_ball_vs_outer,250707,H,same_date_250707_high_ball_vs_outer,xgboost,data/raw/mcc5_thu_motor/MCC5-THU Motor/MCC5-THU Motor_torque_circulation/bearing_outer_H_torque_circulation_20Nm_1000rpm_250707103949d.csv,bearing_outer,bearing_outer,bearing_outer,179,torque_circulation,1000.0,20.0,0.0005722012720070779,0.999427855014801,
50,same_date_250707_high_ball_vs_outer,250707,H,same_date_250707_high_ball_vs_outer,random_forest,data/raw/mcc5_thu_motor/MCC5-THU Motor/MCC5-THU Motor_speed_circulation/bearing_ball_H_speed_circulation_40Nm_3000rpm_250707144708.csv,bearing_ball,bearing_ball,bearing_ball,179,speed_circulation,3000.0,40.0,0.9466201117318436,0.05337988826815642,
50,same_date_250707_high_ball_vs_outer,250707,H,same_date_250707_high_ball_vs_outer,random_forest,data/raw/mcc5_thu_motor/MCC5-THU Motor/MCC5-THU Motor_speed_circulation/bearing_outer_H_speed_circulation_20Nm_3000rpm_250707105700.csv,bearing_outer,bearing_outer,bearing_outer,179,speed_circulation,3000.0,20.0,0.04765363128491621,0.9523463687150839,
50,same_date_250707_high_ball_vs_outer,250707,H,same_date_250707_high_ball_vs_outer,random_forest,data/raw/mcc5_thu_motor/MCC5-THU Motor/MCC5-THU Motor_torque_circulation/bearing_ball_H_torque_circulation_20Nm_1000rpm_250707135802d.csv,bearing_ball,bearing_ball,bearing_ball,179,torque_circulation,1000.0,20.0,0.9893854748603351,0.010614525139664807,
50,same_date_250707_high_ball_vs_outer,250707,H,same_date_250707_high_ball_vs_outer,xgboost,data/raw/mcc5_thu_motor/MCC5-THU Motor/MCC5-THU Motor_speed_circulation/bearing_ball_H_speed_circulation_40Nm_3000rpm_250707144708.csv,bearing_ball,bearing_ball,bearing_ball,179,speed_circulation,3000.0,40.0,0.9876605868339539,0.012339437380433083,
50,same_date_250707_high_ball_vs_outer,250707,H,same_date_250707_high_ball_vs_outer,xgboost,data/raw/mcc5_thu_motor/MCC5-THU Motor/MCC5-THU Motor_speed_circulation/bearing_outer_H_speed_circulation_20Nm_3000rpm_250707105700.csv,bearing_outer,bearing_outer,bearing_outer,179,speed_circulation,3000.0,20.0,0.0015704574761912227,0.998429536819458,
50,same_date_250707_high_ball_vs_outer,250707,H,same_date_250707_high_ball_vs_outer,xgboost,data/raw/mcc5_thu_motor/MCC5-THU Motor/MCC5-THU Motor_torque_circulation/bearing_ball_H_torque_circulation_20Nm_1000rpm_250707135802d.csv,bearing_ball,bearing_ball,bearing_ball,179,torque_circulation,1000.0,20.0,0.9980223178863525,0.0019777794368565083,
51,same_date_250707_high_ball_vs_outer,250707,H,same_date_250707_high_ball_vs_outer,random_forest,data/raw/mcc5_thu_motor/MCC5-THU Motor/MCC5-THU Motor_speed_circulation/bearing_ball_H_speed_circulation_40Nm_2000rpm_250707143905.csv,bearing_ball,bearing_ball,bearing_ball,179,speed_circulation,2000.0,40.0,0.9870949720670391,0.012905027932960897,
51,same_date_250707_high_ball_vs_outer,250707,H,same_date_250707_high_ball_vs_outer,random_forest,data/raw/mcc5_thu_motor/MCC5-THU Motor/MCC5-THU Motor_torque_circulation/bearing_ball_H_torque_circulation_20Nm_1000rpm_250707135802d.csv,bearing_ball,bearing_ball,bearing_ball,179,torque_circulation,1000.0,20.0,0.9996927374301675,0.0003072625698324023,
51,same_date_250707_high_ball_vs_outer,250707,H,same_date_250707_high_ball_vs_outer,random_forest,data/raw/mcc5_thu_motor/MCC5-THU Motor/MCC5-THU Motor_torque_circulation/bearing_outer_H_torque_circulation_40Nm_1000rpm_250707104154d.csv,bearing_outer,bearing_outer,bearing_outer,179,torque_circulation,1000.0,40.0,0.01058659217877095,0.9894134078212291,
51,same_date_250707_high_ball_vs_outer,250707,H,same_date_250707_high_ball_vs_outer,xgboost,data/raw/mcc5_thu_motor/MCC5-THU Motor/MCC5-THU Motor_speed_circulation/bearing_ball_H_speed_circulation_40Nm_2000rpm_250707143905.csv,bearing_ball,bearing_ball,bearing_ball,179,speed_circulation,2000.0,40.0,0.9935699105262756,0.006430136505514383,
51,same_date_250707_high_ball_vs_outer,250707,H,same_date_250707_high_ball_vs_outer,xgboost,data/raw/mcc5_thu_motor/MCC5-THU Motor/MCC5-THU Motor_torque_circulation/bearing_ball_H_torque_circulation_20Nm_1000rpm_250707135802d.csv,bearing_ball,bearing_ball,bearing_ball,179,torque_circulation,1000.0,20.0,0.9994097948074341,0.0005903150886297226,
51,same_date_250707_high_ball_vs_outer,250707,H,same_date_250707_high_ball_vs_outer,xgboost,data/raw/mcc5_thu_motor/MCC5-THU Motor/MCC5-THU Motor_torque_circulation/bearing_outer_H_torque_circulation_40Nm_1000rpm_250707104154d.csv,bearing_outer,bearing_outer,bearing_outer,179,torque_circulation,1000.0,40.0,0.0008915159851312637,0.9991084933280945,
42,same_date_250707_low_ball_vs_inner,250707,L,same_date_250707_low_ball_vs_inner,random_forest,data/raw/mcc5_thu_motor/MCC5-THU Motor/MCC5-THU Motor_speed_circulation/bearing_ball_L_speed_circulation_20Nm_2000rpm_250707160043.csv,bearing_ball,bearing_ball,bearing_ball,179,speed_circulation,2000.0,20.0,0.9969832402234635,,0.0030167597765363126
42,same_date_250707_low_ball_vs_inner,250707,L,same_date_250707_low_ball_vs_inner,random_forest,data/raw/mcc5_thu_motor/MCC5-THU Motor/MCC5-THU Motor_speed_circulation/bearing_inner_L_speed_circulation_20Nm_1000rpm_250707113842.csv,bearing_inner,bearing_inner,bearing_inner,179,speed_circulation,1000.0,20.0,0.04393854748603352,,0.9560614525139665
42,same_date_250707_low_ball_vs_inner,250707,L,same_date_250707_low_ball_vs_inner,random_forest,data/raw/mcc5_thu_motor/MCC5-THU Motor/MCC5-THU Motor_speed_circulation/bearing_inner_L_speed_circulation_40Nm_1000rpm_250707114105.csv,bearing_inner,bearing_inner,bearing_inner,179,speed_circulation,1000.0,40.0,0.055027932960893866,,0.9449720670391063
42,same_date_250707_low_ball_vs_inner,250707,L,same_date_250707_low_ball_vs_inner,random_forest,data/raw/mcc5_thu_motor/MCC5-THU Motor/MCC5-THU Motor_torque_circulation/bearing_ball_L_torque_circulation_20Nm_3000rpm_250707153938d.csv,bearing_ball,bearing_ball,bearing_ball,179,torque_circulation,3000.0,20.0,0.9428212290502792,,0.057178770949720674
42,same_date_250707_low_ball_vs_inner,250707,L,same_date_250707_low_ball_vs_inner,xgboost,data/raw/mcc5_thu_motor/MCC5-THU Motor/MCC5-THU Motor_speed_circulation/bearing_ball_L_speed_circulation_20Nm_2000rpm_250707160043.csv,bearing_ball,bearing_ball,bearing_ball,179,speed_circulation,2000.0,20.0,0.9990836977958679,,0.0009163593058474362
42,same_date_250707_low_ball_vs_inner,250707,L,same_date_250707_low_ball_vs_inner,xgboost,data/raw/mcc5_thu_motor/MCC5-THU Motor/MCC5-THU Motor_speed_circulation/bearing_inner_L_speed_circulation_20Nm_1000rpm_250707113842.csv,bearing_inner,bearing_inner,bearing_inner,179,speed_circulation,1000.0,20.0,0.012937134131789207,,0.9870627522468567
42,same_date_250707_low_ball_vs_inner,250707,L,same_date_250707_low_ball_vs_inner,xgboost,data/raw/mcc5_thu_motor/MCC5-THU Motor/MCC5-THU Motor_speed_circulation/bearing_inner_L_speed_circulation_40Nm_1000rpm_250707114105.csv,bearing_inner,bearing_inner,bearing_inner,179,speed_circulation,1000.0,40.0,0.013898271135985851,,0.9861016869544983
42,same_date_250707_low_ball_vs_inner,250707,L,same_date_250707_low_ball_vs_inner,xgboost,data/raw/mcc5_thu_motor/MCC5-THU Motor/MCC5-THU Motor_torque_circulation/bearing_ball_L_torque_circulation_20Nm_3000rpm_250707153938d.csv,bearing_ball,bearing_ball,bearing_ball,179,torque_circulation,3000.0,20.0,0.999432384967804,,0.000567656010389328
43,same_date_250707_low_ball_vs_inner,250707,L,same_date_250707_low_ball_vs_inner,random_forest,data/raw/mcc5_thu_motor/MCC5-THU Motor/MCC5-THU Motor_speed_circulation/bearing_ball_L_speed_circulation_20Nm_1000rpm_250707154858.csv,bearing_ball,bearing_ball,bearing_ball,179,speed_circulation,1000.0,20.0,0.9668156424581006,,0.03318435754189945
43,same_date_250707_low_ball_vs_inner,250707,L,same_date_250707_low_ball_vs_inner,random_forest,data/raw/mcc5_thu_motor/MCC5-THU Motor/MCC5-THU Motor_speed_circulation/bearing_ball_L_speed_circulation_40Nm_1000rpm_250707155133.csv,bearing_ball,bearing_ball,bearing_ball,179,speed_circulation,1000.0,40.0,0.951536312849162,,0.04846368715083799
43,same_date_250707_low_ball_vs_inner,250707,L,same_date_250707_low_ball_vs_inner,random_forest,data/raw/mcc5_thu_motor/MCC5-THU Motor/MCC5-THU Motor_speed_circulation/bearing_inner_L_speed_circulation_40Nm_2000rpm_250707114548.csv,bearing_inner,bearing_inner,bearing_inner,179,speed_circulation,2000.0,40.0,0.002318435754189944,,0.9976815642458099
43,same_date_250707_low_ball_vs_inner,250707,L,same_date_250707_low_ball_vs_inner,random_forest,data/raw/mcc5_thu_motor/MCC5-THU Motor/MCC5-THU Motor_torque_circulation/bearing_inner_L_torque_circulation_40Nm_3000rpm_250707113444d.csv,bearing_inner,bearing_inner,bearing_inner,179,torque_circulation,3000.0,40.0,0.0002793296089385475,,0.9997206703910614
43,same_date_250707_low_ball_vs_inner,250707,L,same_date_250707_low_ball_vs_inner,xgboost,data/raw/mcc5_thu_motor/MCC5-THU Motor/MCC5-THU Motor_speed_circulation/bearing_ball_L_speed_circulation_20Nm_1000rpm_250707154858.csv,bearing_ball,bearing_ball,bearing_ball,179,speed_circulation,1000.0,20.0,0.9686278700828552,,0.031372085213661194
43,same_date_250707_low_ball_vs_inner,250707,L,same_date_250707_low_ball_vs_inner,xgboost,data/raw/mcc5_thu_motor/MCC5-THU Motor/MCC5-THU Motor_speed_circulation/bearing_ball_L_speed_circulation_40Nm_1000rpm_250707155133.csv,bearing_ball,bearing_ball,bearing_ball,179,speed_circulation,1000.0,40.0,0.9414524435997009,,0.05854751914739609
43,same_date_250707_low_ball_vs_inner,250707,L,same_date_250707_low_ball_vs_inner,xgboost,data/raw/mcc5_thu_motor/MCC5-THU Motor/MCC5-THU Motor_speed_circulation/bearing_inner_L_speed_circulation_40Nm_2000rpm_250707114548.csv,bearing_inner,bearing_inner,bearing_inner,179,speed_circulation,2000.0,40.0,0.0006709425360895693,,0.9993290305137634
43,same_date_250707_low_ball_vs_inner,250707,L,same_date_250707_low_ball_vs_inner,xgboost,data/raw/mcc5_thu_motor/MCC5-THU Motor/MCC5-THU Motor_torque_circulation/bearing_inner_L_torque_circulation_40Nm_3000rpm_250707113444d.csv,bearing_inner,bearing_inner,bearing_inner,179,torque_circulation,3000.0,40.0,0.0006317596416920424,,0.9993681907653809
44,same_date_250707_low_ball_vs_inner,250707,L,same_date_250707_low_ball_vs_inner,random_forest,data/raw/mcc5_thu_motor/MCC5-THU Motor/MCC5-THU Motor_speed_circulation/bearing_inner_L_speed_circulation_40Nm_1000rpm_250707114105.csv,bearing_inner,bearing_inner,bearing_inner,179,speed_circulation,1000.0,40.0,0.020754189944134076,,0.9792458100558658
44,same_date_250707_low_ball_vs_inner,250707,L,same_date_250707_low_ball_vs_inner,random_forest,data/raw/mcc5_thu_motor/MCC5-THU Motor/MCC5-THU Motor_torque_circulation/bearing_ball_L_torque_circulation_20Nm_2000rpm_250707153733d.csv,bearing_ball,bearing_ball,bearing_ball,179,torque_circulation,2000.0,20.0,0.9998882681564247,,0.000111731843575419
44,same_date_250707_low_ball_vs_inner,250707,L,same_date_250707_low_ball_vs_inner,random_forest,data/raw/mcc5_thu_motor/MCC5-THU Motor/MCC5-THU Motor_torque_circulation/bearing_ball_L_torque_circulation_40Nm_3000rpm_250707154630d.csv,bearing_ball,bearing_ball,bearing_ball,179,torque_circulation,3000.0,40.0,1.0,,0.0
44,same_date_250707_low_ball_vs_inner,250707,L,same_date_250707_low_ball_vs_inner,random_forest,data/raw/mcc5_thu_motor/MCC5-THU Motor/MCC5-THU Motor_torque_circulation/bearing_inner_L_torque_circulation_40Nm_3000rpm_250707113444d.csv,bearing_inner,bearing_inner,bearing_inner,179,torque_circulation,3000.0,40.0,0.002458100558659218,,0.9975418994413408
44,same_date_250707_low_ball_vs_inner,250707,L,same_date_250707_low_ball_vs_inner,xgboost,data/raw/mcc5_thu_motor/MCC5-THU Motor/MCC5-THU Motor_speed_circulation/bearing_inner_L_speed_circulation_40Nm_1000rpm_250707114105.csv,bearing_inner,bearing_inner,bearing_inner,179,speed_circulation,1000.0,40.0,0.0019437394803389907,,0.9980562329292297
44,same_date_250707_low_ball_vs_inner,250707,L,same_date_250707_low_ball_vs_inner,xgboost,data/raw/mcc5_thu_motor/MCC5-THU Motor/MCC5-THU Motor_torque_circulation/bearing_ball_L_torque_circulation_20Nm_2000rpm_250707153733d.csv,bearing_ball,bearing_ball,bearing_ball,179,torque_circulation,2000.0,20.0,0.9996554255485535,,0.00034452270483598113
44,same_date_250707_low_ball_vs_inner,250707,L,same_date_250707_low_ball_vs_inner,xgboost,data/raw/mcc5_thu_motor/MCC5-THU Motor/MCC5-THU Motor_torque_circulation/bearing_ball_L_torque_circulation_40Nm_3000rpm_250707154630d.csv,bearing_ball,bearing_ball,bearing_ball,179,torque_circulation,3000.0,40.0,0.999579906463623,,0.00042009237222373486
44,same_date_250707_low_ball_vs_inner,250707,L,same_date_250707_low_ball_vs_inner,xgboost,data/raw/mcc5_thu_motor/MCC5-THU Motor/MCC5-THU Motor_torque_circulation/bearing_inner_L_torque_circulation_40Nm_3000rpm_250707113444d.csv,bearing_inner,bearing_inner,bearing_inner,179,torque_circulation,3000.0,40.0,0.0008137456024996936,,0.9991862773895264
45,same_date_250707_low_ball_vs_inner,250707,L,same_date_250707_low_ball_vs_inner,random_forest,data/raw/mcc5_thu_motor/MCC5-THU Motor/MCC5-THU Motor_speed_circulation/bearing_ball_L_speed_circulation_20Nm_2000rpm_250707160043.csv,bearing_ball,bearing_ball,bearing_ball,179,speed_circulation,2000.0,20.0,0.9972346368715084,,0.00276536312849162
45,same_date_250707_low_ball_vs_inner,250707,L,same_date_250707_low_ball_vs_inner,random_forest,data/raw/mcc5_thu_motor/MCC5-THU Motor/MCC5-THU Motor_speed_circulation/bearing_ball_L_speed_circulation_40Nm_1000rpm_250707155133.csv,bearing_ball,bearing_ball,bearing_ball,179,speed_circulation,1000.0,40.0,0.9845530726256984,,0.015446927374301674
45,same_date_250707_low_ball_vs_inner,250707,L,same_date_250707_low_ball_vs_inner,random_forest,data/raw/mcc5_thu_motor/MCC5-THU Motor/MCC5-THU Motor_speed_circulation/bearing_inner_L_speed_circulation_40Nm_3000rpm_250707114941.csv,bearing_inner,bearing_inner,bearing_inner,179,speed_circulation,3000.0,40.0,0.016508379888268157,,0.983491620111732
45,same_date_250707_low_ball_vs_inner,250707,L,same_date_250707_low_ball_vs_inner,random_forest,data/raw/mcc5_thu_motor/MCC5-THU Motor/MCC5-THU Motor_torque_circulation/bearing_inner_L_torque_circulation_40Nm_1000rpm_250707113035d.csv,bearing_inner,bearing_inner,bearing_inner,179,torque_circulation,1000.0,40.0,0.0022625698324022347,,0.997737430167598
45,same_date_250707_low_ball_vs_inner,250707,L,same_date_250707_low_ball_vs_inner,xgboost,data/raw/mcc5_thu_motor/MCC5-THU Motor/MCC5-THU Motor_speed_circulation/bearing_ball_L_speed_circulation_20Nm_2000rpm_250707160043.csv,bearing_ball,bearing_ball,bearing_ball,179,speed_circulation,2000.0,20.0,0.9965350031852722,,0.0034650007728487253
45,same_date_250707_low_ball_vs_inner,250707,L,same_date_250707_low_ball_vs_inner,xgboost,data/raw/mcc5_thu_motor/MCC5-THU Motor/MCC5-THU Motor_speed_circulation/bearing_ball_L_speed_circulation_40Nm_1000rpm_250707155133.csv,bearing_ball,bearing_ball,bearing_ball,179,speed_circulation,1000.0,40.0,0.97722989320755,,0.022770103067159653
45,same_date_250707_low_ball_vs_inner,250707,L,same_date_250707_low_ball_vs_inner,xgboost,data/raw/mcc5_thu_motor/MCC5-THU Motor/MCC5-THU Motor_speed_circulation/bearing_inner_L_speed_circulation_40Nm_3000rpm_250707114941.csv,bearing_inner,bearing_inner,bearing_inner,179,speed_circulation,3000.0,40.0,0.0013036984018981457,,0.9986962676048279
45,same_date_250707_low_ball_vs_inner,250707,L,same_date_250707_low_ball_vs_inner,xgboost,data/raw/mcc5_thu_motor/MCC5-THU Motor/MCC5-THU Motor_torque_circulation/bearing_inner_L_torque_circulation_40Nm_1000rpm_250707113035d.csv,bearing_inner,bearing_inner,bearing_inner,179,torque_circulation,1000.0,40.0,0.00048369436990469694,,0.9995163083076477
46,same_date_250707_low_ball_vs_inner,250707,L,same_date_250707_low_ball_vs_inner,random_forest,data/raw/mcc5_thu_motor/MCC5-THU Motor/MCC5-THU Motor_speed_circulation/bearing_ball_L_speed_circulation_40Nm_1000rpm_250707155133.csv,bearing_ball,bearing_ball,bearing_ball,179,speed_circulation,1000.0,40.0,0.9772067039106145,,0.022793296089385476
46,same_date_250707_low_ball_vs_inner,250707,L,same_date_250707_low_ball_vs_inner,random_forest,data/raw/mcc5_thu_motor/MCC5-THU Motor/MCC5-THU Motor_speed_circulation/bearing_inner_L_speed_circulation_40Nm_2000rpm_250707114548.csv,bearing_inner,bearing_inner,bearing_inner,179,speed_circulation,2000.0,40.0,0.004022346368715084,,0.9959776536312849
46,same_date_250707_low_ball_vs_inner,250707,L,same_date_250707_low_ball_vs_inner,random_forest,data/raw/mcc5_thu_motor/MCC5-THU Motor/MCC5-THU Motor_torque_circulation/bearing_ball_L_torque_circulation_40Nm_2000rpm_250707154410d.csv,bearing_ball,bearing_ball,bearing_ball,179,torque_circulation,2000.0,40.0,0.999776536312849,,0.000223463687150838
46,same_date_250707_low_ball_vs_inner,250707,L,same_date_250707_low_ball_vs_inner,random_forest,data/raw/mcc5_thu_motor/MCC5-THU Motor/MCC5-THU Motor_torque_circulation/bearing_inner_L_torque_circulation_40Nm_1000rpm_250707113035d.csv,bearing_inner,bearing_inner,bearing_inner,179,torque_circulation,1000.0,40.0,0.0012849162011173184,,0.9987150837988827
46,same_date_250707_low_ball_vs_inner,250707,L,same_date_250707_low_ball_vs_inner,xgboost,data/raw/mcc5_thu_motor/MCC5-THU Motor/MCC5-THU Motor_speed_circulation/bearing_ball_L_speed_circulation_40Nm_1000rpm_250707155133.csv,bearing_ball,bearing_ball,bearing_ball,179,speed_circulation,1000.0,40.0,0.98992919921875,,0.010070773772895336
46,same_date_250707_low_ball_vs_inner,250707,L,same_date_250707_low_ball_vs_inner,xgboost,data/raw/mcc5_thu_motor/MCC5-THU Motor/MCC5-THU Motor_speed_circulation/bearing_inner_L_speed_circulation_40Nm_2000rpm_250707114548.csv,bearing_inner,bearing_inner,bearing_inner,179,speed_circulation,2000.0,40.0,0.0009351709159091115,,0.9990648627281189
46,same_date_250707_low_ball_vs_inner,250707,L,same_date_250707_low_ball_vs_inner,xgboost,data/raw/mcc5_thu_motor/MCC5-THU Motor/MCC5-THU Motor_torque_circulation/bearing_ball_L_torque_circulation_40Nm_2000rpm_250707154410d.csv,bearing_ball,bearing_ball,bearing_ball,179,torque_circulation,2000.0,40.0,0.9996290802955627,,0.0003709814336616546
46,same_date_250707_low_ball_vs_inner,250707,L,same_date_250707_low_ball_vs_inner,xgboost,data/raw/mcc5_thu_motor/MCC5-THU Motor/MCC5-THU Motor_torque_circulation/bearing_inner_L_torque_circulation_40Nm_1000rpm_250707113035d.csv,bearing_inner,bearing_inner,bearing_inner,179,torque_circulation,1000.0,40.0,0.0004647713794838637,,0.9995352625846863
47,same_date_250707_low_ball_vs_inner,250707,L,same_date_250707_low_ball_vs_inner,random_forest,data/raw/mcc5_thu_motor/MCC5-THU Motor/MCC5-THU Motor_speed_circulation/bearing_inner_L_speed_circulation_20Nm_1000rpm_250707113842.csv,bearing_inner,bearing_inner,bearing_inner,179,speed_circulation,1000.0,20.0,0.03511173184357542,,0.9648882681564248
47,same_date_250707_low_ball_vs_inner,250707,L,same_date_250707_low_ball_vs_inner,random_forest,data/raw/mcc5_thu_motor/MCC5-THU Motor/MCC5-THU Motor_speed_circulation/bearing_inner_L_speed_circulation_40Nm_1000rpm_250707114105.csv,bearing_inner,bearing_inner,bearing_inner,179,speed_circulation,1000.0,40.0,0.04977653631284916,,0.950223463687151
47,same_date_250707_low_ball_vs_inner,250707,L,same_date_250707_low_ball_vs_inner,random_forest,data/raw/mcc5_thu_motor/MCC5-THU Motor/MCC5-THU Motor_torque_circulation/bearing_ball_L_torque_circulation_20Nm_1000rpm_250707153516d.csv,bearing_ball,bearing_ball,bearing_ball,179,torque_circulation,1000.0,20.0,0.9924022346368714,,0.007597765363128494
47,same_date_250707_low_ball_vs_inner,250707,L,same_date_250707_low_ball_vs_inner,random_forest,data/raw/mcc5_thu_motor/MCC5-THU Motor/MCC5-THU Motor_torque_circulation/bearing_ball_L_torque_circulation_40Nm_1000rpm_250707154144d.csv,bearing_ball,bearing_ball,bearing_ball,179,torque_circulation,1000.0,40.0,0.9966480446927373,,0.00335195530726257
47,same_date_250707_low_ball_vs_inner,250707,L,same_date_250707_low_ball_vs_inner,xgboost,data/raw/mcc5_thu_motor/MCC5-THU Motor/MCC5-THU Motor_speed_circulation/bearing_inner_L_speed_circulation_20Nm_1000rpm_250707113842.csv,bearing_inner,bearing_inner,bearing_inner,179,speed_circulation,1000.0,20.0,0.003318104660138488,,0.9966819286346436
47,same_date_250707_low_ball_vs_inner,250707,L,same_date_250707_low_ball_vs_inner,xgboost,data/raw/mcc5_thu_motor/MCC5-THU Motor/MCC5-THU Motor_speed_circulation/bearing_inner_L_speed_circulation_40Nm_1000rpm_250707114105.csv,bearing_inner,bearing_inner,bearing_inner,179,speed_circulation,1000.0,40.0,0.0041234190575778484,,0.9958765506744385
47,same_date_250707_low_ball_vs_inner,250707,L,same_date_250707_low_ball_vs_inner,xgboost,data/raw/mcc5_thu_motor/MCC5-THU Motor/MCC5-THU Motor_torque_circulation/bearing_ball_L_torque_circulation_20Nm_1000rpm_250707153516d.csv,bearing_ball,bearing_ball,bearing_ball,179,torque_circulation,1000.0,20.0,0.9995994567871094,,0.000400570803321898
47,same_date_250707_low_ball_vs_inner,250707,L,same_date_250707_low_ball_vs_inner,xgboost,data/raw/mcc5_thu_motor/MCC5-THU Motor/MCC5-THU Motor_torque_circulation/bearing_ball_L_torque_circulation_40Nm_1000rpm_250707154144d.csv,bearing_ball,bearing_ball,bearing_ball,179,torque_circulation,1000.0,40.0,0.9995939135551453,,0.000406165374442935
48,same_date_250707_low_ball_vs_inner,250707,L,same_date_250707_low_ball_vs_inner,random_forest,data/raw/mcc5_thu_motor/MCC5-THU Motor/MCC5-THU Motor_speed_circulation/bearing_ball_L_speed_circulation_20Nm_1000rpm_250707154858.csv,bearing_ball,bearing_ball,bearing_ball,179,speed_circulation,1000.0,20.0,0.9891340782122905,,0.010865921787709495
48,same_date_250707_low_ball_vs_inner,250707,L,same_date_250707_low_ball_vs_inner,random_forest,data/raw/mcc5_thu_motor/MCC5-THU Motor/MCC5-THU Motor_speed_circulation/bearing_inner_L_speed_circulation_40Nm_3000rpm_250707114941.csv,bearing_inner,bearing_inner,bearing_inner,179,speed_circulation,3000.0,40.0,0.01377094972067039,,0.9862290502793297
48,same_date_250707_low_ball_vs_inner,250707,L,same_date_250707_low_ball_vs_inner,random_forest,data/raw/mcc5_thu_motor/MCC5-THU Motor/MCC5-THU Motor_torque_circulation/bearing_ball_L_torque_circulation_40Nm_1000rpm_250707154144d.csv,bearing_ball,bearing_ball,bearing_ball,179,torque_circulation,1000.0,40.0,0.999832402234637,,0.0001675977653631285
48,same_date_250707_low_ball_vs_inner,250707,L,same_date_250707_low_ball_vs_inner,random_forest,data/raw/mcc5_thu_motor/MCC5-THU Motor/MCC5-THU Motor_torque_circulation/bearing_inner_L_torque_circulation_40Nm_3000rpm_250707113444d.csv,bearing_inner,bearing_inner,bearing_inner,179,torque_circulation,3000.0,40.0,0.0024860335195530728,,0.997513966480447
48,same_date_250707_low_ball_vs_inner,250707,L,same_date_250707_low_ball_vs_inner,xgboost,data/raw/mcc5_thu_motor/MCC5-THU Motor/MCC5-THU Motor_speed_circulation/bearing_ball_L_speed_circulation_20Nm_1000rpm_250707154858.csv,bearing_ball,bearing_ball,bearing_ball,179,speed_circulation,1000.0,20.0,0.9985345005989075,,0.0014654381666332483
48,same_date_250707_low_ball_vs_inner,250707,L,same_date_250707_low_ball_vs_inner,xgboost,data/raw/mcc5_thu_motor/MCC5-THU Motor/MCC5-THU Motor_speed_circulation/bearing_inner_L_speed_circulation_40Nm_3000rpm_250707114941.csv,bearing_inner,bearing_inner,bearing_inner,179,speed_circulation,3000.0,40.0,0.0013511483557522297,,0.9986488819122314
48,same_date_250707_low_ball_vs_inner,250707,L,same_date_250707_low_ball_vs_inner,xgboost,data/raw/mcc5_thu_motor/MCC5-THU Motor/MCC5-THU Motor_torque_circulation/bearing_ball_L_torque_circulation_40Nm_1000rpm_250707154144d.csv,bearing_ball,bearing_ball,bearing_ball,179,torque_circulation,1000.0,40.0,0.9996795654296875,,0.00032042720704339445
48,same_date_250707_low_ball_vs_inner,250707,L,same_date_250707_low_ball_vs_inner,xgboost,data/raw/mcc5_thu_motor/MCC5-THU Motor/MCC5-THU Motor_torque_circulation/bearing_inner_L_torque_circulation_40Nm_3000rpm_250707113444d.csv,bearing_inner,bearing_inner,bearing_inner,179,torque_circulation,3000.0,40.0,0.0006313996855169535,,0.9993686676025391
49,same_date_250707_low_ball_vs_inner,250707,L,same_date_250707_low_ball_vs_inner,random_forest,data/raw/mcc5_thu_motor/MCC5-THU Motor/MCC5-THU Motor_speed_circulation/bearing_ball_L_speed_circulation_20Nm_1000rpm_250707154858.csv,bearing_ball,bearing_ball,bearing_ball,179,speed_circulation,1000.0,20.0,0.9909776536312849,,0.009022346368715083
49,same_date_250707_low_ball_vs_inner,250707,L,same_date_250707_low_ball_vs_inner,random_forest,data/raw/mcc5_thu_motor/MCC5-THU Motor/MCC5-THU Motor_speed_circulation/bearing_inner_L_speed_circulation_40Nm_1000rpm_250707114105.csv,bearing_inner,bearing_inner,bearing_inner,179,speed_circulation,1000.0,40.0,0.01941340782122905,,0.980586592178771
49,same_date_250707_low_ball_vs_inner,250707,L,same_date_250707_low_ball_vs_inner,random_forest,data/raw/mcc5_thu_motor/MCC5-THU Motor/MCC5-THU Motor_torque_circulation/bearing_ball_L_torque_circulation_40Nm_1000rpm_250707154144d.csv,bearing_ball,bearing_ball,bearing_ball,179,torque_circulation,1000.0,40.0,0.9999720670391061,,2.793296089385475e-05
49,same_date_250707_low_ball_vs_inner,250707,L,same_date_250707_low_ball_vs_inner,random_forest,data/raw/mcc5_thu_motor/MCC5-THU Motor/MCC5-THU Motor_torque_circulation/bearing_inner_L_torque_circulation_20Nm_1000rpm_250707112415d.csv,bearing_inner,bearing_inner,bearing_inner,179,torque_circulation,1000.0,20.0,0.0016480446927374303,,0.9983519553072625
49,same_date_250707_low_ball_vs_inner,250707,L,same_date_250707_low_ball_vs_inner,xgboost,data/raw/mcc5_thu_motor/MCC5-THU Motor/MCC5-THU Motor_speed_circulation/bearing_ball_L_speed_circulation_20Nm_1000rpm_250707154858.csv,bearing_ball,bearing_ball,bearing_ball,179,speed_circulation,1000.0,20.0,0.9981604218482971,,0.0018395546358078718
49,same_date_250707_low_ball_vs_inner,250707,L,same_date_250707_low_ball_vs_inner,xgboost,data/raw/mcc5_thu_motor/MCC5-THU Motor/MCC5-THU Motor_speed_circulation/bearing_inner_L_speed_circulation_40Nm_1000rpm_250707114105.csv,bearing_inner,bearing_inner,bearing_inner,179,speed_circulation,1000.0,40.0,0.0016290858620777726,,0.9983709454536438
49,same_date_250707_low_ball_vs_inner,250707,L,same_date_250707_low_ball_vs_inner,xgboost,data/raw/mcc5_thu_motor/MCC5-THU Motor/MCC5-THU Motor_torque_circulation/bearing_ball_L_torque_circulation_40Nm_1000rpm_250707154144d.csv,bearing_ball,bearing_ball,bearing_ball,179,torque_circulation,1000.0,40.0,0.9996954798698425,,0.0003045103803742677
49,same_date_250707_low_ball_vs_inner,250707,L,same_date_250707_low_ball_vs_inner,xgboost,data/raw/mcc5_thu_motor/MCC5-THU Motor/MCC5-THU Motor_torque_circulation/bearing_inner_L_torque_circulation_20Nm_1000rpm_250707112415d.csv,bearing_inner,bearing_inner,bearing_inner,179,torque_circulation,1000.0,20.0,0.00039513150113634765,,0.9996048808097839
50,same_date_250707_low_ball_vs_inner,250707,L,same_date_250707_low_ball_vs_inner,random_forest,data/raw/mcc5_thu_motor/MCC5-THU Motor/MCC5-THU Motor_speed_circulation/bearing_ball_L_speed_circulation_40Nm_3000rpm_250707160826.csv,bearing_ball,bearing_ball,bearing_ball,179,speed_circulation,3000.0,40.0,0.9834916201117316,,0.016508379888268157
50,same_date_250707_low_ball_vs_inner,250707,L,same_date_250707_low_ball_vs_inner,random_forest,data/raw/mcc5_thu_motor/MCC5-THU Motor/MCC5-THU Motor_speed_circulation/bearing_inner_L_speed_circulation_20Nm_3000rpm_250707114743.csv,bearing_inner,bearing_inner,bearing_inner,179,speed_circulation,3000.0,20.0,0.001005586592178771,,0.9989944134078211
50,same_date_250707_low_ball_vs_inner,250707,L,same_date_250707_low_ball_vs_inner,random_forest,data/raw/mcc5_thu_motor/MCC5-THU Motor/MCC5-THU Motor_speed_circulation/bearing_inner_L_speed_circulation_40Nm_1000rpm_250707114105.csv,bearing_inner,bearing_inner,bearing_inner,179,speed_circulation,1000.0,40.0,0.019301675977653632,,0.9806983240223462
50,same_date_250707_low_ball_vs_inner,250707,L,same_date_250707_low_ball_vs_inner,random_forest,data/raw/mcc5_thu_motor/MCC5-THU Motor/MCC5-THU Motor_torque_circulation/bearing_ball_L_torque_circulation_20Nm_1000rpm_250707153516d.csv,bearing_ball,bearing_ball,bearing_ball,179,torque_circulation,1000.0,20.0,0.9943296089385473,,0.0056703910614525135
50,same_date_250707_low_ball_vs_inner,250707,L,same_date_250707_low_ball_vs_inner,xgboost,data/raw/mcc5_thu_motor/MCC5-THU Motor/MCC5-THU Motor_speed_circulation/bearing_ball_L_speed_circulation_40Nm_3000rpm_250707160826.csv,bearing_ball,bearing_ball,bearing_ball,179,speed_circulation,3000.0,40.0,0.9986631274223328,,0.0013369040098041296
50,same_date_250707_low_ball_vs_inner,250707,L,same_date_250707_low_ball_vs_inner,xgboost,data/raw/mcc5_thu_motor/MCC5-THU Motor/MCC5-THU Motor_speed_circulation/bearing_inner_L_speed_circulation_20Nm_3000rpm_250707114743.csv,bearing_inner,bearing_inner,bearing_inner,179,speed_circulation,3000.0,20.0,0.0005568379419855773,,0.9994431734085083
50,same_date_250707_low_ball_vs_inner,250707,L,same_date_250707_low_ball_vs_inner,xgboost,data/raw/mcc5_thu_motor/MCC5-THU Motor/MCC5-THU Motor_speed_circulation/bearing_inner_L_speed_circulation_40Nm_1000rpm_250707114105.csv,bearing_inner,bearing_inner,bearing_inner,179,speed_circulation,1000.0,40.0,0.0012135065626353025,,0.998786449432373
50,same_date_250707_low_ball_vs_inner,250707,L,same_date_250707_low_ball_vs_inner,xgboost,data/raw/mcc5_thu_motor/MCC5-THU Motor/MCC5-THU Motor_torque_circulation/bearing_ball_L_torque_circulation_20Nm_1000rpm_250707153516d.csv,bearing_ball,bearing_ball,bearing_ball,179,torque_circulation,1000.0,20.0,0.9996591210365295,,0.00034088914981111884
51,same_date_250707_low_ball_vs_inner,250707,L,same_date_250707_low_ball_vs_inner,random_forest,data/raw/mcc5_thu_motor/MCC5-THU Motor/MCC5-THU Motor_speed_circulation/bearing_ball_L_speed_circulation_40Nm_2000rpm_250707160240.csv,bearing_ball,bearing_ball,bearing_ball,179,speed_circulation,2000.0,40.0,0.9933519553072626,,0.00664804469273743
51,same_date_250707_low_ball_vs_inner,250707,L,same_date_250707_low_ball_vs_inner,random_forest,data/raw/mcc5_thu_motor/MCC5-THU Motor/MCC5-THU Motor_speed_circulation/bearing_inner_L_speed_circulation_20Nm_1000rpm_250707113842.csv,bearing_inner,bearing_inner,bearing_inner,179,speed_circulation,1000.0,20.0,0.009273743016759777,,0.9907262569832402
51,same_date_250707_low_ball_vs_inner,250707,L,same_date_250707_low_ball_vs_inner,random_forest,data/raw/mcc5_thu_motor/MCC5-THU Motor/MCC5-THU Motor_torque_circulation/bearing_ball_L_torque_circulation_20Nm_1000rpm_250707153516d.csv,bearing_ball,bearing_ball,bearing_ball,179,torque_circulation,1000.0,20.0,0.9990782122905029,,0.0009217877094972067
51,same_date_250707_low_ball_vs_inner,250707,L,same_date_250707_low_ball_vs_inner,random_forest,data/raw/mcc5_thu_motor/MCC5-THU Motor/MCC5-THU Motor_torque_circulation/bearing_inner_L_torque_circulation_20Nm_3000rpm_250707112823d.csv,bearing_inner,bearing_inner,bearing_inner,179,torque_circulation,3000.0,20.0,0.0023743016759776537,,0.9976256983240225
51,same_date_250707_low_ball_vs_inner,250707,L,same_date_250707_low_ball_vs_inner,xgboost,data/raw/mcc5_thu_motor/MCC5-THU Motor/MCC5-THU Motor_speed_circulation/bearing_ball_L_speed_circulation_40Nm_2000rpm_250707160240.csv,bearing_ball,bearing_ball,bearing_ball,179,speed_circulation,2000.0,40.0,0.9929628968238831,,0.007037071045488119
51,same_date_250707_low_ball_vs_inner,250707,L,same_date_250707_low_ball_vs_inner,xgboost,data/raw/mcc5_thu_motor/MCC5-THU Motor/MCC5-THU Motor_speed_circulation/bearing_inner_L_speed_circulation_20Nm_1000rpm_250707113842.csv,bearing_inner,bearing_inner,bearing_inner,179,speed_circulation,1000.0,20.0,0.006304279435425997,,0.9936956763267517
51,same_date_250707_low_ball_vs_inner,250707,L,same_date_250707_low_ball_vs_inner,xgboost,data/raw/mcc5_thu_motor/MCC5-THU Motor/MCC5-THU Motor_torque_circulation/bearing_ball_L_torque_circulation_20Nm_1000rpm_250707153516d.csv,bearing_ball,bearing_ball,bearing_ball,179,torque_circulation,1000.0,20.0,0.9996128082275391,,0.00038713624235242605
51,same_date_250707_low_ball_vs_inner,250707,L,same_date_250707_low_ball_vs_inner,xgboost,data/raw/mcc5_thu_motor/MCC5-THU Motor/MCC5-THU Motor_torque_circulation/bearing_inner_L_torque_circulation_20Nm_3000rpm_250707112823d.csv,bearing_inner,bearing_inner,bearing_inner,179,torque_circulation,3000.0,20.0,0.005783484783023596,,0.9942165017127991
